:020000041000EA
:1000000000B5324B212058609868022188439860DF
:10001000D860186158612E4B002199600221596106
:100020000121F02299502B49196001219960352056
:1000300000F044F80222904214D00621196600F024
:1000400034F8196E01211966002018661A6600F04E
:100050002CF8196E196E196E052000F02FF8012189
:100060000842F9D1002199601B49196000215960AB
:100070001A491B48016001219960EB211966A021F2
:10008000196600F012F800219960164914480160C1
:100090000121996001BC002800D000471248134993
:1000A000086003C880F30888084703B5996A0420EC
:1000B0000142FBD001200142F8D103BD02B5186610
:1000C0001866FFF7F2FF186E186E02BD00000240BE
:1000D000000000180000070000035F00212200005C
:1000E000F4000018222000A00001001008ED00E03C
:1000F00000000000000000000000000074B24E7A12
:1001000000200420F7010010CB010010CD010010E9
:10011000C9010010C9010010C9010010C901001077
:10012000C9010010C9010010C9010010CF01001061
:10013000C9010010C9010010D1010010D301001045
:10014000C1010010C1010010C1010010C101001067
:10015000C1010010C1010010C1010010C101001057
:10016000C1010010C1010010C1010010C101001047
:10017000C1010010C1010010C1010010C101001037
:10018000C1010010C1010010C1010010C101001027
:10019000C1010010C1010010C1010010C101001017
:1001A000C1010010C1010010C1010010C101001007
:1001B000C1010010C1010010C1010010C1010010F7
:1001C000EFF30580103800BE00BE00BE00BE00BECA
:1001D00000BE00BEF2EB887198360510B8360510E7
:1001E0003802001090A31AE71E481F49086006C88D
:1001F00081F3088810471D480068002801D019487D
:10020000F3E70DA40ECC002902D000F012F8F9E7B4
:100210001749184A002000E001C19142FCD116495B
:100220008847164988471649884700BEFDE701C937
:1002300001C29A42FBD37047B8360510E000002097
:10024000701200204848051000000420000004201F
:100250004848051000100420001004200000000091
:10026000704700000000000008ED00E0000000D032
:100270007012002078890020B5500010F50200109F
:10028000AD500010F8B5C04606480749091A8B1052
:10029000C90FC91810B5491003D0044B002B00D06A
:1002A000984710BD7012002070120020000000005E
:1002B000054B10B5002B03D00449054800E000BFF2
:1002C000FFF7E2FF10BDC04600000000F8770020F5
:1002D0002496011010B504001F2101F0FBF9002243
:1002E0002000002101F00EFA0021200001F0E0FAC8
:1002F00010BDC046F0B5CE46474680B583B005F088
:1003000003F818F0FDFD1A20FFF7E4FF1B20FFF7AC
:10031000E1FF00F0E7F900F00BFA00F011FB00F04C
:10032000FBFE00F049F800F07BFF18F0FBFE6A4688
:100330001E4B6C4603CB03C2684618F00FFF00F05B
:100340004DFB1B4B1B4F98460023994613E03B780F
:10035000002B25D100F058F9002803D100F0FAFE57
:1003600000F0B2FD2800310000F0C6FB00F0B2FF43
:10037000642002F06BFA200018F046FF6579A67938
:100380002800310000F04EF843461B78002BDED0E9
:1003900043464A461A7000F03FF93B78002BD9D00B
:1003A0004B463B7000F052F9D4E7C0462896011046
:1003B000628900206389002070B5154C81222500D8
:1003C00000211F3D200003F08BFA28001F22114955
:1003D00019F01AF82023082220000126EA540E49B9
:1003E000023317320930EE5419F00EF848230C226C
:1003F0002000EA540949023313323130EE5419F027
:1004000003F87023064AEA520233EE5470BDC04628
:100410000F1B0020309601104096011054960110D9
:10042000131E0000F0B5C646744E050033688846BA
:1004300000B5002B25DA2223714CE35C002B03D09E
:100440002023E35C834243D04A23E35C002B03D0A8
:100450004823E35CAB4259D07223E35C002B04D009
:100460007023E35CAB4200D16FE09A23E35C002B86
:1004700004D09823E35CAB4200D186E080BCB84650
:10048000F0BD02F0F3FA002900D19EE0FA22002329
:10049000920002F091FEFA21890002F04FFE594BC2
:1004A0001B68C01A96235B009842E7D9326854480B
:1004B00093009B18DB00C0180300032223331A703B
:1004C00000F05AFF00F0C6F901235B423360D5E724
:1004D0002123E35C8B42B7D10023336002F0C6FADC
:1004E00000297CD0FA220023920002F065FEFA2156
:1004F000890002F023FE23230022424FE254386099
:1005000000F02CF9200000F0D3FB9DE74923E35CC9
:100510004345A1D10123336002F0A8FA002968D035
:10052000FA220023920002F047FEFA21890002F02D
:1005300005FE4B230022334FE254386000F00EF9E1
:100540002000283000F0B4FB86E77123E35C4345CC
:1005500000D08AE70223336002F088FA002943D0F2
:10056000FA220023920002F027FEFA21890002F00D
:10057000E5FD73230022234FE254386000F0EEF8CB
:100580002000503000F094FB6FE79923E35C434573
:1005900000D073E70323336002F068FA002919D012
:1005A000FA220023920002F007FEFA21890002F0ED
:1005B000C5FD9B230022134DE254286000F0CEF8C5
:1005C0002000783000F074FB58E7FA21890002F02F
:1005D000B5FD60E7FA21890002F0B0FDE5E7FA21F8
:1005E000890002F0ABFD82E7FA21890002F0A6FD46
:1005F000BBE7FA21890002F0A1FD96E7381100203F
:10060000F01A0020EC1A0020024B1868C043C00FFB
:100610007047C0463811002010B50A4C2268002AE5
:100620000FDB930008489B18DB00C0180300012271
:1006300023331A7000F0A0FE00F0B8F801235B42EB
:10064000236010BD38110020F01A002010B50A4CAC
:100650002268002A0FDB930008489B18DB00C018B3
:100660000300022223331A7000F086FE00F0F2F835
:1006700001235B42236010BD38110020F01A0020D6
:1006800010B5040002F0F2F9002912D0FA2200237A
:10069000920002F091FD052C11D0062C08D10D4AD4
:1006A0001368C31A322B03D901210B4B1970106048
:1006B00010BDFA21890002F041FD052CEDD1074A59
:1006C0001368C31A322BF3D90121054B197010603E
:1006D000EEE7C046D434002063890020D0340020E7
:1006E0006289002010B50520D02401F0F3F8202302
:1006F0002406A36200220121052001F003F8062050
:1007000001F0E8F840230022A3620121062000F056
:10071000F9FF064B01220421052001F041F80122D6
:100720000421062001F012F810BDC0468106001019
:1007300010B50421152000F0CDFF0222044B1A60F1
:10074000044B1A6801231340034A136010BDC046CE
:100750000089002028000540281005400C4B1A682D
:1007600093009B180B4A9B0099181F224A600A4A63
:100770000A610A4A10680A4A4240120C09481204E7
:100780000260012209688A4307495B181A607047B2
:10079000008900200000054003FC000034000540F3
:1007A0000000017E341005400010054070B5224D58
:1007B00001242A68214E93009B1827229B00991937
:1007C0004A601F4A0A611F4A10681F4A4240120CC1
:1007D0001E48120402600A68210091430A001C4965
:1007E00078205B181A6002F031F82A6818499300E3
:1007F0009B189B009A1912685B1822401A605020BF
:1008000002F024F821002A68782093009B189B00AE
:100810009A19126891430A000D495B181A6002F098
:1008200015F82A6893009B189B009A1912681440C7
:10083000074A9B181C6070BD00890020000005401D
:1008400065FA0000340005400000327D3410054098
:1008500000100540064B1A6893009B18054A9B0040
:100860009A18116801220A4003495B181A60704700
:10087000008900200000054000100540F0B58423E9
:10088000A5B000246A462C4D9B0193813C21022394
:10089000009403AA280018F03BFC6B463C219C8185
:1008A00003AA02230094280018F032FCFE236A46B3
:1008B000DB0193813C210223009403AA280018F055
:1008C00027FC88236A469B0193813C2102230094E4
:1008D00003AA280018F01CFC6B463C219C8103AA4B
:1008E00002230094280018F013FCE0236A46DB0082
:1008F00093813C210223009403AA280018F008FCED
:1009000040236A461373802300260C4CDB00E71853
:100910000D236B4421008022180002F0E7FF803491
:1009200081233C212800009603AA18F0F1FBA7427E
:10093000EED125B0F0BDC04658120020A42C0020F6
:10094000F0B5C64600B5214F88B02149380018F0EF
:10095000B7FB03210E2000F0BDFE03210F2000F0A5
:10096000B9FE002201210E2000F0CCFE0121002260
:100970000F2000F0C7FE03AC642001F067FF2200E7
:10098000144B002623CB23C2196802AD11601B79DA
:1009900013711D236B44984623782E706B702A00C8
:1009A00002233C2138000096013418F0B1FB444585
:1009B000F2D180220021D200074802F091FFFFF718
:1009C0005DFF08B080BCB846F0BDC046581200209C
:1009D000801A0600F4B70110A42C00208022F8B57C
:1009E000414C00212000D20002F07AFF21001C209F
:1009F00000271D313D4D3E4EFF312B78002B1DD081
:100A0000202B4AD01A00303A092A4AD82E3B7C289B
:100A100014D09A00D3189A5DF3180A705A780135E9
:100A20004A709A7806308A70DA781B79CA700B712E
:100A30002B784F71C0B20631002BE1D184231021F5
:100A400000269B00E0182A4D2A4C2378002B1DD04D
:100A5000202B24D01A00303A092A2AD82E3B7C2990
:100A600014D09A00D3185A5DEB1802705A780134EA
:100A700042709A7806318270DA781B79C2700371FD
:100A800023784671C9B20630002BE1D1FFF7F6FE9C
:100A9000FA20C00001F0DAFEF8BD0023B7E700231A
:100AA000DDE73A2B0DD01A00413A192A0DD8343B14
:100AB000ADE73A2B07D01A00413A192A0CD8343B3B
:100AC000CDE70C23A3E70C23C9E70630C0B2822888
:100AD000B4D00135063190E70631C9B28229D5D0AC
:100AE00001340630B1E7C046A42C00206096011006
:100AF00030B7011068960110F0B5674B06001D78FD
:100B00000F0089B0002D01D009B0F0BD8022634CE8
:100B10000021D200200002F0E3FE330014210097F0
:100B20005F4A03A804F084FA0023210024209C4695
:100B30005C4FA43103AE3378002B1FD0202B73D031
:100B40001A00303A092A00D982E02E3B7B2815D8BA
:100B50009A00D318DA5DFB180A705A7801364A7089
:100B60009A7806308A70DA781B79CA700B716346FE
:100B70004B713378C0B20631002BDFD10023210046
:100B800000209C468131484E464FFF313378002B80
:100B90001ED0202B4AD01A00303A092A48D82E3BC2
:100BA0007B2815D89A00D318DA5DFB180A705A789A
:100BB00001364A709A7806308A70DA781B79CA70E2
:100BC0000B7163464B713378C0B20631002BE0D114
:100BD000802300269B0035493248E4180B78002B0F
:100BE0001DD0202B1ED01A00303A092A28D82E3BBF
:100BF0007B2D14D89A00D3181A5CC31822705A7827
:100C0000013162709A780635A270DA781B79E27049
:100C100023710B786671EDB20634002BE1D1FFF73A
:100C20002DFE71E70023E3E700238FE70023B7E7FA
:100C30003A2B17D01A00413A192A25D8343BAFE78E
:100C40003A2B0DD01A00413A192A16D8343BCFE777
:100C50003A2B09D01A00413A192A07D8343B75E7D4
:100C60000C23C5E70C239BE70C236FE70630C0B2CB
:100C7000842883D0013606315DE70635EDB2842D38
:100C8000CDD001310634A9E70630C0B284289FD008
:100C9000013606317AE7C04667890020A42C00207F
:100CA0008896011030B70110749601107C960110DF
:100CB0000122F8B57E4B7F4C1A708022002105007E
:100CC000D200200002F00CFE002304209C467A4E45
:100CD0007A4F211D3378002B20D0202B00D198E0B3
:100CE0001A00303A092A00D9ABE02E3B7C2815D0F7
:100CF0009A00D318DA5DFB180A705A7801364A70E8
:100D00009A7806308A70DA781B79CA700B7163465C
:100D10004B713378C0B20631002BDED100200027A2
:100D2000611C664EFF312B78002B1FD0202B00D189
:100D300071E01A00303A092A00D98AE02E3B7B285C
:100D400014D89A00D3189A5DF3180A705A784F7124
:100D50004A709A7801358A70DA781B79CA700B71FB
:100D60002B780630C0B20631002BDFD18023002063
:100D700000279B00524D514EE1182B78002B1DD0BF
:100D8000202B4AD01A00303A092A4AD82E3B7B2819
:100D900014D89A00D3189A5DF3180A705A7801355E
:100DA0004A709A7806308A70DA781B79CA700B71AB
:100DB0002B784F71C0B20631002BE1D1A023002166
:100DC00000269B003F483D4DE4180378002B1DD0C2
:100DD000202B24D01A00303A092A2AD82E3B7B290E
:100DE00014D89A00D3185A5DEB1822705A78013043
:100DF00062709A780631A270DA781B79E2702371FA
:100E000003786671C9B20634002BE1D1FFF736FDD5
:100E1000F8BD00236AE7002391E70023B7E700232A
:100E2000DDE73A2B21D01A00413A192A21D8343B68
:100E3000ADE73A2B1BD01A00413A192A20D8343B8F
:100E4000CDE73A2B0DD01A00413A192A1FD8343B6E
:100E50004CE73A2B07D01A00413A192A1FD8343BE5
:100E60006DE70C2342E70C2369E70C238FE70C2383
:100E7000B5E70630C0B28428A0D0013506317CE742
:100E80000631C9B28429C1D0013006349DE706304D
:100E9000C0B2822800D141E7013606311AE7063098
:100EA000C0B2842800D161E7013506313BE7C04676
:100EB00067890020A42C00209496011030B70110FF
:100EC000A4960110B0960110431E70B5012B06D9EF
:100ED000052800D070BD0022874B1A70FAE7022265
:100EE000854B1A70854A1368022800D101E1002B56
:100EF00001DD013B13608022814C00212000D200E3
:100F000002F0EEFC0023210000209C467D4D7E4E29
:100F10002B78002B20D0202B00D19CE01A00303AF7
:100F2000092A00D9AFE02E3B7B2815D89A00D318A8
:100F30009A5DF3180A705A7801354A709A7806302B
:100F40008A70DA781B79CA700B7163464B712B7803
:100F5000C0B20631002BDED1002300209C46611C6C
:100F60006A4D694EFF312B78002B1FD0202B74D097
:100F70001A00303A092A00D98DE02E3B7B2815D87B
:100F80009A00D3189A5DF3180A705A7801354A709E
:100F90009A7806308A70DA781B79CA700B716346CA
:100FA0004B712B78C0B20631002BDFD1002321001A
:100FB00000209C468131564D534EFF312B78002B3B
:100FC0001ED0202B4BD01A00303A092A4BD82E3B8A
:100FD0007B2815D89A00D3189A5DF3180A705A78AE
:100FE00001354A709A7806308A70DA781B79CA70AF
:100FF0000B7163464B712B78C0B20631002BE0D1E8
:101000008023002100269B0042483F4DE4180378CE
:10101000002B1DD0202B24D01A00303A092A2AD8C0
:101020002E3B7B2914D89A00D3185A5DEB182270F6
:101030005A78013062709A780631A270DA781B799A
:10104000E270237103786671C9B20634002BE1D1D6
:10105000FFF714FC3EE7002366E700238EE700233A
:10106000B6E70023DDE73A2B21D01A00413A192ACE
:1010700021D8343BACE73A2B1BD01A00413A192A4D
:1010800020D8343BCDE73A2B0DD01A00413A192A2B
:101090001FD8343B48E73A2B07D01A00413A192AA7
:1010A0001FD8343B6AE70C233EE70C2366E70C238A
:1010B0008EE70C23B5E70630C0B28428A0D00135F6
:1010C00006317BE70631C9B28429C1D0013006342C
:1010D0009DE70630C0B2842800D13DE701350631D6
:1010E00016E70630C0B2842800D15FE7013506312B
:1010F00039E701331360FEE667890020A430002041
:10110000A42C0020BC96011030B70110C896011025
:10111000D8960110E896011010B517F0F1FE1F21C6
:101120001A2000F0D7FA002200211A2000F0EAFA73
:1011300000211A2000F0BCFB1F211B2000F0CAFA7E
:10114000002200211B2000F0DDFA00211B2000F00E
:10115000AFFB10BDE0211D4AC90113680B401C49BB
:101160000B6004211B4B1960FC3113680B42FCD04F
:101170005068126883B29C4680235B015340E02292
:10118000D2011340124A802113600422114B4900FE
:101190001A600E4A13680B42FCD05368C9229200B1
:1011A000944502D899B291420BD91B041A0C0A4BF0
:1011B0009A4208D80004000C8342804140428000DB
:1011C00070470020FCE70220FAE7C04600C0044058
:1011D00000D0044000E004402503000000B583B0C7
:1011E00051425141054B1970002A05D10449054867
:1011F00004F05AF903B000BD0349F8E766890020FE
:10120000F8960110149701100497011010B50029E9
:1012100000D110BD014804F047F9FAE7209701100A
:1012200030B58BB011F07AFC002835D111F00CFCF0
:101230001B4C1C48210004F037F920001A491B4BB5
:101240001B4A11F00FFC051E21D11A4804F0AAF820
:1012500017F0EEF9184C2060002816D01822002153
:1012600004A802F03DFB154B6A4603933C2302A9F8
:101270001348138311F01AF803AA2068114B019246
:101280000095114A02A917F0DBF90BB030BD290017
:101290000E4804F009F9F8E70D4804F083F8F4E784
:1012A0005C970110689701108497011010270000C7
:1012B00004004000A4970110C81D0020B897011039
:1012C000C8970110DD1100105B0700009097011016
:1012D0004097011010B58AB011F014FC1E4B1B781A
:1012E000002B31D11D4B1C001B68002B2CD001F0B2
:1012F000BDFB00292AD0FA220023920001F05CFFF6
:10130000174A18491368C31A8B421DD9106017F089
:101310008FF92060002817D01822002104A802F0BD
:10132000DFFA114B6A4603933C2302A90F4813834B
:1013300010F0BCFF03AA2068019200220C4B00921F
:1013400002A90C4A17F07CF90AB010BDFA218900F5
:1013500001F0F4FED4E7C04666890020C81D0020D5
:10136000D834002010270000B8970110C89701104A
:10137000DD1100105B07000010B51D4BA4B01B78F9
:10138000002B31D01B4C2368002B2DD02323C25CB3
:10139000013AD2B2022A25D8174B9200D3580293B1
:1013A0002123C35C802101932023C35C134A009353
:1013B000030004A803F03CFE04A818F055F800222E
:1013C00083B220680E4C0392019201320D490092C3
:1013D000029404AA16F082FF0B4804A904F064F8F2
:1013E00024B010BD094BDAE7094803F0DBFFF7E74B
:1013F00066890020C81D002008B80110109801104F
:101400000D1200104098011050980110DC97011047
:10141000E8970110D0231B061B68F0B5A94ADE46E9
:101420004E46454657469900884651585A425341C0
:101430002F22E0B55B429343A34A83B09B189B469F
:1014400000260191002939D0A04B0F279A465A4611
:10145000F30808339B009D58012334009946083651
:10146000002D22D0390029402D0900291AD05346D9
:1014700042469A582300E240203BDB1713404A467D
:1014800013420DD107220800224092009040020032
:10149000E3088F483C339B001A502000019B98477B
:1014A000002D02D00134B442DCD3202ECFD103B0C2
:1014B000F0BCBB46B246A946A046F0BD0F23834A06
:1014C0000192CC08220058460F00083292001258B0
:1014D0000837002A00D1CDE01800104084461009DA
:1014E00013421AD04546019E7559AA4620256D42E1
:1014F000A94689444D46ED17A9465546CD402E00D4
:101500004D4635400126354204D16646704D3C3487
:10151000A4006651002800D1ACE01C000440A446A1
:10152000140A034219D0481C81464046019D4E468C
:10153000285805000800F5401F38C017284001252D
:10154000284207D165462D01F0082E003C30604D41
:1015500080004651002C00D18CE0180020408446C9
:10156000100B234211D08C1CA1464446019D4E46CF
:101570002C5925000C00F5401E3CE4172C40012599
:101580002C4200D181E0002874D01C000440A44605
:10159000140C034210D0C81C81464046019D4E46A3
:1015A000285805000800F5401D38C01728400125BF
:1015B000284273D0002C5DD0180020408146100DC9
:1015C00023420ED00C1DA4464546404C6459654646
:1015D000EC4025000C001C3CE40F2C4267D0002896
:1015E00048D01C000440A446140E034217D0481DE6
:1015F00081464546354840594D46E84005000800BB
:101600001B38C00F284208D1654648462D052E00DC
:10161000C0082F4D3C3080004651002C2AD01800C5
:1016200020408446120F234229D0454627488C1D6E
:1016300082464059E040050008001A38C00F284291
:1016400006D1E0086446224D3C3024068000445117
:101650000731002A0ED05046444604590800CC40B9
:101660002038C00F204205D1C90819483C31120763
:1016700089000A50202F00D119E7390021E7002AFC
:10168000F8D0124807318246E5E765462D02F40896
:101690002E003C340E4DA400665174E765462D03C0
:1016A000F0082E003C300A4D8000465182E74D463E
:1016B00064462D042E00E408054D3C34A400665118
:1016C0008DE7C046AC1D002030410140DC87002082
:1016D0000040014010B54024074A83009A18126860
:1016E000C0005440C0222240044C1B191A60044B15
:1016F000C018416010BDC04604C0014004D0014084
:1017000000400140064B8000C3181B68C9009200CE
:101710000A435A400C231340024A80180360704762
:1017200004C0014004D001408000002904D0054BD2
:10173000C018022303607047034BC01802230360E4
:10174000F9E7C04604E0014004F00140D0231B0645
:101750001B6810B514005A4253412F225B42934339
:101760000D4A9B18C208944607221040624680002A
:1017700081403C32094892001150604680001B189D
:10178000002C04D0802292019B18196010BDC02249
:1017900092019B181960F9E7304101400040014077
:1017A000F0B54F464646D646C0B5D0273F068846D8
:1017B0009A4619003B68224E9D00914672590400DA
:1017C000002A2DD0002935D0524672515A42534139
:1017D0002F225B4293431B4A40469B18072222401C
:1017E00092009040E1080200080089005B18494619
:1017F000154C3C308000025100290CD08021890119
:101800005B180D2001211A6000F090F9E0BCBA4687
:10181000B146A846F0BDC02189015B181A60F5E702
:101820000029D3D0715100220D20084900F0DEF9C3
:101830003B68CBE70D20054900F0BEFA3B68C3E7E3
:10184000AC1D002030410140004001401514001043
:10185000F0B5D026C646360633680C4D9B00904640
:10186000EA5804000F0000B5104209D139001443B2
:101870000D204246EC5000F0B9F980BCB846F0BDEE
:1018800001F002FB33689B00EA58EFE7DC87002099
:1018900010B504000D2000F08FFAD0231B061B6842
:1018A00002499B005A58A2435A5010BDDC870020C1
:1018B0008000002904D0054BC01840230360704706
:1018C000034BC01840230360F9E7C04604E0014021
:1018D00004F001400123D0228340120693629361F9
:1018E000084A83009A1811684022514080320A4009
:1018F0000549C0005B181A60044BC01805234360FB
:101900007047C04604C0014004D00140004001407F
:101910008023DB051868000F7047C0460FB400B580
:10192000084883B003F03EFD049B002B07D005A9B7
:101930001800019103F0A0FB034803F033FD0120E0
:1019400003F0B2FB7C980110A0970110EFF3108018
:1019500072B6034A1368002BFCD0BFF35F8F704749
:101960002C0100D0BFF35F8F0022024B1A6080F37E
:10197000108870472C0100D070B58C461600EFF32C
:10198000108472B60F490B68002BFCD0BFF35F8F39
:101990006346DB08C5180722C05C63461A40012372
:1019A00093401A000240034207D118432870BFF346
:1019B0005F8F0A6084F3108870BD61463000FFF7C6
:1019C000ADFFC0462C0100D0F8B5CE4647468C4648
:1019D00080B51C00EFF3108872B61C490B68002B11
:1019E000FCD0BFF35F8FA24221D80723994602E0C3
:1019F0000132944218D34946012611408E40D30843
:101A0000C718C35C1E42F3D1100033433B70BFF3D1
:101A10005F8F00220D4B1A6088F3108800280EDBC0
:101A2000C0BCB946B046F8BD01204042EFE7BFF365
:101A30005F8F00230B6088F31088012040426346CB
:101A4000002BEDD00898FFF769FFC0462C0100D0AD
:101A500010B584460A00EFF3108472B60B490B6888
:101A6000002BFCD0BFF35F8F0723D0081340012267
:101A70009A4063461B5C934362461354BFF35F8FE7
:101A800000230B6084F3108810BDC0462C0100D0E9
:101A9000044A1078431CDBB2172B00D910231370B3
:101AA0007047C0463C11002000B5054B83B00100D3
:101AB000009318221F230348FFF786FF03B000BDE1
:101AC0008C980110BC1D00200021044B044ABFF378
:101AD0005F8F02C39342FAD17047C046000100D025
:101AE000800100D0084B094A1360094A1360094A73
:101AF0001360094A1360094A1360094A1360094ACE
:101B00001360094A136070478080808000E400E021
:101B100004E400E008E400E00CE400E010E400E08D
:101B200014E400E018E400E01CE400E01F23184087
:101B30001E3B8340002905D0C021044A4900535070
:101B400013607047802201498B50FAE700E100E002
:101B500001228240034B1B6813405A1E9341D8B2A6
:101B60007047C04600E100E001238340014A136052
:101B70007047C04600E200E0054B10309B688000D3
:101B8000C358044A00209B1A2F229A4240417047B2
:101B900000ED00E04011002070B50D00EFF310865D
:101BA00072B60F4A1368002BFCD0BFF35F8F0D4B4A
:101BB00010309B6884001B590B4A934203D09D420E
:101BC00001D001F061F9074B9B681D51BFF35F8F96
:101BD000BFF35F8F0022024B1A6086F3108870BD3E
:101BE000240100D000ED00E0C1010010F0B5DE4698
:101BF00057464E464546E0B5824683B08B461700B1
:101C0000EFF3108872B6604A1368002BFCD0BFF364
:101C10005F8F00255D4B5D579946002D00DA9AE0F5
:101C20004A466B005A4C5E19B6000193A319009303
:101C30009B791370574B9A68534610339B00D158C9
:101C400099460B1B2F2B32D9534B994200D098E069
:101C5000019B0236ED18514BAD006353504BA61952
:101C6000043B9B1B4F4A1B055B0D651913436B809F
:101C70004D4B0121AB80FF23AB715B46AB60009BFA
:101C8000EF710B4319004A46424B9B689950BFF3D2
:101C90005F8FBFF35F8F00223B4B1A6088F3108881
:101CA00003B0F0BCBB46B246A946A046F0BD012039
:101CB0000A008243D379B446BB422DD83B4BB51CB6
:101CC000190013001B1B5B415943090D8C46334B14
:101CD0006519A353324B0099043B5B1B1B05314D27
:101CE0005B0D2B4304364B80A619131F9B1B1B0552
:101CF0005B0D1D4363468B715B468B602C4B8D8067
:101D0000CF7113600143BEE75800C018800020184F
:101D1000C679BE4225D902000623D356002BF3DA3A
:101D20009A46131D9C4623486346009E9571043EC7
:101D3000F61A36051B4B760D1E43019B96805A19E9
:101D400053469200A418A3715B46194AA0802260F2
:101D5000E771A36097E701F097F800254B465D57C0
:101D60005EE766469A46131D9C46908804364005F9
:101D70000015A6196044801B00050A4E400D304333
:101D8000D2E701F081F863E7240100D06C890020DC
:101D90004011002000ED00E0C101001000A1FFFF94
:101DA0007011002000E0FFFF01BDFFFFAAAA0000A4
:101DB0000148804701BD0000F0B54546DE46574664
:101DC0004E46E0B50D0083B0EFF3108872B6604A5E
:101DD0001368002BFCD0BFF35F8F5E4B5E499A689F
:101DE000030010339F00D45999468C423ED0AC4238
:101DF0004FD05A4EA21B2F2A38D8594B1A689C46EE
:101E000013000122824013401F22024001209A4603
:101E100090406346802283469850BFF35F8FEFF374
:101E200005830193002B36D0994501D001F02CF8A1
:101E3000012322009A439068854208D176E04B0046
:101E40005B189B00F3189868854236D01A0006216B
:101E500051560029F3DA854254D05346002B27D03F
:101E6000C02259463E4B520099501960394B9B682D
:101E7000DC51BFF35F8FBFF35F8F0022344B1A60DA
:101E800088F3108803B0F0BCBB46B246A946A04612
:101E9000F0BD0C00EAE7220001339A4390688542C6
:101EA000D5D106201056130000280ADA0C0031E0C4
:101EB000802359462A4AD150D8E7062018560028D0
:101EC00021DB42001118890075188946A9689960BC
:101ED000E979D971062169569971002924DBAD8809
:101EE000F11A6D052D154D44491909051D4D490D72
:101EF0002943998013181C4A9B001178F318997193
:101F00001070AAE713000199002914D1FF319171D3
:101F10001649918014490A789A71154A9B1B5B41B6
:101F20005A43120D0A7098E71049E2E7062010564E
:101F300013000028C5DA0F4A0F49D21A083A500296
:101F4000400D014399800D4952080A43DA8084E725
:101F5000240100D000ED00E0C1010010401100207C
:101F600000E100E000E0FFFF6C89002001BDFFFF01
:101F7000AAAA00007A11002000F0FFFF00F8FFFF7E
:101F8000084A83089B009B181A6810B514000322A6
:101F90001040C000FC3282409443220081400A433A
:101FA0001A6010BD00E400E00123034370B59C46B5
:101FB000EFF30581EFF3108572B6214A1368002B09
:101FC000FCD0BFF35F8F1F4B04001F4AE41A64412B
:101FD0006243120D1D4C8900A66852B276586645C0
:101FE0001CD00621595691421CD0122159569142BB
:101FF00022D01E215956914220D02A21595603241D
:10200000914210D0124B19781A708171BFF35F8F13
:1020100000220B4B1A6085F3108870BDA3680D4C2D
:102020005C50EFE700246100091989005B18FF216B
:10203000997109499980E5E70124F4E70224F2E760
:10204000240100D040110020AAAA000000ED00E009
:102050006C890020C101001001BDFFFF1F2110B5D8
:10206000091A0248FFF7F4FC10BDC046778900202A
:1020700000B5074B83B001000093002205230548FB
:10208000FFF7A2FC002801DB1F23181A03B000BDD4
:10209000A89801107789002070B504000E00150083
:1020A000FFF7F6FC0100200000F006F8A680E580AE
:1020B000BFF35F8F70BDC046024BC9188900016035
:1020C0007047C0464000003470B5114C114DAC4211
:1020D0000FD2FF262368002B0CD0FFF7D9FC01009C
:1020E0002000FFF7E9FFA680BFF35F8F0834AC4202
:1020F000F0D370BDFFF7CCFC01002000FFF7DCFF40
:102100002671BFF35F8F0834AC42E3D3F1E7C046DA
:10211000681200207012002010B50400FFF7B8FC10
:1021200001002000FFF7C8FFFF232371BFF35F8F7B
:1021300010BDC04610B50400FFF7AAFC0100200046
:10214000FFF7BAFFFF23A380BFF35F8F10BDC04628
:1021500010B504000120FFF7A7FC034BC018800056
:102160002060BFF35F8F10BD40000034034BC918DF
:1021700089000160BFF35F8F7047C04640000034A4
:102180000A4B1968EFF3108072B60A68002AFCD077
:10219000BFF35F8F1B68BFF35F8F00221A6080F36D
:1021A000108840BF002000217047C046FC880020F6
:1021B000F0B5DE4657464E464546E0B585B0EFF3EE
:1021C000058303221A40B34B91005F5801239340CB
:1021D0009B4602925A468846AF4B1A60AF4B039318
:1021E0005B46AF4843630823FE5E002E37DABB88A8
:1021F0001BB2002B00DBA4E0BB79002B00D0E5E094
:102200000823F95E002920DB4B007A695B18DB00AC
:10221000D3189D68DC686B1C00D104E1A048010064
:102220004144826A0B69AE1A9B1A9E4215D3012360
:10223000026A029883401A420FD0994800F00EFCBF
:102240008C4202DCCCD18542CAD940BF05B0F0BC7B
:10225000BB46B246A946A046F0BD0D61EDE77A69DE
:10226000730091469B19DB0099444B469C68DD68DE
:1022700000F0F4FB8D42BADC00D1F6E0002D00DA6C
:10228000DBE04A464B4652691B699246039A9342E9
:1022900000D1CCE04A460821785E528800045146BD
:1022A00010439847009001910099019A0B00134345
:1022B00000D1C2E013000A00002B00DBD9E02000AF
:1022C0002900801A99414B469860D96000229B5E94
:1022D000002B00DA8BE75D007C69EA18D200A218B7
:1022E00000949468D268A2468A4200DD7FE702D15A
:1022F000844200D97BE70824A4463B81BC44009C6F
:1023000000972F006546B4463E0006E05E00F218D6
:10231000D200A2189768D268BA468A4207DC00D178
:10232000B4E0F318DB00E518E35E002BEEDA664656
:102330004A46009F13802E80BB881BB2002B00DA18
:102340005AE73A69EFF3108172B61368002BFCD09C
:10235000BFF35F8F0123BE885B42BB8036B23B690F
:10236000BFF35F8F00221A6081F31088002E00DA1D
:1023700042E73B0008333A0099467D6973009B1998
:102380000824115FDB004846EB18002913DB9C682A
:102390000093A446DC6806E0A34240D00023F95E27
:1023A0003800002906DB4F007F18FF00EF19FB689B
:1023B000A342F1DD009B068000201E5E1980002EE6
:1023C000DCDA1700BB79002B00D119E70023BB71C1
:1023D0000823F95E4B1C00D137E73D000835AC46B9
:1023E0007C6903E084464B1C00D109E74B005B1875
:1023F000DB00E0180A00E15E43881BB2002BF1DA33
:1024000001256D42EE178560C66008257B5F93420B
:10241000E9D0634619803B8903803A81E3E7BB68D2
:102420006345BBD9C6E7631C00D0F7E605E7534612
:1024300050461B699847002823D14B461B883A69B0
:102440003B81EFF3108372B611680029FCD0BFF313
:102450005F8F49467A880A803A697E80BFF35F8F32
:102460000021116083F31088C1E6844200D805E79B
:10247000BDE60B4800F0F2FA009B019CC0186141D8
:1024800021E753460CCB009201930DE7824500D81B
:1024900047E74CE7187800203C700540B121001058
:1024A0000040054070B52D4C2569002D04D00A214F
:1024B0002B48FFF701FE70BD2A4E0321294800F08A
:1024C000C3FAE660FFF7E4FA274B0322C018D023D3
:1024D00022701B061B6801216370244B8000A360DF
:1024E0000F2320610220638063694942A180198023
:1024F0000231198647311D83585218315A527532AC
:102500005C3999521832013199521832013199527D
:10251000183201319952083518329D520231183261
:1025200099521832013199521832013199521832A8
:1025300001319952183201319952183201319952B0
:102540000B4B0C49DC6001303562FFF725FB0121A4
:102550000320FFF7EBFA084B1D60A8E78811002065
:10256000FC8800200040054040000034FFFF1000C0
:1025700018780020B12100103860054000487047ED
:1025800088110020F8B51F0008AB1B780400160066
:10259000002B07D100F06AFA32003B00121A8B417F
:1025A000002B51DB2269EFF3108C72B61368002BFD
:1025B000FCD0BFF35F8F0223E15E256900293ADB7F
:1025C0004B0060695B18DB00C218C35A6380BFF31D
:1025D0005F8F00232B608CF31088069B9660D7607A
:1025E0001361079B5361538801335B045B0C181C18
:1025F000002B1ED083B25080080418432569EFF3E6
:10260000108672B62B68002BFCD0BFF35F8FA388B7
:102610001380A1802369BFF35F8F00221A6086F3C5
:102620001088237801329A400849E3685B181A60E1
:10263000F8BD0120DEE7BFF35F8F00232B608CF332
:10264000108801204042F3E70020F1E73C20000021
:1026500070B582B00092019301000269EFF310841B
:1026600072B61368002BFCD0BFF35F8F0223C85EE5
:102670000D6900283FDB4A69430016001B18DB0088
:10268000D218F35A4B80BFF35F8F00232B6084F383
:102690001088069B1361079B5361009B019C93600C
:1026A000D460538801335B045B0C1D1C002B20D0CD
:1026B000ACB20304558023430D69EFF3108C72B65E
:1026C0002C68002CFCD0BFF35F8F8C88148088802E
:1026D0000A69BFF35F8F002010608CF310880A78BE
:1026E00001309040CA68084952181060180002B0C2
:1026F00070BD0125DCE7BFF35F8F00232B6084F3FF
:102700001088013BF2E7C0463C20000010B5438929
:102710000A1493421ADD53009B184269DB00D31858
:102720000469EFF3108C72B62268002AFCD0BFF364
:102730005F8F5A88090494B2090C8A4208D0036951
:10274000BFF35F8F00221A608CF31088002010BD49
:10275000094A22435A80012302698371BFF35F8FC4
:10276000002111608CF31088027804499340C268FC
:10277000012052181360EAE70080FFFF3C200000B0
:1027800040787047F0B506000F0006246442E51754
:10279000A4197D4183B08D4212D80FD000F066F9A4
:1027A00022002B00121A8B41002B13DC002B41D08E
:1027B0003000390000F064F903B0F0BD8442EDD977
:1027C0000024002500F052F922002B00121A8B4140
:1027D000002BEBDD00F04AF922002B00121A8B418E
:1027E000002B0ADB00230193144B220000931448B2
:1027F0002B00FFF72DFF0130DAD02900114A1248D3
:10280000536A994204D8956AA542D1D29942CFD150
:102810000568EFF3108C72B62B68002BFCD0BFF369
:102820005F8F0368BFF35F8F00251D608CF31088F6
:1028300020BFE5E7002ABBD0CCE7C04681210010CD
:102840008811002000400540FC880020F0B5C646F5
:1028500000B582B0040000F009F9FA2206000F006A
:10286000200000230021920000F0E2FF801979414E
:1028700004000D1E02DA01242E4D64420626764223
:10288000F71736196F41AF4214D811D000F0EEF8A7
:1028900032003B00121A8B41002B15DC002B46D076
:1028A0002000290000F0ECF802B080BCB846F0BD72
:1028B000A642EBD90026002700F0D8F832003B00F2
:1028C000121A8B41002BE9DD00F0D0F832003B00FA
:1028D000121A8B41002B0ADB00230193164B3200A6
:1028E000009316483B00FFF7B3FE0130D8D0002319
:1028F0003900B0469C46124A1248536A994204D89D
:10290000966A4645CCD29942CAD10668EFF3108741
:1029100072B63368002BFCD0BFF35F8F0368BFF340
:102920005F8F66461E6087F3108820BFE5E7002AA8
:10293000B6D0C9E7FFFFFF7F81210010881100207A
:1029400000400540FC880020F0B5CE46474680B5E3
:1029500004000D0085B0EFF305868946002E10D0E7
:10296000364900204B6AAB4206D38A6A5B1B591E6C
:102970008B41A2424041184305B0C0BCB946B046A5
:10298000F0BD2F4FFB683A7898461800039200F08C
:1029900065F8039A131D42469B009B5822001B1AA0
:1029A0009C462B00121A8B419E4210DC0DD020BF9A
:1029B000224A0020536A4B45DED3926A5B1B591EA4
:1029C0008B41A24240411843D6E79445EFD900F02D
:1029D0004DF822002B00121A8B41002B1BDB002329
:1029E0000193184B2200009338002B00FFF730FEB4
:1029F000002810DD114B5A6A4A451CD39B6AA3423A
:102A000017D301003800FFF781FE0C4A0020536AFB
:102A10004B45B1D3D1E7094A0020536A4B45ABD3AC
:102A20000020926A5B1BA24240415A1E9341184308
:102A3000A2E74A45E5D120BFE3E7C0460040054094
:102A4000881100208121001010B5024A0248FEF7CB
:102A500093FF10BDC4980110C01D00200300416AFF
:102A60000A00986A596A8A42FAD17047034B596A38
:102A70000A00986A596A9142FAD1704700400540AD
:102A8000064A536A9942FCD807D1044B02E05A6ABD
:102A9000914202D19A6A9042F9D8704700400540AD
:102AA000F8B5DE464E4645465746E0B505008B462E
:102AB00018000A99914600F041FB0A9B6C001E0227
:102AC0006419304BA400E418636880469E4200D924
:102AD00066602F1FFBB29A46012B2FD9C02380229C
:102AE000294FAD009B0179591201E3181A600029A2
:102AF0001BD14B4622685B015340E02213408022E9
:102B00005201A21813605346012B2FD98023802233
:102B10009B01E31812011A60434666607B51F0BCCA
:102B2000BB46B246A946A046F8BD786900F006FB50
:102B3000013043001B18033BFDD2DAE75B46012B53
:102B4000CCD1C02303229B01E3181A60023AA36888
:102B50001A42FCD04A46236852015A40E0231340EF
:102B600080225201A218084F1360AD00584603237B
:102B7000216841400B40136001228240A3681A4241
:102B8000FCD0C3E700800040CC1D0020F0B5D64645
:102B90004F464646440098462418324BA400E41899
:102BA00063688A469146C0B5FF2B02D880235B003C
:102BB0006360061FF6B2012E2FD9C02380222A4F50
:102BC00085009B0179591201E3181A6000291BD175
:102BD0004B4622685B015340E022134080225201A1
:102BE000A2181360012E30D9802380229B01E318A4
:102BF00012011A6080235B00636043467B51E0BC96
:102C0000BA46B146A846F0BD786900F097FA01309F
:102C100043001B18033BFDD2DAE75346012BCCD10E
:102C2000C02303229B01E3181A60023AA3681A42E8
:102C3000FCD04A46236852015A40E02313408022C8
:102C40005201A218084F13608500504603232168E3
:102C500041400B40136001228240A3681A42FCD01D
:102C6000C2E7C04600800040CC1D0020014B800020
:102C7000C0587047CC1D0020F0B5C646040000B512
:102C80002348160098460D0000F058FA0100300065
:102C900000F054FA4346069A1B04120313439C4661
:102CA00023680600002B22DB1A4B1B48E218531E38
:102CB0009A4180235242120B9B011203D218174BE8
:102CC0001A60174B1A60130001688B43FBD1212255
:102CD000144B2560E318A6601A602268002AFCDA0B
:102CE0006246E26008221A6080BCB846F0BD3F230D
:102CF00022681340AB42D7D1A3681B051B0D83424A
:102D0000D2D1EE22E368D20213406345CCD1EBE787
:102D1000001BB7000040FDBF08C0004000E00040BD
:102D200000F000400430000010B580241C4BE40586
:102D30001C6000281AD001231A4C18431A4BDC617E
:102D40001A4C44401C62596298628021144BC90598
:102D50001960174817490860E021C9041960002A62
:102D600007D18022144B12061A6010BD0E4BD86199
:102D7000EBE753019B1A9B009A18802312015B0416
:102D80009A4209D213000D490B60074B5A6080220A
:102D9000094BD2051A60E8E7094B1A00F3E7C04671
:102DA00000B00540D3C007B0008005402D3FF84F6C
:102DB000FCFF01000820014000A00540E434002091
:102DC000FFFFFF008023024A9B000B43D362704742
:102DD00000800540002310B50100988A1B8B98479E
:102DE00010BDC046162310B5010018885B889847AF
:102DF00010BDC046F8B54746CE4680B50F1E18D068
:102E000014239946043304000025012698464B46B6
:102E10001888434621681B88984701C4431E98417F
:102E200001350640AF42F2D13000C0BCB946B046D1
:102E3000F8BD0126F8E7C046002370B504000D0078
:102E4000988A05491B8B984703000020002C01DB62
:102E50000130A0402900984755420000AA23064AA5
:102E60001B0113608D235B00D3600449044B196080
:102E70005368002BFCDA70470040024000B0FA00B3
:102E8000006002407047C04610B50148FEF746FD9D
:102E9000E898011070B5074D074EB54209D20024DD
:102EA000013E761BB608013608CD01349847B4427E
:102EB000FAD170BDE09501101C960110054B064A31
:102EC00006491A60064A074B1A6010000B689843BF
:102ED000FBD1704700E00040BFCDFBFE08C00040C2
:102EE000FE7F3C0000F00040044BDB6C002B03D164
:102EF0008022034BD2021A607047C0460000115076
:102F00004C201150044A054B1A60054A1368DB0136
:102F10008033FBD17047C046FFFFFF0100F0004047
:102F200008C000404022034B9A675A671A67DA6666
:102F30007047C04600F0014010B5FEF7C5FD10BD5A
:102F400070B52849284D294E6D1AAC102200302C3E
:102F500000D930223000920000F0C8FCBC2D3DD8D2
:102F600023002A3B224A052B1DD9302075196D07F5
:102F7000A446001BEB0F002D03DA611C8C46A10058
:102F80007250C01AE3189B004108F318C900C91811
:102F90001A605A6008339942FAD1012303421DD0C6
:102FA000984360440400A300F250631C2F2C15D0FA
:102FB0009B00F250A31C2E2C10D09B00F250E31C5F
:102FC0002D2C0BD09B00F250231D2C2C06D09B00E7
:102FD000F250631D2B2C01D09B00F250054B9E60DC
:102FE00070BDC04600010010C001001000000020AC
:102FF000C101001000ED00E0002310B5294C82B0A3
:10300000A367FFF72BFF0122274B1A60636C012B8C
:10301000FCD10322254B1A60224A936B012BFCD171
:10302000013300930121224A22480433FFF724FE92
:10303000052301210093204A2048FFF71DFE0022AE
:10304000022104201E4BFFF7A1FD002201210520D3
:103050001C4BFFF79BFD0022002107201A4BFFF7B6
:1030600095FD002200210820174BFFF78FFD8023DC
:10307000DB000093002200210920134BFFF710FD15
:103080000022104B00210620FFF780FD0420FFF7EF
:10309000EDFD0E4900F052F801000020FFF792FE0E
:1030A00002B010BD008000403CB0004030B0004095
:1030B000002F685900800240008C864700C0024003
:1030C000001BB70040597307006CDC0240420F0040
:1030D00001480421014B1847A0110020F52D0010D4
:1030E000014B9B6818470000A0110020124A936F03
:1030F0009B0815D29066D166002905D0FFE7FFE74F
:10310000FFE7516F106F704704B580210906C217A1
:103110005140002800D0C84316F00AFA002104BD2F
:10312000F0B5146E556E576F166FFFF7E3FF146618
:10313000556657671667F0BD000000D0114A936FBF
:103140009B0813D210665166002905D0FFE7FFE700
:10315000FFE7516F106F704704B5002801D00020C1
:10316000C04316F0E5F9002104BDC046F0B5146E69
:10317000556E576F166FFFF7E5FF14665566576774
:103180001667F0BD000000D094464A4A926F92083C
:10319000624601D228E0C046F0B5464E346E756EE8
:1031A000776F366F00F020F89446424A14665566F1
:1031B000576716676246F0BD94463E4A926F920882
:1031C000624601D254E0C046F0B53A4E346E756E98
:1031D000776F366F00F04CF89446364A14665566A1
:1031E000576716676246F0BD002B24DB11D000291B
:1031F0003EDA00B5C943404200D1013100F038F851
:10320000C943404200D10131DB43524200D1013376
:1032100000BD002AEBD1002801D1002905D00020F3
:10322000C90FC90701D1C043410800B516F070F9B4
:103230000022002300BD00B500290ADBDB43524217
:1032400000D1013300F014F8C943404200D10131EC
:1032500000BDC943404200D10131DB43524200D19D
:10326000013300F005F8DB43524200D1013300BDC9
:10327000002923D1002B18D1002A0CD0BC460D4FB9
:1032800038667A6600210023FFE7FFE7FFE77A6FE1
:10329000386F67467047002801D00748010000B525
:1032A00016F036F90022002300BD02000B000020BA
:1032B00000217047000000D0FFFFFFFF002B00D06F
:1032C000BFE0130C28D1002AE7D080B4114F396633
:1032D0007A66FFE7FFE730B4040C7B6F396F1B049D
:1032E00023433B667A66FFE7FFE7FFE7C04684B209
:1032F0007B6F3D6F1B0423433B667A66FFE7FFE766
:10330000C04600232C042D0C7A6F386F00196941D8
:10331000B0BC7047000000D0F0B594460025140EF4
:1033200001D112020835140F01D112010435940F96
:1033300001D192000235D40F01D152000135D40BD6
:103340000134254F7C66254C3C660E0C93B2FFE79A
:10335000FFE7FFE73C6F6643360C7703BE467343D7
:10336000DF0B5B04C01AB941130C7343DB18C91A95
:10337000CE086643360CB64493B273431F0F1B014D
:10338000C01AB941130C73431F0B1B05C01AB94176
:10339000860D8F023E436643360C092D24DB520A0C
:1033A0007243801A7703460A6643360C16235B1B6A
:1033B000DE40DF40BF1964466643821B7046043519
:1033C00006330100D940A840C01900D30131A24200
:1033D00006D20023F0BD0000000000D0FFFFFFFF79
:1033E000121B0130F3D3F1E709277F1BFE4064462F
:1033F000A2B27243801A00D20139220C7243130C1C
:103400001204821A99410B007046043513370100EB
:10341000F940A840801900D30131002B02D1A2420B
:103420000AD2F0BD013000D30131121BFAD2013BA8
:10343000F8D1A24200D2F0BD013000D30131121BFD
:10344000F7E7F0B51C0C00D080E00CB400251C0A96
:1034500004D11B02160E3343120208351C0B04D193
:103460001B01160F3343120104359C0B04D19B0042
:10347000960F334392000235DC0B02D192185B4168
:1034800001351C00971864410134464F7C66464C58
:103490003C660E0CFFE7FFE7FFE7C0463C6F664364
:1034A000360C7703BE4697B27743C01B00D2013972
:1034B000C01B00D201399FB27743C91BC91B170C2F
:1034C00077437E04FF0B801BB941CE086643360C60
:1034D0000C2D33DBB644120B1F053A431B0B97B27E
:1034E0007743C01B00D201399FB27743C91B170C29
:1034F00077433E043F0C801BB941860D8F023E434B
:10350000664329277F1BFE400C3D7746AF40BF191D
:1035100030BCA2B2ABB272437343801A9941220C01
:103520007243130C1204801A994102000B000137F8
:10353000001BA941F9D2781E0021F0BD0C277F1B8A
:10354000FE4077467F0BAF40FF19E0E700245D1C8B
:1035500007D0144F7D663966FFE7FFE7FFE7FFE717
:103560003C6F95B29EB265436643401BB141150C5A
:103570001E0C6543664336042F0C3E432D04401B4E
:10358000B141994204D202000B0020000021F0BD9D
:1035900001D19042F7D3801A994101349942F2D374
:1035A000F6E70000000000D0FFFFFFFF4840414069
:1035B000484018B4134B5B68019308BD18B4114B15
:1035C0001B68019308BD94460F4A926F920805D27A
:1035D000624618B40B4BDB68019308BD0A4AF0B58C
:1035E000146E556E576F166F6246FFF7F2FF064A6C
:1035F0001466556657671667F0BD18B4014B9B6893
:10360000019308BD10150020000000D0FFB5504008
:103610004240504059404B40594000E0FFB5154FE3
:103620004C00640D03D0BC4204D10C0314D800201C
:10363000090D09055C00640D03D0BC4204D11C03D4
:103640000AD800221B0D1B0501264B4009D44B4014
:1036500003D58B4200D18242FFBD9942FCD19042FA
:10366000FFBD0B43DB1803431343F5D0C94349188F
:10367000FFBD0000FF07000000B5FFF7CFFF80414E
:1036800000BDC04600B5FFF7C9FF01D9002000BD4D
:10369000012000BD00B5FFF7B9FF01D9002000BD32
:1036A000012000BD00B5FFF7B1FF804100BD012042
:1036B00040054A00121804D85A00121801D80020F8
:1036C00070470120704700000021002805D1704795
:1036D000C1174840401AFAD0C90713B5064B1B68FA
:1036E00098470CBC441CA2401005120B0349091B4F
:1036F00009051943114310BDF88700201F0400007D
:1037000010B54C00620D8023D218DB00D21A5B0585
:103710007E2A10DD9E3A13DACC17090349081943B3
:103720005242D140640001341532202A05DAD040DB
:103730000843604310BD002010BD0846604310BD23
:10374000C80FC018013810BD18B4024B5B6A019352
:1037500008BD00001015002010B50148FEF7DEF886
:10376000F4980110132370B51D78012D19D014DDC4
:103770001D48FFF737FB06001C48FFF733FB1C4CC6
:1037800080223100200000F0B1F8022D06D0194847
:10379000FFF720FB184B186070BD154C174BA36446
:1037A000F5E7174B124C23606360A360E36023616D
:1037B0006361A361E36123626362A362E3622363E3
:1037C0006363A363E36323646364A364E3642365C3
:1037D0006365A365E36523666366A366E3662367A3
:1037E0006367A367E367D9E75344000053460000CB
:1037F000101500204C330000F88700200538001019
:103800005937001007B5604601880A0A0230DF2ADE
:10381000FAD1C9B2820804D3028840880004104358
:1038200000E00068014A5050039007BD10150020C9
:1038300051434343C9188C46110C83B24B4310B417
:10384000040C614392B280B2504362431C041B0CCF
:10385000001910BC59411304120CC01851416144A5
:103860007047000010B50148FEF758F8FCB0011091
:10387000132310B51C781148FFF7B4FA012C0BD0B4
:1038800004DD010080220E4800F030F80D48FFF7FB
:10389000A1FA0D4B186010BD094C01005422200004
:1038A00000F024F822002000084980320368002B31
:1038B00000D1016004309042F8D1E7E753460000A0
:1038C000FC8700204C330000F8870020653800108A
:1038D00001480421014B1847B0110020F52D0010BC
:1038E000014B1B6818470000B0110020014B5B68BA
:1038F00018470000B01100209A4200D28854704747
:103900007047C046F8B5DE4657464E464546E0B5D8
:1039100099460D9B0700884693469B0728D00B9B32
:10392000002B3CD016000B9C0A9D3619321B013C23
:103930004B464146285DB847002CF7D135000D9B1A
:103940009B070ED55B46EC1A0C9BA34209D91E00BF
:103950002A004B46414620200134B8470135B44285
:10396000F6D32800F0BCBB46B246A946A046F8BD37
:103970000B9B0C9A934214D213005D460C000B9AD9
:103980009E1A76192A004B46013521002020B8479F
:10399000B542F7D10B9BA046002BC4D1E1E715003F
:1039A000CDE75E46002BBED15D46DAE7F0B54F4667
:1039B000D6464646C0B584B09C460EAB1F78129BD7
:1039C0009146BA460D9C109E119D9B074CD4002D2C
:1039D00041D1B44248D20123129F1F40B8460C9BEC
:1039E0005F1E302303E001343B55A64201D9202C51
:1039F000F9D14346002B00D187E00C9B5F1E30239A
:103A0000A54204D830E001343B55AC422CD0202CE8
:103A1000F9D1129BDB060DD5129B5B0557D4A6424C
:103A200067D0A54265D00F9B102B53D0022B5BD0E3
:103A3000202C36D12023129C01930C9B4A460093E4
:103A4000039463460295FFF75DFF04B0E0BCBA46FD
:103A5000B146A846F0BD0123129A134098460123AF
:103A600013422DD1B442BAD3129BDB061ED5129B52
:103A70005B05D8D4002CD2D10F9B102B60D00F9BAC
:103A8000022B71D0302301240C9A13705346002B63
:103A900011D1129B5B0740D52B260C9A631C16553F
:103AA000C9E72300013430260C9AD654202CC1D00B
:103AB0005346002BEDD02D260C9A631C1655BAE701
:103AC000002F34D0013DB44200D288E795E70F9B28
:103AD000102BAFD1129B9B063CD5202CAAD058238B
:103AE0000C9A13550134A3E7202CA3D023000134F2
:103AF00007E0631E012CBFD00F9A102A36D0022A8D
:103B0000D1D162260C9AD65492E7129BDB06CDD512
:103B1000129B5B0500D482E785E7129A2300160703
:103B200000D488E720260C9A0133165583E70C232E
:103B300013405F1EBB41ED1AB44200D24FE75CE771
:103B4000129B9B060ED478230C9A02241370302308
:103B500053709BE7202C00D16CE778230C9A135507
:103B6000013465E75823EFE76033EDE70C9AA61EB2
:103B7000B618129A920602D55822327093E778222C
:103B8000327090E710B5002800D110BD01F0C0FBE5
:103B9000FBE7C04610B5002803D04A680B68110047
:103BA000984710BDF0B54E46DE4657464546E0B54F
:103BB00095B083468946924698461E9A1F9B1000F0
:103BC0001900209EFFF773FD002800D0D2E11E9857
:103BD0001F990122C44B5242FFF74EFD002800D02E
:103BE00001E11E981F990122C04B5242FFF75AFD76
:103BF000002800D0D6E01E981F990022BC4BFFF78A
:103C000051FD002800D0B5E01E981F990022B94B45
:103C1000FFF732FD002800D0ACE01E981F9900226B
:103C20000023FFF729FD002800D0D1E000230B93EB
:103C3000229B5B0500D406260024302306E006AA5A
:103C4000013417321355013E202C01D0092EF6D82D
:103C50001E981F99FFF754FDA74BF2009B180CCB41
:103C6000050008920993FFF733FD02000B001E9830
:103C70001F99FFF79EFC089A099BFFF7BEFC069070
:103C80000791FFF761FD0700FFF71EFD02000B0023
:103C900006980799FFF78DFC0022984B0690079134
:103CA000FFF700FD002800D1E9E001373800FFF7F9
:103CB0000BFD02000B0008980999FFF7E3FC0028B0
:103CC00001D000270135002E00D1B7E0069513E0A2
:103CD000172306AA9B180A21380001341D19FFF783
:103CE0002DFA3031297038000A21013EFFF726FAFB
:103CF000092F00D8E1E00700202CE9D1069D2024FF
:103D00000CAB0693172706ABFF180DE028000A211D
:103D1000FFF7ECF901343031280039550A21FFF75B
:103D2000E5F9051E00D1B7E0202CEFD10323229A3C
:103D30001340012B17D1219B002B14D00B9B002B80
:103D400000D1E3E0219B013B2193202B0BD93023B1
:103D5000219A06E006A9013417310B55944200D38D
:103D6000A0E0202CF6D1229B01940393219B029387
:103D7000069B21E0229B52460493219B49460393D4
:103D800058461E9B1F9C029600930194434600F0E8
:103D900043F90400200015B0F0BCBB46B246A9466A
:103DA000A046F0BD229B5B070FD40322544B2299FF
:103DB000019203912199029100935246434649464C
:103DC0005846FFF79FFD0400E4E704224D4BEEE761
:103DD0001E9A1F9B00200021FFF7EBFB01231E9082
:103DE0001F910B9324E70223229A54461A40229BE8
:103DF00006929B0700D1ACE02600434D08942F1F8C
:103E00003200E87843464946013DD8470136BD4275
:103E1000F6D1089C069B0434002BBBD05746219A50
:103E2000E31B9A42B6D9150022004346494620209A
:103E30000134D847E31BAB42F6D3ABE72800FFF7CA
:103E400047FC02000B001E981F99FFF7B2FB2B4B9B
:103E5000002206000F00FFF70FFC0CAB06930028B2
:103E600000D04FE7002230003900244BFFF71AFC46
:103E7000002800D046E7012301359D4342E7002298
:103E8000069807991D4BFFF7F7FB002800D01AE7AB
:103E9000002F59D1013716E70323229A1340012B33
:103EA00000D1A6E0202C00D15DE70B9B002B3AD07F
:103EB0002D23069A1355013455E7069D202C00D179
:103EC0001DE73023361906E006AA013417321355D0
:103ED000202C00D113E7A642F6D12E230CAA0134E0
:103EE000069293550EE7C046FFFFEFFFFFFFEF7FFF
:103EF00065CDCD4165CDCDC110BA01100000E03FC8
:103F00005099011048990110589901100C23229AD8
:103F1000134257D0219B013B2193A34200D916E7BE
:103F2000202C00D11FE7229B5B0704D52B23069A88
:103F30001355013417E7229B1B0700D413E72023F6
:103F4000069A135501340EE7FB0700D4BBE6013790
:103F5000B9E6219B042B00D84EE755464F46043C5A
:103F6000E4182A004346013539002020D847AC42E6
:103F7000F7D141E70227229B55461F409B0726D0D9
:103F800006975F46234EEC1C2A00B078434649460C
:103F90000135B847013EAC42F6D1069F002F00D153
:103FA000F8E65746219AE31B9A4200D8F2E615003C
:103FB00022004346494620200134D847E31BAB4248
:103FC000F6D3E7E6219BA34200D9C0E6CBE6219BCE
:103FD000032BD5D9069754464F46033DED182200D2
:103FE0004346013439002020D847A542F7D1069F27
:103FF000C6E7219B002B00D154E70B9B002B85D0FB
:10400000219B013B21939C4200D2A0E6202C00D0B2
:104010004EE7A8E654990110F0B54546DE465746EE
:104020004E46E0B59BB0249C259D8246884693462B
:10403000994622002B0020002900FFF738FB0028BA
:1040400000D0C1E00122200029007C4B5242FFF742
:1040500029FB002800D0B7E0012220002900784B7E
:104060005242FFF709FB002800D0ADE000220023F8
:1040700020002900FFF700FB002800D0BBE10894D6
:104080000995089809998023289ADB001A400F9215
:104090008022289E1201164032000E96289E0F00A4
:1040A0000A901E4200D0A4E00B00034300D0CBE0F6
:1040B000002A00D012E23200063326930223134076
:1040C0000C930223134200D00AE2279B042B00D258
:1040D00015E200270426043B0E9300220023200053
:1040E0002900FFF7C9FA002800D0C8E1554B289AEB
:1040F000134004930E9B0393269B0293089B099CF9
:104100000093019441464B465A465046FFF74AFDFC
:1041100002002020289B0025034059424B415B426E
:104120001840531C089341464B464530D047FB1777
:10413000FC185C40FB0F1F270A93731E0E930AABFB
:10414000FF1806E020000A21FEF7F8FF0400202DEA
:1041500008D00A212000FEF7F1FF013530317955F2
:10416000092CEFD8052306930E9B56460593002392
:1041700004930A3303930A9B4146029312AB0093C4
:1041800030004B46089A0195FFF710FC0C9B002B62
:1041900028D05F46279BC41BA34223D982461D001B
:1041A0003A194B46414620200134B047A542F7D882
:1041B00050465946279C421A01320023944200D3AC
:1041C00095E1013018180DE0289B009401950493A7
:1041D000279B0393269B02934B465A4641465046E3
:1041E000FFF7E0FC1BB0F0BCBB46B246A946A046B8
:1041F000F0BD01432AD10E9B3200002B00D15DE7B8
:104200000027269B0026BB4200DD82E1002200231E
:1042100020002900FFF730FA002800D04BE1289B4E
:10422000084A02961A408023DB0013430493279B1D
:104230000393089B099C00930194CDE7FFFFEF7F58
:10424000FFFFEFFFFFF7FFFF06232693B24B780037
:10425000400DC018FFF73CFAB04AB14BFFF7CDF95B
:10426000B04AB14BFFF7AAF93F03B04B3F0B3B43BA
:104270000C900D9100220A981900AD4BFFF799F9A7
:10428000AC4AAD4BFFF7B9F902000B000C980D9941
:10429000FFF794F9FFF734FA0700FFF719FAA74A76
:1042A000A74B0A900B91FFF7A8F90022A54BFFF747
:1042B00085F9FFF725FAA44A06000A980B99A34B43
:1042C000FFF79BF90A900B913000FFF701FAA04A23
:1042D000A04BFFF792F902000B000A980B99FFF729
:1042E00068F902000B000A900B91FFF786F90C9019
:1042F0000D910A980B9902000B00FFF75FF900225D
:10430000109011910C980D99934BFFF75CF90022D6
:10431000924BFFF753F902000B000C980D99FFF731
:1043200052F900228E4BFFF749F902000B000C985E
:104330000D99FFF748F90A9A0B9B0C900D9180217B
:104340000020C905FFF735F902000B000C980D9904
:10435000FFF734F902000B0010981199FFF733F9B9
:104360000022724BFFF72AF97E4B0022F618330524
:10437000FFF743F902000B000A900B910898099986
:10438000FFF77AF9002808D00A980B990022734B9E
:10439000FFF719F90A900B91013F0A990B9A0B004C
:1043A00011003A006332C62A12D802222898042645
:1043B00010400E9A0C90002A26D1279B042B05D979
:1043C000002800D0A1E0279B043B0E93042642E086
:1043D0000222289810400E9A0C90002A13D1279B95
:1043E000052B00D889E0002800D084E0279B052613
:1043F000053B0E9332E080231B069C46AC4463468B
:10440000089409933DE605260B4300D1F9E6089888
:104410000999554A554BFFF73DF9002808D00898EF
:1044200009990022524BFFF727F9002800D0E8E64F
:10443000269B002B34D00F9B002B31D0269B013BB9
:104440002693279BB34204D90C9B002B59D00223FF
:104450000C9300230E93002F00D13EE60A9A0B9B8B
:1044600008980999FFF7AFF80022089009910023F6
:1044700020002900FFF700F9002800D136E6089C4B
:10448000099D289A80203B4B00061340220004938C
:104490000E9B0393269B02932B180092019331E607
:1044A000279BB342D5D90C9B002B2AD000230E9317
:1044B00002330C93CFE7289B2E4A8020089C099D4D
:1044C0001A408023DB00134322000493279B00063D
:1044D00003932B180092019302967DE6052695E63C
:1044E00000230E930233002704260C93F5E54B1EA0
:1044F0001B191B1A65E602230C930526AEE704235D
:10450000E7E5279B9B1B0E93A5E7022304260C934C
:10451000A1E7DB1B5E1E79E601FCFFFFFB799F50E4
:104520001344D33FB3C8608B288AC63F0000F03FD6
:104530000000F83F61436F63A787D23F71A37909F9
:104540004F930A400000E03F1655B5BBB16B0240E7
:10455000EF39FAFE422EE63F00002C4000002440D6
:1045600000001840FF0300002D431CEBE2361A3F09
:1045700080842E41FFF7FFFFF0B55746DE464E46DA
:104580004546E0B5A3B01F002C9B92460C93C94A48
:10459000C94B8B460B901A60002900D1BFE1002364
:1045A00038789946002800D1C1E1C44B4C460993A4
:1045B000C34B0E935B460A9308E0220053460A99C8
:1045C0000B9DA84701343878002876D0013725287C
:1045D000F3D110239B46083B9946043B9846033B86
:1045E000002602259C463878791C0300203BDBB26C
:1045F000102B03D8099A9B00D3589F460300303BE9
:10460000092B36D900252A2800D1A7E000230D93D5
:104610002E283FD00300683BDBB2122B1BD80E9A2A
:104620009B00D3589F4663460F001E43DBE70F00F5
:104630002E43D8E743460F001E43D4E75B460F00E6
:104640001E43D0E74B460F001E43CCE7802378780B
:104650005B001E4301310F00672845D82428ACD9E0
:104660000300253BDBB2422BA7D896499B00CB58D1
:104670009F460025AB005D196D002D1808780F00CE
:104680000300303B303D0131092BF3D900230D935A
:104690002E28BFD13022802052429046C0000643CF
:1046A00078780B0080444246092A00D851E12A2834
:1046B00000D15EE10F000131ACE70A9BA1469B46A9
:1046C000CA4503D801235B425344994653464A46A0
:1046D000594600200B9DA847200023B0F0BCBB46E4
:1046E000B246A946A046F0BD0300693BDBB20F2BE2
:1046F00000D962E7012199408846734A11408B46F0
:10470000110042460A4200D013E10A2B2FD0072B9A
:1047100000D052E70C9D01CD002800D134E12123C7
:104720001E43B0461F260D9A12ABF618A1469446BA
:104730005946340002E0000920290AD00F2606401D
:1047400032003732092E00D8073A013162540F285F
:10475000F1D863464C468B460D9322E10C9B20CB4F
:10476000002D52DB78780C930F0001314EE70C9B43
:104770000D9904CB90469B46002900D128E1434681
:1047800018784144002801D100F029FC0D9A944684
:104790000A0004E059780133002900D195E19A42DA
:1047A000F8D163460D934346D31A0F93730500D493
:1047B0006CE10F9B0D9A934200D90F9202231A00CD
:1047C00032400C92334200D191E20C930D9BB946DA
:1047D0001E1943461B1BA84622001F000B9D08E024
:1047E000541C53460A99A847385D002800D163E15C
:1047F00022009642F4D145464F4634000C9B002BD4
:1048000000D097E15B460C93DDE6022278781643F0
:104810000F006D420C930131F8E678786C2800D1D6
:1048200059E180235B001E43013114E780239B0084
:1048300078781E4301310EE77878682800D150E17E
:10484000802301311E4306E7672800D1C2E04728D4
:1048500000D134E1452800D134E107210C9B0D9AA9
:1048600007338B4319000496039502920CC90B98E9
:10487000009201930C91220053460A99FFF7CCFB5A
:104880000400A0E6462800D1A8E007210C9B0D9A61
:1048900007338B4319000496039502920CC90B98B9
:1048A000009201930C91220053460A99FFF77AF97E
:1048B000040088E679450010DC34002074B801104B
:1048C000B8B8011004B9011041900000220053460D
:1048D00025200A990B9DA847013474E60C9B0433EC
:1048E0009B46631C9846B60700D4FFE00C9B220051
:1048F00018780A9953460B9EB0476419012D00D8C9
:1049000049E245460B9EB8460A9F2A0053460135A8
:1049100039002020B047A542F7D1474672E7DB4B6C
:1049200038780B9300239946002800D03DE60024F8
:10493000C6E66F2855D000D8BCE21023782800D1F5
:104940009EE09E430A239C4600230F930A339B4616
:104950004DE000218A0052185200013311181878D6
:1049600030390200303A092AF4D90D911F00591C40
:1049700050E60C9BB87804CB0237D143C9170A40E4
:104980000D920C93791C45E61023300098431133A7
:104990001843802380463000DB0018401E4200D1BF
:1049A000C0E643460693082305930D9B220004931B
:1049B00010230393002302935B4601931AAB0093E9
:1049C0000A9953460B98FEF7F1FF0C950400FAE59F
:1049D0000139D4E680231B011E433EE720231E43FA
:1049E00053E708239C4600230F9308339B468023FC
:1049F0003000DB0018401E4200D11AE10D233100C7
:104A0000994380230A009B001A409146194200D026
:104A1000C3E180230A005B001A4090460C9A0432DE
:104A20000F92194200D08FE24B0600D597E10B069A
:104A300000D4E5E20C9B1B8899464B46002B00D026
:104A400005E210339943002800D100E20023984684
:104A50000D9B069104935B460393002305950293F7
:104A60004346D9E0582808D0622878D102239C46D2
:104A700000230F9302339B46B9E720231E43103BCC
:104A80009C4600230F9310339B46B0E702231A0085
:104A900032400C92334200D105E20C934346B946B2
:104AA0000B9E0A9FA8461D1B220053463900013465
:104AB000B047285D0028F7D145464F469EE6802343
:104AC0001B011E4320231E43C7E662460D92424649
:104AD0009B1A0F936AE6C0239B00B8781E43F91C0B
:104AE000B9E5C023B8781E43F91CB4E5012D00D800
:104AF0004AE1631E9946A9444B4652462600A14608
:104B0000BA461C001700A8460B9D32003B00013638
:104B100020200A99A847A642F7D13B0057469A465B
:104B20004C460C9B320018780A9953460B9D44441E
:104B3000A84767E6A0460F9B9D4200D862E62C1965
:104B40000B9E4546B8460A9FE41A2A005346013593
:104B500039002020B047A542F7D1474652E68023CE
:104B60003200DB001A4090461E4200D1F3E01121D2
:104B70008E43B4469846802362469B001A40934673
:104B800062461A4259D180235B001A4091460C9A22
:104B900004320F9262461A4200D0A0E163465B06DF
:104BA00000D5D4E063461B0600D412E20C9B002221
:104BB0009B5ED8171918414089B2DA0F0C92002B6E
:104BC00000D187E188461F2612ABBB461495F71823
:104BD00045464E46E046A14606E028000A21FEF77B
:104BE000ADFA0500202E08D00A212800FEF7A6FA0B
:104BF00001363031B955092DEFD84C46C446B1467F
:104C00005F46149D634606930D9B059504930A2306
:104C100003930C9B02934B4601931AAB2200009323
:104C20000A9953460B98FEF7C1FE0F9B04000C93A4
:104C3000C9E40C2331009943E3E608220721914699
:104C40000C9B07338B4399444A460ACB08000C92CD
:104C5000DA0F9346184300D085E000239946434677
:104C6000002B2FD1002200231092119300231F2626
:104C7000994612ABF6185B461495BB46E0463700E2
:104C80000F934E46A146109C119D05E0013900107E
:104C900004000D00202E0CD00A2200232000290041
:104CA000FEF78AFA01363032BA55002DF0D1092CC0
:104CB000EED80F9B109411955F464C46C446B14602
:104CC0009B46149D634606930D9B059504930A230A
:104CD00003935B4602934B4601931AAB2200009369
:104CE0000A9953460B98FEF761FE04006BE40F9B94
:104CF0009D4200D896E18023DB000C930F9B2E1978
:104D0000F61A43460F930D9BA84699465346BA465A
:104D10001F000B9D22003B00013420200A99A84768
:104D2000B442F7D10F9B454698464B460D933B0046
:104D300057469A4643461878002800D162E56B1C16
:104D40000F930C9B002B00D1A8E600233DE50C9BA4
:104D50001B78190031E710239E43B4460BE70C9BE8
:104D60001B78994669E6DA17129213924A4010921C
:104D7000129813990A005A401192109A119B121A14
:104D80008B411092119371E70C9B220018780A99BD
:104D900053460B9CA047444634E50822072690461C
:104DA0000C9B0733B343984442460C921A685B68E5
:104DB000149208931300089A134305D110339943B2
:104DC00000239846002838D161208B0600D5412069
:104DD00000231F2698465A4612ABF6180300189275
:104DE0000F9A0A3BB14616951794199744466646A2
:104DF00090469B46149F089D159103E007000D0007
:104E0000202C13D03200002338002900FEF7D4F9FB
:104E10005B46D2B2D318092A01D8130030334A4670
:104E200001341355A845E9D1BE42E7D9189BA046E5
:104E30009B461599169D179C199F0D9B06910493EF
:104E40005B460393002305950293434644E76120A4
:104E50008B0600D541201F2612ABF21803000A3B37
:104E60000C934B464646A146A8461C005D4614914D
:104E7000BB46170002E00400202E0DD029002000C0
:104E8000FEF75CF90C9BCB18092901D80B003033D5
:104E90000136BB55AC42EED25F464C46AB46149948
:104EA0004546B046D4E50F9B9D4200D926E7013325
:104EB0000F93F3E5102332009A439446692800D0FB
:104EC000A2E080233200DB001A4090461E4200D14F
:104ED00051E64CE64346002B00D093E673E60C9B6C
:104EE0001B68DA0F002B70D0D9175B184B4098461F
:104EF0001F2612ABF618A14614955C464546BB46E4
:104F0000E04637000C9206E028000A21FEF716F969
:104F10000500202C08D00A212800FEF70FF90134E3
:104F200030313955092DEFD85F46C446A3464C466B
:104F3000149D0C9A634606930D9B059504930A23D2
:104F4000029203935B4667E60C9B1B689846002B16
:104F500003D11033994300282DD161208B0600D551
:104F600041201F2612ABF61803000A3B4A460C9359
:104F7000149143463100A846A1465E461400BB4644
:104F80001D000F0002E00500202C0DD0310028008C
:104F9000FEF7D4F80C9BCB18092901D80B0030334D
:104FA00001343B55B542EED223005F464C464546A0
:104FB000B346994614990D9B069104935B4603935F
:104FC0000023059502934B4626E64346002BB1D1BC
:104FD0008EE70C9B1B68D81719184140EDE580231C
:104FE0003200DB001A400F921E420FD00230020046
:104FF00032400F92304219D00023A0460F939AE519
:105000000C9B1B68994618E516009BE402231A00C6
:1050100032400C92334200D08CE5002D00D06DE67A
:10502000FFF7F0FB01330F93FFF7D0FB0C93F4E78E
:1050300084460CB400B585B006AB0A0002CB054827
:10504000039300930B006146FFF796FA05B008BC86
:1050500002B01847F938001000B585B0039101215E
:1050600002900093034813004A4202A9FFF784FA12
:1050700005B000BD953B001010B5094A0300146847
:1050800084B0002C08D0012200910648524203A9A6
:10509000A047012004B010BD00F084F90020F9E71A
:1050A000DC340020853B001000BEFDE710B5FFF7A3
:1050B000FBFFC04670B5FDF7EDFE074D074EB5424C
:1050C00009D20024013E761BB608013608CD013412
:1050D0009847B442FAD170BD1C9601102496011075
:1050E000030010B5080011001B68984710BDC046AA
:1050F000F8B5437D07000D001600002B38D0002ABC
:105100001ADD0B780A2B18D00020012E09D00124BB
:1051100021006B5C01340A2B1AD0B442F8D18642CC
:1051200003DD311A3B6828189847AD19013D2B78EB
:105130000D3B5A4253413B75F8BD037D002BE3D133
:1051400002210E483B689847012EEED00120DEE791
:105150006B1E5B5C0D2BE0D0884203DA091A3B68BA
:1051600028189847054802213B6898472000D4E753
:105170000368110028009847DEE7C04660BA0110B6
:10518000F0B5C6460B6807000D0000B5802B06D0B1
:105190005A1C2A60ED182F7180BCB846F0BD0F4B29
:1051A0001C68002C16D00B1D98460D4E02E0246999
:1051B000002C0FD02368002BF9D03368002B01D0CE
:1051C000A342F4D1200041462A68FFF791FF2469E9
:1051D000002CEFD101220023DBE7C046982C0020F1
:1051E000A02C0020F0B54646D6464F46C0B582B04A
:1051F00090461C0006000D00FDF738FC00232F4AE6
:1052000012184B41002B02DA01222D4B52422D493C
:1052100008008A4614F0BCF981466B1C03D13000AB
:1052200014F022F90500002C27D0274F274B1C68CB
:10523000002C18D04346002B21D1254B984602E084
:105240002469002C0FD02368002BF9D043461B683B
:10525000002B01D09C42F3D120002A003100B84736
:105260002469002CEFD14B46002B23D1280002B03B
:10527000E0BCBA46B146A846F0BD164FD6E7144B7F
:10528000984602E02469002CEDD02368002BF9D069
:1052900043461B68002B01D0A342F3D12A00310002
:1052A0002000B8476B460A222000DA71D91D093A5E
:1052B000B847E7E7504614F01BF9D7E740420F0024
:1052C000FFFFFF7F68120020F1500010982C002093
:1052D000A02C0020E15000100A4A1368002B05D1D1
:1052E0000CE01A001B691032002B07D08342F8D162
:1052F000002902D118691060196170470029FCD09B
:105300001060FAE7982C002010B500F0EBFA10BD01
:10531000F0B5CE46474680B583B06B460600DD1D2E
:105320002870FDF7A3FB0023194A12184B41002BEC
:1053300002DA0122174B524217490800894614F03D
:1053400027F9164B80461C68002C14D0144F02E03D
:105350002469002C0FD02368002BF9D03B68002B68
:1053600001D09C42F4D1200001222900FFF7C0FEA9
:105370002469002CEFD14346002B05D1300003B047
:10538000C0BCB946B046F0BD484614F0B1F8F5E7E8
:1053900040420F00FFFFFF7F68120020982C002082
:1053A000A02C002070B5040014F05EF80123010069
:1053B000050001222000FFF715FF084B1C68002C98
:1053C00006D06368002B05D098472469002CF8D1DB
:1053D000280070BD2469002CF3D1F9E7982C002037
:1053E000F0B5CE46474680B5A3B004000E00FDF7E9
:1053F0003DFB0023264A12184B41002B02DA012202
:10540000244B5242244814F0C3F800232200019395
:1054100080463300214801A9FFF71EFE204F019B63
:1054200081463C68002B19D0002C2FD01D4E02E085
:105430002469002C0FD02368002BF9D03368002B8F
:1054400001D0A342F4D12000019A02A9FFF750FE37
:105450002469002CEFD100233C680193002C06D076
:105460006368002B0CD098472469002CF8D1434680
:10547000002B07D1484623B0C0BCB946B046F0BDAA
:105480002469EBE7044814F033F8F3E70194EEE7FE
:1054900040420F00FFFFFF7F681200208151001083
:1054A000982C0020A02C00200FB400B583B004A9D4
:1054B00001C90191FFF794FF03B008BC04B018477D
:1054C0007047C0460022014B1A7070476D8900205A
:1054D0004B790020FF2B0BD18B79002B08D1CB7996
:1054E000012B05D1082A03D9024B8A7809301A709A
:1054F0007047C0466D8900200120704710B5012912
:1055000013D112495379107909781B020343002003
:10551000994200D010BD5378012B08D0022BF9D14D
:10552000642200210020FDF7FFFB0120F2E7D37881
:1055300091781B021943480ADB0501D4012040423F
:105540007F238A05D20F1940FDF776FC6D89002074
:10555000004870472CBB01109446012310B5012967
:105560000AD152780023012A06D162461179527974
:1055700012020A43072A01D0180010BDA633614663
:10558000024A01F06BFA0300F6E7C04684BA011044
:10559000012303700048704764BA01104B780A7801
:1055A0001B0213438A7810B512041A43CB781B06EA
:1055B00013439622D200934200D010BD0022012056
:1055C00011004042FDF738FC024B1860024B196095
:1055D0007047C046B41D0020B81D002010B5024B16
:1055E0001878FCF7C1FA10BD6E890020154B70B514
:1055F0001A68002A22D0EFF3108172B610680028D2
:10560000FCD0BFF35F8F00200F4A596010701B68F9
:10561000BFF35F8F186081F31088002400250B4EC4
:105620003078FCF795FA002804D1002400252900E1
:10563000200070BD3078FCF797FAF8E7FA240025CF
:10564000A400ECE710780020708900206E8900200B
:1056500070B5050000200E0001F018FB002834D0C2
:10566000002001F029FB00282FD0FDF7FFF90023CF
:10567000174A12184B41002B16DB164C200013F072
:1056800087FF002821D0002001F000FB00280FD167
:1056900001200021404200F017FD03256D4220004B
:1056A00013F026FF280070BD01220B4B5242E4E7A5
:1056B000002001F001FB0028EAD029003200002080
:1056C00001F004FB051EEAD1E7E703256D42E9E797
:1056D00040420F0004890020FFFFFF7F10B5FDF757
:1056E000C5F900230D4A12184B41002B02DA0122A2
:1056F0000B4B52420B4813F04BFF00280CD00120FB
:105700000021404200F0E0FC002001F023FB0028D3
:10571000F5D1044813F0ECFE10BDC04640420F0026
:10572000FFFFFF7F04890020F8B5CE46474680B5CD
:1057300005000C00FDF79AF90023344A12184B417A
:10574000002B02DA0122324B5242324908008846CD
:1057500013F01EFF002803D1C0BCB946B046F8BD07
:10576000002001F093FA002848D00026002C41DDEB
:10577000294B994613E0A919002001F027FB0700E7
:1057800001200021404200F09FFC002001F0E2FADD
:10579000FDF76CF9204BF61903C3B4422ADD002053
:1057A00001F034FBA71B0200B84200DD3A00002ADA
:1057B000E1D101200021404200F086FC002001F0F0
:1057C000C9FA002001F062FA002813D0002001F08D
:1057D0001DFB0028E1D1FDF749F94B460F000CCB2A
:1057E000002184460D4812184B419F4202D8D4D163
:1057F0009445D2D9404613F07BFEADE7002000214E
:10580000054B03C3404613F073FEA5E740420F006B
:10581000FFFFFF7F048900200015002020A1070062
:1058200030B5002185B0284813F092FE00281CD125
:10583000264B1A68002A16D0EFF3108172B6106852
:105840000028FCD0BFF35F8F012421485960027803
:105850001B68D2B20470BFF35F8F0020186081F321
:105860001088002A17D005B030BD01200021404229
:1058700000F02AFC002001F01FFA0500124813F086
:1058800037FE002DEFD0134B1B68002BEBD0124AD4
:1058900010689847E7E7FCF771FE0400FDF7E6F8AB
:1058A000FA220023920012184B41002B02DA012247
:1058B0000A4B524201210291002101910849200026
:1058C0000091FCF75FFECEE70489002010780020ED
:1058D00070890020B41D0020B81D0020FFFFFF7F4D
:1058E000ED550010D02310B51B0684B01C68FCF7E2
:1058F00045FEFCF745FFA04202D0002004B010BDD9
:10590000284B002100201B7801F068FD2648036821
:10591000002B44D00120FCF7ABFBFF23234C244990
:1059200020701840FCF738F920780121FCF7FEF8C8
:105930000520FCF721F9002824D1082200211D4868
:10594000FDF7CEFFFCF71AFE0400FDF78FF8FA22F0
:105950000023920012184B41002B02DA0122164B51
:10596000524201210291002101911449200000912D
:10597000FCF708FE0028C0DB11480121FFF7ACFC52
:105980000120BBE70120FCF78FF801000948FCF774
:10599000EDFB002205200B49FCF728F9ECE7FCF7AA
:1059A000BBFBB7E7B4360510048900206E890020E0
:1059B0002158001010780020FFFFFF7FED550010E8
:1059C000C0110020DD55001000487047C8BB011011
:1059D0000048704774BB011010B5040016480378E6
:1059E000002B20D0002C06D1144B15484380063BD9
:1059F000FF3B038010BD052C1CD8124BA400E458BB
:105A00000F480123811C013C04E001330A8002316C
:105A1000142B0CD0E25C002AF7D1C022DBB25B0071
:105A200092001343E5E7112100F01EF8DAE7CA23DC
:105A30009B00DEE70020DDE7348900200904000038
:105A4000B02700205CBB011010B5024800F0FCF844
:105A500010BDC046EC87002010B508220149FDF7B3
:105A600045FF10BDEC87002030B5012900D1BBE017
:105A7000744B01391A78121114003034092A00DDF0
:105A8000B5E00470012900D1DAE00F221C78224031
:105A900014003034092A00D9ACE04470022900D146
:105AA000CEE05A789446121114003034092A00DDF1
:105AB000A3E08470032900D1C2E064460F22224093
:105AC00014003034092A00D99AE0C470042900D1A6
:105AD000B6E09A789446121114003034092A00DD99
:105AE00091E00471052900D1AAE064460F2222400A
:105AF00014003034092A00D988E04471062900D105
:105B00009EE03025AC46DC7822119444092A00DD61
:105B10007FE062468271072900D191E00F22224086
:105B200014003034092A00D977E0C471082900D163
:105B300086E03025AC461C7922119444092A00DD08
:105B40006EE062460272092900D179E00F222240FC
:105B500014003034092A67D844720A2900D16FE052
:105B60003025AC465C7922119444092A5FDC6246F8
:105B700082720B2964D00F22224014003034092A8B
:105B800059D8C4720C295BD03025AC469C792211BF
:105B90009444092A02DD0735AC46944462460273F8
:105BA0000D294DD00F22224014003034092A01D98A
:105BB0003732140044730E2942D0DA7913111C00D5
:105BC0003034092B01DD37331C0084730F2937D0A3
:105BD0000F2313401A003732092B01D830331A0033
:105BE000C27310292CD010300023037030BD37321F
:105BF000140046E7373214004FE73732140058E7F5
:105C00003732140061E7373214006AE73732140084
:105C100073E70735AC4694447BE73732140084E7DA
:105C20000735AC4694448CE73732140094E70735C7
:105C3000AC4694449BE737321400C4720C29A3D1BC
:105C40004018D1E7EC87002010B588B004000D2281
:105C500000216846FDF744FE0D22002104A8FDF74F
:105C60003FFE4B236A466846137004A90D2213F0C9
:105C700037FC1521082220006944FDF737FE08B0E3
:105C800010BDC046F8B500F047F90C23194DFF22AE
:105C9000AB6705201849FBF7A9FF184C40220021EB
:105CA0002000FDF71DFE4027002301262121144A74
:105CB00066702783A260136063545F316184453945
:105CC0006354104A10496360E2602787A1620B6049
:105CD0006362E26213F054FC80239B052E64EB6444
:105CE00090230A4A0120EA508022094B5202DA64CA
:105CF000F8BDC04600001150B9060020A8300020B1
:105D000084001050000110508000105010D001008D
:105D10000020115010B501210520FBF707FF10BD31
:105D200010B500220021024800F016F910BDC0464F
:105D3000C8300020044B1970002904D08021902322
:105D4000024A8902D15070475F890020002011501B
:105D50000B785B0600D070474B78052BFBD18A7817
:105D6000014B1A60F7E7C04600001150F8B5CE4667
:105D70004746C87880B58007830F1800012B61D093
:105D80008B780A799C464B797F211B0213435B0574
:105D90005E0D63461940DC094B001A191F0063466B
:105DA0002F4D5201AA1893700123634053700023B2
:105DB0001683D370D076B146CA00012C31D0294E5B
:105DC00092198E01B446AC446646B2601360002955
:105DD00031D0254BC900C91871604B463F339B0930
:105DE000022836D09B0121483919026849016918F7
:105DF0000E00CA601E49D31803608B422BD83B1992
:105E00005B01ED18EB7E1B499B064A401343802241
:105E1000120613436A6813600120C0BCB946B0463D
:105E2000F8BD154E92198E01B446AC446646B26276
:105E30001360002908D1002364012C1963600F4B03
:105E4000E360E9E70020E8E70A4BC900C91871627E
:105E5000C3E7DB01C7E7FDF717F8F268CFE7C046F5
:105E6000A83000208400105004001050F07700206B
:105E7000FF0F105000001050800010500001105013
:105E800010B513F07DFB10BD7F2010B50840400019
:105E9000C90940181100044A400180181A0000F096
:105EA0005BF8012010BDC046A83000207F231800F9
:105EB00000B5084083B00B4204D14B424B41084A25
:105EC000013393668022C9094000064B4018400107
:105ED0000021C018120113F073FB03B000BDC046CF
:105EE00000201150A83000207F22130010B50B4075
:105EF0000A4200D110BDC9095B005B1804485B0170
:105F0000C018002300220349C37013F059FBF1E7C6
:105F1000A8300020FFF7FFFF80220A4B520410B583
:105F20001A60094B09491A6010000B689843FBD1AD
:105F30008022002152010648FDF7D2FC0922054BC0
:105F40005A6710BD00E0004000F0004008C000406B
:105F50000000105000001150002310B5C38201331F
:105F6000828283760161040013F0CAFA002804D00B
:105F700080219023074A8902D150200013F0F8FABB
:105F8000002802D00123237710BD200013F008FB66
:105F9000FAE7C046002011507047C0467047C0461F
:105FA00000207047002070477047C0467047C046C9
:105FB0007047C0467047C046024B5878431E984110
:105FC000C0B27047F8160020024B18784007C00F87
:105FD0007047C046F8160020F0B5D6464F464646F4
:105FE000C0B52E4B814698461B788A46FF2B4ED172
:105FF00000293ED0002154222948FDF771FC0022DF
:10600000284C294B20001A70FCF786F8274B1C609F
:10601000274C2000143CFCF79BF8200001F0DAFD2F
:10602000244B254D1C60254B002B04D02800FFF786
:10603000AFFA234B1860002400232A78214F204E0A
:106040000FE0336862019B18002B12D05B68002BB5
:106050000FD098472A780134E4B2511C2300A142A2
:1060600009DBA242EDD89B1A5B01DB195B68002BB0
:10607000EFD100200CE042464B4651464846137093
:10608000FFF700FE0028F4D04846FFF743FE01204A
:10609000E0BCBA46B146A846F0BDC046F4110020A7
:1060A000F8160020F0160020608900204C17002010
:1060B000EC110020501700205E890020915500103F
:1060C0001016002084BC0110F0B5DE4657464E463F
:1060D0004546E0B5C64B91B002931B78FF2B00D12B
:1060E0003BE1C44BC44E1F00C44B0DAC0193C44BE9
:1060F000009335686A69EFF3108172B61368002B5C
:10610000FCD0BFF35F8FA9612800210001F098FB4C
:106110006A69AB69BFF35F8F0021116083F3108858
:10612000002800D119E16378082BE2D89B00FB58C6
:106130009F466368002BDCD0A0689847D9E77F2290
:106140002179AE4D0A405300EB189846C8098044A7
:1061500040460123303005799D43057105790333AD
:106160009D430571002A00D1FEE04346A54A1B7DF0
:106170001278934200D3EDE0A34A5B011568ED1855
:10618000002D00D1E9E0A36862792078AD69A847C5
:10619000AFE79E4B1A78002A00D1DEE01A78013A68
:1061A0001A701B78002BA4D10122944D01212B7869
:1061B000042013432B703423EA5C8A43EA54EA5CDC
:1061C0008243EA540133EA5C8A43EA54EA5C82433C
:1061D000EA54237800209B4600F09AFC6022237941
:1061E0001A40602A00D1EEE0402A00D1F4E0DB063C
:1061F000DB0E012B00D111E1022B00D1C6E0002BF8
:1062000000D0E0E0202A00D11CE2002A00D0DAE031
:106210006379092B00D9D6E07D4A9B00D3589F466D
:10622000764D2B78DB0700D463E7FFF7C3FE60E70A
:10623000019BDB78DB0700D45BE76068FFF7AEFE0D
:1062400057E76E4D2B78DB0700D452E7287800071C
:10625000C00FFFF7ADFE4CE72378694999468B469E
:10626000684B694998468A4639001A7847460023A0
:10627000B04600254E46894610E053461B686A0129
:106280009B18002B00D175E0DB68300098473A7806
:106290000135EDB2511C2B008D4243DC9542ECD30D
:1062A0009B1A5B015B44EFE7237857499946554BAE
:1062B0008A4698463100BB464E461A780025002390
:1062C000474689460FE053461B686A019B18002B1E
:1062D00054D0DB68300098473A780135EDB2511C54
:1062E0002B008D4206DC9542EDD39B1A009A5B0190
:1062F000D318EEE7019D542200212800FDF7F0FAA3
:106300001022FF214348FDF7EBFA28002022FF214D
:1063100014304E465F46FDF7E3FA00F0EFFBFFF75F
:1063200045FEE6E6354D542200212800FDF7D8FA57
:106330001022FF21281DFDF7D3FA28002022FF217B
:10634000143046464F46FDF7CBFA00F0D7FB2379D1
:10635000AB70CEE6501C984213DA11B0F0BCBB46CD
:10636000B246A946A046F0BDA3686279207800F045
:10637000E3FBBEE646464F46204DE6E74E465F4607
:10638000CBE71F4D9B1A5B015D19FCE67023217A58
:106390000B4218D1C80982460F330B405B00984668
:1063A0001848EB1853441B7D00789946834268D205
:1063B00015485B01006881469944002A00D163E1D9
:1063C0004B46002B6AD120780021FFF76FFD80211A
:1063D0002078FFF76BFD8CE60F4800F099FB012158
:1063E00058460EAAFFF7B8F8002800D081E6EAE781
:1063F000F4110020DCBB011050170020F81600201B
:1064000084BC01105E8900201016002060890020E5
:1064100000BC0110FC16002059550010237A228977
:106420000F2BD0D8FF231340CF4AEB181B791578D8
:10643000AB423ED3691C9942C5DB5D1BCB4B6D0162
:10644000ED18686900F064FB012158466B690EAADB
:106450009847002800D04CE66022150023791D40A3
:106460001A42B0D163790A3B012BACD800F050FB43
:1064700063790A2B00D199E158460EA900F0D8FAA9
:1064800037E6431C4B4500DAF9E04B461B1A5B012B
:106490009946B6488144002A00D1F5E04B46586938
:1064A00000F036FB4B46012158465B690EAA98471F
:1064B0009AE7AF4A5B011568ED18002DC1D182E75C
:1064C000A37999466B789945D6D06B78002B00D08C
:1064D00035E14B466B70002B00D12DE14846013869
:1064E000C0B2FFF775FA002800D17EE14378079328
:1064F000022B00D079E10122C179B1468B114911FB
:1065000013400A40302112015B0113432A78A84648
:106510008A4313432B7009239A4682445646BA464F
:10652000C37882781B021343C31805938E4B0493E0
:106530008E4B08938E4B09938E4B0A93059BB34267
:1065400000D855E1737801220B2B03D13378F27810
:10655000F6187378042B00D044E1059B00279B1BA1
:106560009BB20693049B0B921D78002303931BE0C0
:10657000099A7B011568ED18002D00D132E1310038
:1065800058462B69069A98478446082803D9069AE4
:10659000824200D313E1049B01371D78FFB26B1CCC
:1065A00003979F4200DD1DE1BD42E1D8039B5D1BC7
:1065B000089B6D015D19E2E76B780CAA023213703B
:1065C000584601230EA900F049FA92E5E088030A33
:1065D000C0B20F2B00D9F6E667499A008A58974651
:1065E0000EA800F09BFA5846A179FFF799FB02220A
:1065F0002B7813432B707CE5E388012B00D0E2E677
:1066000008222B78584693430EA92B7000F010FAFD
:106610006FE5022029780CAB9A1C8B068908DB0FEA
:1066200001400B431380584602230EA900F016FACE
:106630005FE5E388012B00D0C5E608222B781343E1
:106640002B7019E7237A22890F2B00D9BBE6FF2391
:106650001340EB181D79444B1B789D4228D2444BC4
:106660006D011B685D19002D00D1ACE6686900F072
:106670004FFA012158466B690EAA9847B4E6002AE2
:1066800000D0A0E60023994662790220130003920D
:106690008343012B15D0002A00D094E62B004344FD
:1066A000534430331B790CAA9B07DB0F0232B9E746
:1066B0005A1CAA4200DA86E6ED1A2C4B6D01ED1841
:1066C000D4E7E388002B12D1029B1878039B012B9F
:1066D00023D0FFF7EBFB43460221EB185344303342
:1066E0001A790A4301211A711A790A431A714B4621
:1066F000002B00D1FDE4586900F00AFA4B46012155
:106700005B690EAA58469847002000F001FA35232D
:10671000EB5CDB0700D5ECE4AEE6FFF7E5FB4346B8
:106720000221EB18534430331A798A431A711A79CB
:1067300003998A431A71DAE7FFF738FC9CE60021D7
:106740005846FFF7F7FA5846FFF79AFBAB78074928
:106750000393054B049198461A7800230449AA46EE
:1067600005911D001BE0C0465E89002084BC01101D
:10677000101600200C17002028BC0110059B6A0190
:106780001B689B18002B4CD0DB6858469847434643
:106790001A780135EDB2511C2B008D422DDC95424B
:1067A000ECD39B1A049A5B01D318EDE70CAB9A1C4F
:1067B000584601230EA9157000F050F999E40B9A80
:1067C000012A4ED0002A3CD00023B07804E00133E7
:1067D000DBB20F71934234D2C118C9B241440D7972
:1067E000FF2DF4D04E464546574600236B70EAE530
:1067F0004E465746FFF7D8FB3EE655465422002149
:106800002800FDF76DF81022FF21281DFDF768F81C
:1068100028002022FF211430FDF762F8039BAB70A3
:1068200057E65546FAE7FEF793FE021E00D1CAE589
:10683000D37891781B020B4358460EA900F00EF94D
:10684000D2E565463B002A0031000A9800F06AFE56
:10685000049B039A1B7876190133934200DB6DE6A3
:10686000C0E7174B29699942AED1079AACE7FFF709
:1068700097FB021E00D1A6E5584613780EA900F03A
:10688000EDF8B1E52189FFF7A7F8021EF4D19AE5EA
:10689000022B0FD0FFF786FB021EC9D193E5FFF74D
:1068A00093F8021E00D18EE5122358460EA900F07F
:1068B000D5F899E5FFF78CF8021EB9D183E5C046FB
:1068C000096F0010F0B54F464646D646C0B50C00DD
:1068D00016001F0082B0002A3AD0702398461D4B44
:1068E000002599461C4B9A461AE04B461B7820001F
:1068F00001935346997800F0DBFD00281CD021005D
:106900000198FFF733FA002816D0A378DA09012A94
:1069100019D00A9A01351370B54219DA2378E418B0
:106920006378052B08D1E3789B079B0FBB4203D10B
:106930004246A3781A42D8D0002002B0E0BCBA4642
:10694000B146A846F0BD0B9A01351370B542E5DBA0
:106950000120F2E7F4110020F8160020702270B533
:106960008B780C001A4201D0002070BD064B20002D
:106970001D78064B997800F09BFD0028F4D021008B
:106980002800FFF7F3F9F0E7F4110020F8160020D3
:106990007F20074B10B51A680840CB0934334000FC
:1069A000C018044B1100C01800F03EFD10BDC046D9
:1069B0004C170020F81600207F20074B10B51A68EE
:1069C0000840CB0934334000C018044B1100C018F4
:1069D00000F052FD10BDC0464C170020F8160020F4
:1069E00070B57F24C80984460C400F486400041920
:1069F000644430342079C00701D5002070BD0B48B5
:106A00000125007884462079284320716046FFF7ED
:106A10003BFA0028F2D10122237993432371237991
:106A2000033293432371E8E7F8160020F4110020A5
:106A300070B5094C0600082220000D00FCF756FF37
:106A400000238021E360A3602B783000994300226B
:106A50000023FFF7C5FF70BDD8160020F0B5C6466D
:106A6000244C170080460822200000B50D001E00AF
:106A7000FCF73CFF0023A760E381EB79AA791B02B6
:106A800013431A1CB34200D9321C96B2A281002BC8
:106A90000CD0002E15D0002F2AD0402E1AD82378E3
:106AA00096B27F2B1BD80021134A0EE080212B7851
:106AB0000022994340460023FFF792FF80BCB8466E
:106AC000F0BD7F2300222178994333004046FFF731
:106AD00087FFF3E74022237896B27F2BE3D9064C59
:106AE000320039002000FCF701FF80212200ECE792
:106AF0000020E3E7D81600209816002010B51422D5
:106B000000210248FCF7ECFE10BDC046D81600205C
:106B1000014B18617047C046D816002010B5054CCF
:106B2000010008222000FCF7E1FE0023A360E360DF
:106B300010BDC046D816002070B5374C1D00237814
:106B40000600DA09C9098A4210D00020002D00D0C1
:106B500070BD21003000FFF7FBF82369002B03D044
:106B600022000321300098470120F1E77F2B06D84F
:106B7000A0680028ECD02A002849FCF7B7FEE2897B
:106B8000A1685219E38892B24919E281A160934247
:106B900014D03F2D12D9A389981A051C80B2402821
:106BA00028D82078ADB27F2826D800219A4230D04C
:106BB0001A4A2B003000FFF713FFC9E72369002BA7
:106BC00005D02200022130009847002808D08021FB
:106BD00023780022994330000023FFF701FFB7E735
:106BE00000213000FFF762F930008021FFF75EF9E5
:106BF0000120ADE74025D4E79A4207D0074C2A0090
:106C00002000FCF773FE80212200D2E780210022C1
:106C1000CFE70022CDE7C046D81600209816002006
:106C200070B50400FFF7C8F9002800D170BDFFF768
:106C3000CBF90028FAD1C8236343124A2500D4189F
:106C4000E1780029F2D010339E18300000F0E2FD08
:106C50003F28EBD90020E178FFF79AFE0028E5D025
:106C6000300000F0D7FDE1783F2807D9064BEA0154
:106C7000D21800204023FFF7B3FED7E70020FFF72C
:106C80009BFED3E7701200201416002010B50400FC
:106C9000FFF792F9002801D1002010BDFFF794F909
:106CA0000028F9D1C8226243024B01309B181B799E
:106CB0001840F2E770120020C82310B54343024881
:106CC000181800F089FD10BD80120020F8B5C82307
:106CD00043431D4D1033EE18802304005B029A429B
:106CE00000D31A4A300092B200F0F8FD0700FFF717
:106CF00063F9002801D13800F8BDFFF765F90028D5
:106D0000F9D1C8236343ED18EB78002BF3D03000A2
:106D100000F080FD3F28EED90020E978FFF738FE2B
:106D20000028E8D0300000F075FDE9783F2807D949
:106D3000074BE201D21800204023FFF751FEDAE7AB
:106D40000020FFF739FED6E770120020FFFF000099
:106D500014160020F8B50400FFF72EF9002801D121
:106D60000020F8BDFFF730F90028F9D1C82325002D
:106D70005D432B00134E2433F718380000F02CFD30
:106D80000028EDD075190020A978FFF701FE002832
:106D9000E6D00D4AE3019C1821004022380000F0A3
:106DA0009DFDA9780300051E07D022000020FFF7F3
:106DB00017FE0028D4D02800D3E70020FFF7FCFD01
:106DC000CEE7C046701200205416002070B5C824CB
:106DD00044430C4B0500E41880235B029A4200D325
:106DE000094A200092B200F041FE0600200000F0A7
:106DF000F3FC3F2801D8300070BD2800FFF7AAFF40
:106E0000F9E7C04694120020FFFF0000C82310B528
:106E100043430248181800F0FDFC10BD94120020F6
:106E2000F0B50025184C83B0C82200212000FCF7E3
:106E300057FD164B21001D70FF236371E1235B0298
:106E4000A360200008234022A37338310095073B3C
:106E5000103000F08BFC27000123210020002600C9
:106E6000402278310093B837243000F07FFCC036E0
:106E70003800FBF751F93000FBF74EF9E561276266
:106E80002663656303B0F0BD7012002094160020E5
:106E90000A4B196B1A6A00290CD0002A07D000226D
:106EA000DA615A631A6300221A62012070475A633A
:106EB0001A63FAE7002AF8D0D961F4E770120020CB
:106EC00070B5052200210D48FCF70AFD0C4D2B780A
:106ED000DA0707D50B4C9B070CD50121200000F0E9
:106EE00099FE70BD0548103000F074FE2B78054CFB
:106EF0009B07F2D4200000F06DFEEEE77012002038
:106F00009416002094120020F0B54B79070083B04E
:106F1000022B02D18B79022B03D00024200003B076
:106F2000F0BD214B1E009B78002BF6D18B780924F5
:106F300033700D784D196B78242B07D00CE02B782B
:106F4000ED181C196B78A4B2242B05D1A242F6D2FD
:106F50000020FFF765FEE1E71A00052B15D0042A93
:106F6000F6D16B790A2BF3D1104B2E7801930133B4
:106F7000009338000223A919023AFFF7A3FC002866
:106F8000CBD00E34A419A4B2E2E729003800FFF7F1
:106F9000E5FC0028C1D0AB7873702B781C19ED1874
:106FA0006A78A4B2DBE7C04670120020721200209B
:106FB00060238C461100127870B513400022202BFC
:106FC00008D1324C4B7926000D7924781B022B43D3
:106FD0009C4201D0100070BD4B78222B1CD008D8E9
:106FE000202B39D0212BF5D16346012B43D0012230
:106FF000F0E7232BEED16346012B42D0032BF6D1D1
:10700000234B002BF3D08B78C97800200902194359
:1070100000E000BF0122DDE76346012B31D0032BE6
:10702000E5D10125CB788A781B0213431C001D4053
:1070300033000121243318006940347100F0EAFD67
:10704000144B002BD3D0012362081A4029000020E2
:1070500000E000BF0122BDE76346012B0BD0032BEC
:10706000C5D10D4B002BC2D0310000200831FEF7F6
:1070700095FA0122AEE7094A0723FFF7EFFC012248
:10708000A8E7FFF7D5FC0122A4E7C0467012002054
:1070900000000000000000009D5500107812002044
:1070A000F8B54746CE4680B5344C1F00E37880469D
:1070B0000D008B423BD0A37800208B4211D0C0BC86
:1070C000B946B046F8BD2E4B002B04D02D4800F039
:1070D00099FB00284FD00020FFF7A2FDA378AB4218
:1070E0000AD1294B002B02D0002000E000BF002075
:1070F000FFF730FE002801D00120E0E7234C2000FC
:1071000000F06AFB0028F7D1002FF5D0BB06F3D1C1
:10711000243C4046A178FFF73BFC0028ECD000233C
:1071200000224046A178FFF75BFC0120C7E7184E1C
:1071300014483100BAB200F099FC164B002BC2D0B3
:107140006379FF2BBFD0002FBDD0BC46B444E146CD
:1071500003E001364E45B6D0637932789A42F8D1D1
:10716000084800F04FFB0028F3D1064B103B59793B
:1071700000E000BFEDE700E000BFACE770120020C8
:107180000000000080120020000000009412002087
:1071900014160020000000009322F0B5134C85B0B7
:1071A000002120009200FCF79BFB2300200080269A
:1071B00040270F4D4D337600FF3329300295009361
:1071C00000220023002103970196FF3000F0C4F94C
:1071D0004035201D28340023012200210397029509
:1071E0000196009400F0B8F905B0F0BD9C1800209D
:1071F0001C18002010B5054C200000F0E1F920001B
:107200002538FF3800F0DCF9012010BDC41900203A
:1072100070B5084C002520003130FF30257000F09B
:10722000D9FC20000C3000F0D5FC2A23FF33E554B4
:10723000657170BD9C180020F8B5CE46474680B5F4
:107240004B7980468946FF2B06D12A23374FFF33DF
:107250007E79FB5C1E4304D00020C0BCB946B0461A
:10726000F8BD8B780C783B700B790C19002B3CD057
:10727000A51803E0AC4238D22378E4186378052BD4
:10728000F8D1AC4231D221004046FFF767FB00281D
:10729000E2D0A378DB09012B2BD0254800F09AFC23
:1072A0002A23A278FF33FA54637922791B0213430D
:1072B0009421204A5B055B0D9B185A4253410220E2
:1072C00049007A5C5B00824313437B541849404673
:1072D000083900F0DFF90028BED023780136E41821
:1072E0004B461B79F6B2B342C8D84B46E01A80B27F
:1072F000B3E7114800F06EFC0F4AA3780C3A5371C3
:10730000637921791B020B435B050A495B0D5B180E
:1073100059424B41022011795B0081430B430649DE
:1073200000200839137100F07FF9D6E79C1800207F
:10733000CC19002000FEFFFFA818002070B51D002A
:107340002A2304001F48FF33C35C8B4216D04079C8
:10735000884201D0002070BD1B4B002B04D02904B3
:107360000020090C00E000BF184B200019001E008F
:1073700000F05AF900281DD00120ECE79A235B00A9
:10738000C35A002B0DD1124B002B04D00020114901
:10739000AAB200E000BF20000F4900F07BF90120F5
:1073A000D9E796235B00C1583130AAB2FF3000F014
:1073B0005DFBE8E72A003100200000F003F901201E
:1073C000C9E7C0469C18002000000000A01800205B
:1073D000000000001C180020C419002000B50300A4
:1073E00083B0002910D00020012B07D80A78002A8A
:1073F00004D00C48C2540120012A01D003B000BDC2
:107400001800FEF7E9FDF9E701236A46002001A90B
:107410009380FEF7E1FD0028F0D00122014B1A70A5
:10742000ECE7C046EC16002070B504002378080095
:10743000DB070E00DD0F002B16D123785B0701D58B
:10744000280070BD0121494212F08AF82378DB0739
:10745000DD0F002B0AD123785B0708D404222378A0
:1074600001251343237002E00025E9E700253000E1
:1074700012F03EF8E4E7C04670B50D0001210400AB
:107480004942280012F06CF823785B07DE0F002BCE
:1074900004DB280012F02CF8300070BD2378DB07E5
:1074A00004D40422237893432370F2E70026F0E704
:1074B000437902791B021343C2785B0592075B0D87
:1074C000920F022A1AD0032A0BD00020012A07D1DA
:1074D00002394A425141104A891899424041C0B28A
:1074E000704702394A1E91410C4A4942114080229C
:1074F0000020D200891899424041F1E7022904D0C6
:10750000002040229A424041EAE7054A9818434247
:107510005841C0B2E4E7C046FF03000040FCFFFF53
:1075200000FEFFFF8446881830B51C00814206D259
:107530004A78052A04D00A7889188842F8D830BDDC
:107540007F228B781A4052006244DB09D4540A78B7
:1075500089188842ECD8F2E7F0B5C64600B582B08B
:10756000904608AA20CA040016886A460120978D12
:107570000A0021780240814320001143217032002B
:10758000009329000123083000F0F0F8002D01D00D
:10759000002E07D101200A9B6780636002B080BC87
:1075A000B846F0BD25001C352800FAF7B5FD424667
:1075B0000023002A01D02B0000256361A561E9E7C3
:1075C00001207047F8B502240B7807001C40634285
:1075D0005C410800124B64421C40124B08300D0005
:1075E0001600E41800F0F8F8002807D1002E05D0A6
:1075F000344203D101242B781C4201D00020F8BD75
:1076000038006978FFF7C4F90028F7D02B781C42BE
:10761000F4D10023002238006978FFF7E1F9EEE7A2
:1076200040FEFFFFFF01000008239C468C4470B51C
:10763000050060460C00664600F0CEF8002803D036
:10764000012223781A4201D0002070BD2800617801
:10765000FFF79EF90028F7D062883000616800F0DB
:107660003DF901222378134000280CD0002BEBD1E8
:1076700003006268617804002800FFF7B1F9002870
:10768000E2D02000E1E7002BDED128006178FFF78F
:1076900093F9D9E7F0B5C64600B58A8906000C0013
:1076A0000B78002A06D101321A4240D0002080BC5B
:1076B000B846F0BD9B0734D42B4B40259846082391
:1076C0009C46A4446046674600F0A4F88542EDD885
:1076D000012223781A42E9D130006178FFF758F986
:1076E0000028E3D0380000F095F8012223781340F9
:1076F000854232D8002BD9D1414662880140131C03
:107700008A4200D90B1C9BB200226178002B00D06A
:10771000626830001C00FFF763F90028C6D0200023
:10772000C5E7FE2380251B029846AD00C7E74978D0
:10773000FFF72EF90028B9D0012223781A42B5D1DB
:10774000638800226178002B00D062683000FFF768
:1077500047F90028AAD06088A9E7002BA6D13000FD
:107760006178FFF729F9A1E7C0FF0000F0B5C64630
:1077700000B598466B461E7E802304000F0015005E
:107780001B029A4226D8C068002803D00121494232
:1077900011F0E6FE2069002803D00121494211F0D2
:1077A000DFFE42465204F303520C1343E3800023EE
:1077B000E06863812760A5802381002801D011F053
:1077C00097FE2069002801D011F092FE012080BCB4
:1077D000B846F0BD0020FAE7038941899C468288BB
:1077E0009BB288B28C4507D31B1A9BB2101C9A42DD
:1077F00000D9181C80B270475100091A5B189BB25F
:10780000F4E7C04603894089181A43425841C0B280
:107810007047C046038941899C4682889BB288B2E2
:107820008C4507D31B1A9BB200209A4201D9D21A69
:1078300090B270475100091A5B189BB2F4E7C0463A
:1078400070B5040000690D00002803D001214942F1
:1078500011F086FE238962899C4698B291B2A38872
:10786000944532D3421A92B2002A27D0934208D2CA
:1078700098422FD3C01A81B261818B4203D8C91AB2
:1078800089B28B42FBD9E28823685204520C5143DF
:1078900028005918FCF72AF8618901254A1C92B280
:1078A000A38891420DD900225B00D21A206962811F
:1078B000002801D011F01CFE280070BD002562894F
:1078C00092B25B009A42F1DBEFE75A00521A82183B
:1078D00092B2C9E7C01881B26181CEE7F0B54646E1
:1078E000D6464F46C0B5060000698A46904682B02B
:1078F000002803D00121494211F032FE31897289FA
:10790000B5888BB294B2914255D31F1BBFB2002FE2
:107910004BD0BD4205D2AB4252D25B199CB22F0074
:1079200074814346B8453ED89FB2A54203D8641B34
:10793000A4B2A542FBD9F28831685204500C02006F
:1079400062432B1B9BB28918019002009F4225D9EC
:1079500043439BB21A0050469946FBF7C7FF504677
:10796000019A7D1B6419544331684844A2B2FBF765
:10797000BDFF7189B588CB199BB26A00994216D9AF
:107980009B1A30697381002801D011F0B1FD3800D5
:1079900002B0E0BCBA46B146A846F0BD50467A43B4
:1079A000FBF7A4FFE5E73B1CBEE773899BB26A00C7
:1079B0009342E6DBE4E76F003F1BDF19BFB2A6E7A7
:1079C0005B1B9CB2ABE7C046F8B50400C0680F0073
:1079D000002803D00121494211F0C2FD25892089E8
:1079E0006189A288ADB283B28EB2884228D39B1B34
:1079F0009BB29A4209D8E679F60906D1E0680028D8
:107A000001D011F075FD3000F8BD2B0095421CD35C
:107A10009B1A9BB29342FBD2E28820685204520C1C
:107A200053433900C018FBF761FF6B1C9BB2A2885F
:107A30009D4216D9002352009B1A01262381DDE7BF
:107A40005100891B5B189BB2D3E7E288206852047F
:107A5000520C53433900C018FBF748FF0135A28888
:107A6000ABB252009342E8DBE6E7C046F0B54E46C3
:107A70004546DE465746E0B589460500160083B008
:107A8000002A6BD0C068002803D00121494211F0C0
:107A900067FD2F89EA79BBB298466B89AF889BB2A4
:107AA000D2093DD1984562D27A00D31A43449BB2A1
:107AB000BB4261D2FB1A1A1C9BB2B34200D9321CE2
:107AC00096B2F31B01934346F3189BB29B46EA8898
:107AD0004446B84503D3E41BA4B2BC42FBD25204D3
:107AE0003B1B570C3A00624328689BB28018B34294
:107AF00056D33A0049467243FBF7F8FEAB885B0069
:107B0000D84501D89B4502DB5A46D31A9B465B46B3
:107B100037002B81E868002821D011F0E9FC1EE035
:107B2000BE422BD298454CD34246D21A92B279002B
:107B3000F01B921901908A42C5DBDA1992B2934682
:107B4000921B92B29046934240D94346591A8BB247
:107B50009846F3189BB29B46EA88B9E7002738009D
:107B600003B0F0BCBB46B246A946A046F0BD4246B3
:107B7000D31A9BB2BB429DD30027CBE7002FC9D0BD
:107B8000CC46EA88F61B5104490C714398468C4454
:107B9000D919002389B2E1468B463E00019397E74D
:107BA0007B439BB21A0049469A46FBF79FFE494623
:107BB000019B2868E2187A43514492B2FBF796FE83
:107BC0009CE77900CA1A424492B2B1E79142BCDD07
:107BD000C2E7C04610B50400C068002803D00121E8
:107BE000494211F0BDFC2069002803D0012149421F
:107BF00011F0B6FC0023E06863812381002801D0E6
:107C000011F076FC2069002801D011F071FC0120F0
:107C100010BDC04670B50400C0680D00002803D038
:107C20000121494211F09CFC2069002803D0012168
:107C3000494211F095FC7F21E279EB011140E068A7
:107C40001943E171002801D011F052FC206900288D
:107C500001D011F04DFC012070BDC04610B506F0FA
:107C600073FD10BDF8B501230B72040006F0A0FDF2
:107C70000500431C0AD10F4B03CB0F4B22689860C1
:107C8000D9601900200052699047F8BDFAF7EEFE5E
:107C9000FA2206000F000023280000219200FBF7C3
:107CA000C7FD801979410029E7DA012003494042E4
:107CB000E3E7C04618B80110F8110020FFFFFF7F6E
:107CC00070B5094D04002B78002B08D0012307491B
:107CD00020000B722368DB699847012070BD00F01B
:107CE000B9FB01232B70F1E76989002010120020F5
:107CF00010B50400036804499B6998472368200075
:107D000002491B6A984710BDF8110020101200208C
:107D1000002070477047C04610B5FAF7A7FE00294B
:107D200005D0FA2200239200FBF746FA10BDFA2193
:107D30008900FBF703FAF9E78368002B04D107E019
:107D40001A68002A06D013008B42F9D1002005E002
:107D5000030008331960002301200B607047C04600
:107D60008368002B0BD0083003E018001B68002B41
:107D700005D08B42F9D11B680360012000E0002090
:107D80007047C0464368002B04D107E01A68002AF8
:107D900005D013008B42F9D1002004E0031D1960C7
:107DA000002301200B6070474368002B0BD0043088
:107DB00003E018001B68002B05D08B42F9D11B682B
:107DC0000360012000E000207047C046F0B5574630
:107DD000DE464E464546E0B53E4B83B018CB009399
:107DE000019483688246002B2BD008235344984685
:107DF000FAF73CFE53469B6804000D00002B20D090
:107E0000002247461E0094469946B268F368200057
:107E10002900801A9941002902DB14001D00BC468C
:107E200037003668002EF0D16246002A49D011682A
:107E300050460B6813604B68984753469B68002B6D
:107E4000D6D153465C68002C29D000255646237AAB
:107E5000002B32D0210063682572300098472468D7
:107E6000002CF4D1B368B246002B18D0009C019DC1
:107E70001E0003E004000D00002E0ED0330022008F
:107E80009868D9682B00121A8B413668002BF1DCF8
:107E9000F2D1002AEED1002EF0D100940195009B82
:107EA000019C5246180021001361546103B0F0BCDC
:107EB000BB46B246A946A046F0BD2468002CC6D1F8
:107EC000D0E753465C68002CBFD1009C019D4E4614
:107ED000D4E7C04618B801100F4A104B10B512185D
:107EE0004B419900900F0818990F504059400C4A87
:107EF0000C4BFBF79DFC4A01C30ED318CA0E584029
:107F00005140094B094AFBF793FC4A00C30FD318B1
:107F1000CA0F5840514010BD157C4A7FB979379E31
:107F2000B9E5E41C6D4758BFBB49D094EB11311340
:107F3000F0B504684568060023002A00C64680683C
:107F4000F16803430A4300B5134304D1FAF78EFDE9
:107F500003000B43FAD023062A0A2F06D218230A5D
:107F60006940DB194B4098466040070CBC4603044F
:107F700042405A4043460F0467447B40326073607E
:107F8000C20E4B019B18C90E40014018B360A10FEF
:107F9000AB00CB18A20012196B41F060D101580E52
:107FA000520EDB014418D518E900630F5918E000A0
:107FB0000019694180BCB846F0BDC046F0B5DE4648
:107FC00057464E464546E0B5B8498FB00791097807
:107FD000002900D1E2E00AAB9B46B54BB54C0293B9
:107FE000B54BB64D9846102241465846FBF77EFCED
:107FF000B34B04931B78DBB20593FAF737FDFFF719
:108000006BFF0A9B5A4658405B465B680A904B40A0
:108010005360AC4B9B69DB0431D5AB4BDA6BE0238F
:108020001340402B2BD0EFF305839A46A74B2768CC
:1080300099462B00554666689A4638003100002D57
:108040001AD1FAF79FFBEFF3108272B64B461B680A
:10805000002BFBD0BFF35F8F2368BB4212D0BFF36E
:108060005F8F00214B46196082F31088276866688D
:1080700038003100002DE4D0FAF702FDE3E7FAF70B
:1080800003FFD0E76368B342E9D18E4B1600DF6986
:10809000FAF7ECFC0A2200238018594155460200E9
:1080A0000B1E02DA01228A4B52420CC42A686B680A
:1080B00092185B41012000920193019B38401043CC
:1080C000002428606B60BFF35F8F804A146086F3E2
:1080D00010880199FFF700FF5B469B685A4658409D
:1080E0005B46DB6890604B40D360029B794A1B780B
:1080F000DB009B189868784A90424DD00021FFF72A
:10810000EBFE0A9B5A4658405B465B680A904B4020
:108110005360EFF3108672B66C4A1368002BFCD0E4
:10812000BFF35F8F049B059A1B78934216D05B4682
:108130009A6843469B6841465A405B46C968DB687B
:1081400044464B40414608680A996468484059468D
:1081500049680A9061400B910C920D935846FFF7C5
:10816000E7FE102204000D0040465946FBF7BEFB17
:10817000049A137801331370BFF35F8F0022534BBF
:108180001A6086F31088200029000FB0F0BCBB46AF
:10819000B246A946A046F0BD9C60AFE74F4D504C9B
:1081A000AC46206861684F4DA246A94600920193F3
:1081B000850D8F028602EF1934003D0024184D41D1
:1081C000A30E9846AB0143440193A3010093009C86
:1081D000019D241A8D412000644608CC2900029399
:1081E0000023A4460393029C039D00196941CC45DA
:1081F000DED1544603C4FFF76FFE0AAB9B460A9BD1
:10820000434099465B465B6808A84B400493FDF7E2
:1082100023FC08980999FFF75FFE5B469B68434083
:1082200005935B46DB684B400693264B9B69DB045A
:1082300000D4ECE0244BDA6BE0231340402B00D158
:10824000E5E0EFF30582402300241E000023924660
:108250004F46D846009301941C4D164C00239B4674
:108260005346B94602966768266839003000002BED
:1082700019D0FAF705FCEFF3108272B62B68002BC9
:10828000FCD0BFF35F8F2368B3422DD0BFF35F8F65
:108290005B462B6082F3108853462668676830007F
:1082A0003900002BE5D1FAF76DFAE4E77389002075
:1082B0006489002008150020D0000020C0000020A4
:1082C000658900200000064000800040300100D099
:1082D000FFFFFF7F00000340FFFFFF00001C0420A2
:1082E000C8000020002004206368BB42CED14F4666
:1082F0009146009A019B10001900801859414B4B80
:10830000029EDA6901231340034300930191FAF7B7
:10831000ADFB0A2200238018594102000B1E02DA2D
:108320000122434B524222606360012E5BD10098D0
:1083300001993B003F4D4F46C3469946B0462860E1
:108340006960BFF35F8F00233B4E336087F3108873
:10835000FFF7C2FD4B465840049B0A904B40190062
:108360005B465960FAF782FBFFF7B6FD059B434079
:1083700018005B469860069B4B4019005B46D9602D
:10838000EFF3108772B63368002BFCD0BFF35F8F1A
:10839000079B1B78002B2ED1284BDA681F2A39D077
:1083A0005A691F2A38D0DA691F2A3BD05B6A1F2B13
:1083B00035D0FAF769FDFF23FF222149DB000A705F
:1083C000204A02919B18052258465A60FFF7B0FDDB
:1083D0001D4B1022180059469846FBF787FA0123D7
:1083E000079A13700BE0BFF35F8F00232B6089F3B4
:1083F0001088013E32E7124B0293134B9846BFF3AD
:108400005F8F00220C4B1A6087F31088EBE5FAF7B8
:108410003BFD16E70023984643461A00CDE71C3B78
:108420009846F9E702239846F6E7C0460000064062
:10843000FFFFFF7FC0000020300100D0000003409C
:108440006489002008000340D000002010B5FFF729
:10845000B5FD10BD10B500F057FB00F01DFD00F09C
:108460007BFD06F0B9F901F03DFC00F099F906F04A
:10847000CDF810BD40BA80B27047C04600BA704710
:10848000F0B5C646664E05003368884600B5002B39
:1084900003D0327A824200D178E0624F2C01F36837
:1084A000002B02D0327DAA4266D0B369002B03D0E4
:1084B0002022B25CAA4255D0736A002B03D02C2232
:1084C000B25CAA4228D0002D31D0BB7A022B68D0F2
:1084D000012D00D16FE08D235B00FB5C022B00D1EE
:1084E00075E0022D2CD0504BFB5C022B00D180E0BC
:1084F000641924013C19E37B032B0AD84B4D9B00E4
:10850000585906F06BFC0022E37B9B005A51042370
:10851000E37380BCB846F0BD6019000110304146DD
:10852000B26A3818984700237362002DCDD18D238D
:108530005B00FB5C022B65D03B4BFB5C022B68D0E5
:108540003B4BFB5C022BD3D163193A4A1B01FB184E
:10855000BA5CDB7B9A42CBD1042263191B01FB1866
:10856000DA73D6E76019000110304146F269381815
:1085700098470023B3619FE760190001103041461E
:108580003269381898470023F3608EE704012018F9
:10859000244F000110307268381898470023336068
:1085A0007DE763191B01FB18DA7BFB7B9A42D3D072
:1085B000012D00D08FE71C4BFB5C022BC0D11E4B62
:1085C000FA5C2023FF33FB5C9A42B9D1C4E7202236
:1085D00063191B01FB18FF32BA5CDB7B9A42BBD0EC
:1085E000022DADD0104BFB5C022B02D0032DA7D186
:1085F0007EE76319104A1B01FB18BA5CDB7B9A42C9
:10860000F4D1A9E72023FF33FA5CFB7B9A42E9D13E
:10861000A2E7094BFA7BFB5C9A4291D19CE7C046EA
:1086200020280020582800202A02000010280020BE
:108630003A0300003F0300002F020000F0B545465A
:108640004E46DE465746504BE0B5984687B003018C
:108650001D18009343462D015C19E37A0600012B97
:1086600000D98DE0494A9B00D7589346002F00D18E
:108670007CE010354544280010F0F6FEA0221230B0
:1086800081B29200362000F097FE8146002860D02B
:1086900003AF0C2200213800FBF722F92089FFF7F5
:1086A000E9FE0123BB70FF3338803900BB800C2703
:1086B0000C22484601F0BAF9013D01966B786E1C18
:1086C000320000242E2B06D155E053780134E4B259
:1086D0002E2B45D00132002BF7D1931B9BB29A462B
:1086E000150023002A4AFB1893422FDC2200390090
:1086F000484601F05DFA7B1C9BB252463100484669
:1087000001F0D0F9E4192B78671CBFB2002BD5D14A
:10871000002239004846019E01F04AFA1D4B0234FE
:108720000422029302A9A3B2484601F0BBF9009BC0
:1087300019499B191B014344DA7ADB7B92009B00A9
:1087400058585A443523494606F0E0FA484600F0A6
:1087500097FF07B0F0BCBB46B246A946A046F0BDA5
:10876000551BABB29A46551C2300BBE70021FFF70F
:1087700087FEA772EDE70022350000239246B1E79D
:108780000648F9F7CBF8C0465828002050280020AA
:10879000FEFF00000001000110280020FC990110DC
:1087A0007047C046012800D97047054B800000295A
:1087B00002D00A68C250F7E7024A1268C250F3E7D3
:1087C00050280020D4BF0110F8B5404E8D2734004A
:1087D00000257F00A37A022B2CD024D8002B1BD09D
:1087E000FFF734FEB37A80B2022B3AD0F35D022B4E
:1087F0003DD0374BF35C022B42D0364BF35C022B5F
:1088000047D002230122A37200232081E3722800B3
:1088100022736373FFF712FF01351134EDB2FF3499
:10882000042DD7D1F8BD032B4CD12368002B12D1D6
:10883000A372F1E7237B013BDBB22373002BEBD167
:10884000637B0133DBB26373042B28D023732800CE
:10885000FFF7F4FEE0E7013B2360002BDCD1A372BD
:10886000DAE733898342BBD0F35D022BC1D11733E2
:10887000FF33F35A8342B3D0154BF35C022BBCD1C8
:108880008A239B00F35A8342AAD0124BF35C022B3B
:10889000B7D1CE239B00F35A8342B2D1A0E7E37A4B
:1088A000002B08D10C4A5268002A04D001226373BD
:1088B000E2722273CBE700212800FFF7E1FD0023DD
:1088C000A372A9E70548F9F729F8C04658280020FF
:1088D0002A0200003A03000050280020149A0110D8
:1088E00000239C460133F0B51A0004002240080022
:1088F00017001C4206D000294DDD237801381B02E9
:108900009C46013403221300234014424AD1072815
:1089100058DD0600083E072235009543220021005D
:108920000832AD180A689A189A429B41D21A4B68CD
:108930000831D318934292419B1AA942F2D1C2083E
:10894000013AD200A418B01A1A040834120C1B0CF5
:108950009B18012810DD22889B18032805DD6288FA
:108960009B18052801DDA2889B184208013A520095
:108970000238A418801A0234012819D063441A0C52
:108980001B041B0CD318180C1B041B0CC018002F45
:1089900002D180B2F0BD0020030600041B0C000EC3
:1089A0001843F6E701280BDD238802380234AEE7CE
:1089B000FF21604688430100227811435B18DEE7FF
:1089C0000023D9E71A00C2E7F0B54F46D64646461F
:1089D000C0B59246089A894611681B680A04120CB1
:1089E000090C52181904090C52181B0C9B181A0C6C
:1089F0001B041B0CD3181F0C1B041B0C0400FF18BA
:108A0000002823D000230126984665896068290044
:108A1000FFF766FFC019070C0004000C3F182E4238
:108A200009D04346FF2173403A0698463B0A120C90
:108A30000B401A4317002468002CE6D14346002B54
:108A400004D03A063F04120C3F0E17434846FFF786
:108A500011FD04005046FFF70DFD2018C019030C4E
:108A60000004000C1B18180C1B041B0CC018C0437E
:108A700080B2E0BCBA46B146A846F0BD10B582B09F
:108A8000049C0094FFF7A0FF02B010BD10B5FFF7E3
:108A900027FFC04380B210BDF0B5C646040000B544
:108AA00000282CD00023002798460126658960689D
:108AB0002900FFF715FFC019070C0004000C3F1830
:108AC0002E4209D04346FF2173403A0698463B0A9E
:108AD000120C0B401A4317002468002CE6D14346C1
:108AE000002B09D038063B04000C1B0E1843C04372
:108AF00080B280BCB846F0BDF84380B2F9E70148C7
:108B0000F7E7C046FFFF0000094B0A4AFA2113604D
:108B1000002209011A71084A581810600120074AFA
:108B200019609854064A5A50064A13607047C04666
:108B300030780020287800202C780020A40F000036
:108B4000A00FA00FE0340020F8B5CE46474680B510
:108B5000002856D03C4A831F12689A4200D96DE023
:108B60003A490C3009688C46814267D3197900294B
:108B700067D0FA201988000181420BD85E888642AE
:108B800008D8981A84B2A1469519B44205D028880D
:108B9000A04202D02E48F8F7C1FE5018844534D0C8
:108BA00044884C45F6D100241C712A4CA046246808
:108BB0009C4202D9444623601C009C453BD9834219
:108BC00011D00779002F0ED184450CD0A0422CD0B3
:108BD0000188FA2019800001814204D04D465018C6
:108BE00045805E889519AB420BD02879002808D1C2
:108BF000A34217D0FA2329801B01994201D05218B1
:108C00005680C0BCB946B046F8BD00241C71114C5A
:108C1000A0462468A3420CD2444623609C450AD94E
:108C20001C00CEE743461D60E4E741461C000B6094
:108C3000CEE79C45C5D80848F8F770FE0748F8F716
:108C40006DFE0748F8F76AFE287800202C7800208F
:108C5000789A0110E0340020AC9A0110349A011087
:108C6000509A0110F0B5C64600B50B293CD9FA233D
:108C70001B0199425CD8354B1B689C4683425BD8EC
:108C8000334B1B68834257D96346841F2288E51AF9
:108C9000931F5B1B9BB28B4251D322D016006644BC
:108CA00037003679002E21D1FA231B019A4249D090
:108CB0003B88AA1D984663468A1826493E000F68DD
:108CC00092B29B18B74235D00021197141461980E4
:108CD000FA215D8022801B8809018B4201D0634408
:108CE0005A8080BCB846F0BD0C21C4E71226B046BD
:108CF00088444646B6B2B342F3D3FA231B019A42E4
:108D000020D0AB1DC9188BB212491F000E686344F6
:108D10009E4200D90B6000211A80FA2219715D80F1
:108D200027801B8812019342DBD063445F80D8E721
:108D30000020D6E70B60C7E70748F8F7EFFD0748C4
:108D4000F8F7ECFD0648F8F7E9FDC0462878002062
:108D50002C780020E0340020C89A0110E09A01101D
:108D6000009B0110F8B55746DE464E464546824602
:108D7000E0B5002823D00B2828D9FA263601B042C6
:108D80001DD88446361A344B1A689B46334B91469D
:108D90001C68131B1A04120CB24210D29BB2A0180A
:108DA00098460579A35A11001A00002D05D106270F
:108DB0007F42791AC91861450DD29E42EFD8002032
:108DC000F0BCBB46B246A946A046F8BD0C23244ED3
:108DD0009C469A46D7E762461232914215D35246D4
:108DE000FA260632424492B23601B24231D0A1187C
:108DF0000B8043464B8001230D71028003710B8869
:108E0000B34204D0E3185A8001E001230371154BEB
:108E10001A68814508D063460633C31806309A4263
:108E2000CED21148F8F77AFD4B461B79002B07D1BB
:108E3000F1E74B461B88E31899461B79002B04D0B9
:108E40009145F6D15B461A60E5E75B4649461960F5
:108E5000E1E70648F8F762FDE034002028780020BA
:108E6000940F00002C780020149B0110009B01102F
:108E70008023414370B55B020C0099420AD288B24C
:108E8000FFF770FF051E03D022000021FAF728FD2E
:108E9000280070BD0025FBE724230022F0B5C6465C
:108EA00098460424944600B50F4E104B104FB04422
:108EB000614632683960002C0AD0158800210022F2
:108EC00000E05B19013219601900A242F9DB3B6036
:108ED0000436B04504D03268976853685488E7E791
:108EE00080BCB846F0BDC046C4BC01104477002029
:108EF000E477002010B5082810D8094B8000C4582A
:108F0000FEF706FFA3681C68002C05D022681A60D3
:108F1000FEF700FF200010BDFEF7FCFE0024F9E77D
:108F2000C4BC011070B50C0008280DD800290BD066
:108F3000064B8000C3581D00FEF7EAFEAB681A68B6
:108F400022601C60FEF7E6FE70BDC046C4BC011086
:108F50000C2040427047C0467047C046F0B54746B7
:108F6000CE4680B504000F001500984683B0002857
:108F700000D181E00B9B002B7ED0002900D18AE03C
:108F8000002D00D18BE04346002B00D18CE0524BEA
:108F9000002663610022392320006660A660E66037
:108FA00026860021E25428300822FAF799FC0A9B11
:108FB000E6616362494B26621A7899463C23E25483
:108FC0003A680C9B266423612B68002A5AD0002B38
:108FD0002ED0A36043461B68002B00D0E3603B68A3
:108FE000002B29D10B9B20009847031E44D13C4AFB
:108FF000944617683C22A05CFF2801D10020A354AE
:10900000002F5AD03C2680223B00520002E01B6811
:10901000002B52D09C425CD0013A002A29D0995DA5
:109020008142F4D10130C0B2FF281ED0A055EAE73A
:1090300043461B68002BD1D13B686846019300234F
:1090400001A9009302F010F8684601A905F0F4FEAA
:109050006946200001AA09F087FB3B686360E36969
:10906000002BBFD020009847BCE700230020A35569
:10907000C9E71C48F8F752FC002003B0C0BCB94651
:10908000B046F0BD002B12D0A36043461B68002BF6
:10909000A8D0E360A6E7144F002D00D073E7434645
:1090A000114D002B00D072E70F4B98466FE74346F7
:1090B0001B68002B96D0E36094E7FE2807D00130B0
:1090C0004B4618706346276020001C60D5E70020DF
:1090D000F6E70648F8F722FC518F00106F89002050
:1090E000EC770020589B0110D4BF0110449B011065
:1090F000F0B505000C0017001E0083B0002935D024
:10910000002F36D0002E37D023680022002B0DD040
:109110003B68A9688B4200D0AB603368E9688B423A
:1091200000D0EB60002A06D003B0F0BD6A68002AC8
:1091300024D10122ECE76B6822689A42F4D0684699
:1091400001A90093019201F08FFF684601A905F083
:1091500073FE6946280001AA09F006FB23686B60CC
:10916000EB69002BE0D028009847DDE70F4C002F7B
:10917000C8D10E4F002EC7D10C4EC5E7684601A9D5
:109180000193009201F070FF684601A905F054FEBA
:109190006946280001AA09F0E7FA23686B60EB69C9
:1091A000002BC6D0280098470122B1E7D4BF011098
:1091B00070B5041E16D04368002B17D13922012147
:1091C000A35C19421FD11A4B1A68A24229D0194A2E
:1091D0001368A34204D121E01A68A24203D013000D
:1091E000002BF9D170BD22681A60FBE70021043022
:1091F00001F03AFF0021201D05F01EFE3922012159
:10920000A35C1942DFD018008843A0541B070BD47D
:10921000E369002BD7D020009847D4E72368136078
:10922000E0E700221A60D2E7200007F0EBFAEFE750
:10923000E8770020EC770020014B18607047C046AB
:10924000E877002010B500280AD03922835CD907BE
:1092500006D401210B438354C369002B00D09847E7
:1092600010BDC04610B5041E03D03922835C5907D7
:1092700000D510BD04210B43835406F063FD236A1F
:10928000002BF6D020009847F3E7C04610B5041E27
:1092900004D039220421835C194200D110BD8B43D4
:1092A000835409F017F9236A002BF7D02000984760
:1092B000F4E7C04600280FD0084B1A68002A09D0EE
:1092C0003C2102E01268002A04D0535C0133DBB277
:1092D0008342F7D1100070470022FBE7EC770020B3
:1092E000F0B5C6460500002600B500282DD00F2396
:1092F0000227984609E02B69002B37D028009847B1
:109300000136F6B2002C20D02500FEF701FDAB7B24
:10931000002B28D0013BDCB2AC73FEF7FBFC002C29
:1093200013D16B7B2C681F42E5D142462B7B134047
:10933000022B0ED0012B11D0002B1AD128000136A0
:10934000FFF702FCF6B2002CDED1300080BCB8463C
:10935000F0BD29000820FFF7E5FDD1E7290007202F
:10936000FFF7E0FDCCE70448F8F7D8FA0348F8F730
:10937000D5FA0348F8F7D2FA889B0110A09B011098
:10938000C49B011010B5FEF7C3FC0022084B1A70F5
:10939000FEF7C0FC074B1868002803D107E0C0683F
:1093A000002804D0436F002BF9D001F0A7FE10BDB8
:1093B000718900200C890020F8B5C1230C0017002A
:1093C00005005B009A4243D00D040D439A4208D831
:1093D0001400433BFF3B9C43012C1DD03048F8F761
:1093E0009DFAA0239B009A42F8D10700401880B252
:1093F00081422BD8103080B2814227D8FFF7B2FCCF
:10940000061E15D0002303603B001033C3184360D1
:10941000244B8560C3600BE00720FFF76BFD061E41
:1094200006D0002385600360436007734373C481E3
:109430003000F8BDFEF76CFC01221B4B1A70FEF7E2
:1094400069FC002E02D03000FFF74AFF0026EFE74C
:109450000027002606E0E41AA4B23860002CE7D00A
:10946000070000250820FFF745FD0028E2D00F4B3C
:109470005A1B131C92B2A24200D9231C00221035A1
:1094800002600B4A4519456004814381C260002E89
:10949000E1D1E41AA4B20600002CE1D1C8E7C0462D
:1094A000D89B011080000100718900204E0200004D
:1094B00082000100844630B56446150003AA01CA43
:1094C0000C19128894420FD80A041143002800D0C6
:1094D000604400221A600222586018005A73013A50
:1094E00099601D73DA8130BD0020FCE770B5041E61
:1094F00037D002898A421FD90D008A1A07E0ED1A77
:109500002389ADB29B1823812468002C23D0638962
:10951000AB42F4D3227B120704D1AB4202D0637B6F
:109520009B070AD52B0420681D43A560002801D0A5
:10953000FFF7D6FE0023236070BD61682000091B81
:10954000691889B2FFF78EFB002807D08442E9D062
:109550000548F8F7E3F90548F8F7E0F90448F8F7A3
:10956000DDF90448F8F7DAF9409C01100C9C011071
:10957000249C0110F49B011030B5C64600B50028AC
:1095800025D080235B02994211D200291DD08BB2D5
:109590009C46038963449BB29C4508D8027B140017
:1095A00001227F2C05D8100020BCA84630BD012226
:1095B000F9E74468611A1024A04680444145F2D37B
:1095C000428941606244428103810022EBE7014805
:1095D000F8F7A4F95C9C011010B5002815D0802381
:1095E0005B0299420FD200290BD043898AB29A427A
:1095F00009D89B1A44684381038961189B1A41600A
:109600000381002010BD0120FCE70148F8F786F92E
:109610005C9C011010B5002915DB00282AD0002918
:109620000FD003898AB2D3189BB29A4220D84468DB
:10963000611A047B7F2C16D841604189038152183E
:109640004281002010BD002814D0494243898AB2CB
:109650009A420DD89B1A44684381038961189B1A6A
:1096600041600381EDE71024A44684446145E3D2C0
:109670000120E7E70148F8F751F9C0465C9C01106A
:1096800010B5002802D0FFF72BFE10BD0148F8F7F7
:1096900045F9C0465C9C011003000020002B04D05B
:1096A0001B68013080B2002BFAD1704710B5041E40
:1096B00009D0FEF72DFBA37B0133A373FEF72AFB32
:1096C000A37B002B00D010BD0148F8F727F9C04656
:1096D000689C011010B50C00002818D0002916D085
:1096E00088421AD00268002A01D111E01A000389C9
:1096F00021895B18038113681000002BF6D11189B2
:1097000053898B4206D1218914605B18138110BDE7
:109710000200F4E70248F8F701F90248F8F7FEF80A
:10972000989C01107C9C011010B50C00002821D0E1
:1097300000291ED0884220D00368002B07D0028960
:1097400021895218028118001B68002BF7D1028969
:109750004389934217D1228904609B180381FEF745
:10976000D7FAA37B0133A373FEF7D4FAA37B002BB4
:1097700006D010BD0029FCD0F1E70448F8F7CEF878
:109780000348F8F7CBF80348F8F7C8F87C9C0110B9
:10979000689C0110989C0110F8B54746CE4680465B
:1097A00080B591460F1E00D193E00A894A4500D248
:1097B0008FE0002800D18CE04A4601899A18914236
:1097C00000DA86E01E00002543897A890CE0B34266
:1097D0003BD03989914231D041460989994244D0E0
:1097E0004946002900D17DE0521B9C1B944200D9C0
:1097F00014004C4500D94C464346796858684919CD
:1098000080192200FAF772F843465B89361919006D
:10981000B34261D37A892D19AA4260D34846041B0A
:10982000A0B28146AA42D2D13F68002F22D0B342D3
:109830000AD07A89398900259142CDD13968002929
:10984000CAD00620404224E0002543461B689846C3
:10985000002B22D07A893B899A422DD0434641463B
:109860005B89098900269942BAD1414609680029D5
:10987000B6D0E6E700282CD1B14221D043461B895F
:109880008B4224D143461868431E98410523404229
:109890009843C0BCB946B046F8BD4B46002B18D122
:1098A0003A897B8900209A42F3D13868431E984157
:1098B000052340429843ECE73B68002BCED0C0E73D
:1098C00043461B689846002B01D05989D6E70020F3
:1098D000DFE710204042DCE70348F8F71FF80348B1
:1098E000F8F71CF80800D4E7C89C0110E09C0110B0
:1098F00010B5002904D000230A89FFF74DFF10BDE1
:1099000010204042FBE7C046F0B5C6460500884639
:10991000170000B500280DD000290BD0002A09D06F
:109920006989002B0BD08B4209D32D685B1A9BB23F
:10993000002DF5D10026300080BCB846F0BD0026D1
:1099400004E02D68002DF6D000236989C91A0C1C8B
:1099500089B2B94200D93C1C4246A4B269683F1B97
:109960009019C9182200A619BFB2F9F7BFFFB6B205
:10997000002FE6D1DFE7C046F8B5CE46474680B5B2
:1099800099466B460E000400198C00280BD0002E5F
:1099900001D0914507D863898B4209D82468C91A38
:1099A00089B2002CF7D10020C0BCB946B046F8BD42
:1099B0004A468A18934235DA002EF4D04A46002AE5
:1099C0002ED01A0000290AD0994208D32468C91A57
:1099D00089B2002CE7D063891A000029F4D1002352
:1099E0004F46984604E02468002C17D00021628975
:1099F000531A1D1C9BB2BB4200D93D1C4346F018B4
:109A00006368ADB259182A00F9F770FF43467F1B0F
:109A1000EB189BB2BFB29846002FE4D1C145C2D12A
:109A20003000C1E760684018BEE7C046F8B5CE46D2
:109A3000474605008846914680B5002824D0002975
:109A400022D0038993421CD316000027002A03D199
:109A500012E02D68002D1AD06C89B44200D9340070
:109A600043462200D9196868F9F740FF361B3F19B1
:109A7000002EEED1B9450DD10020C0BCB946B0468C
:109A8000F8BD01204042F8E710204042F5E70348C6
:109A9000F7F744FF0248F7F741FFC046FC9C01106E
:109AA000149D0110F0B5D6464F46464605008A463D
:109AB000C0B5002805D144E02D68DB1B9BB2002D0A
:109AC0003FD06F899F42F7D92989981880468142F3
:109AD00037DB6868C018FB1A9A422EDD9BB21A0069
:109AE00051469946F9F702FF4346DF1BBBB2984641
:109AF000002B1CD02F68002F29D03B89464600241C
:109B0000434503D21DE03F68002F1DD07D89B5423B
:109B100000D935004B4619192A0078685144F9F7E5
:109B2000E5FE761B6419002EEDD1A04512D1002070
:109B3000E0BCBA46B146A846F0BD5146F9F7D6FE9C
:109B4000F5E701204042F3E70448F7F7E7FE10206D
:109B50004042EDE70248F7F7E1FEC046FC9C0110E9
:109B6000149D011070B5138915000A001900FFF744
:109B700023FC041E06D0002329002A89FFF70CFECF
:109B8000002801D1200070BD0148F7F7C7FEC0468C
:109B90002C9D011005E043898B4205D8C91A006845
:109BA00089B20028F7D170474368585CFBE7C0468C
:109BB00005E043898B4205D8C91A006889B200289C
:109BC000F7D1704743685A54FBE7C04610B5041EEE
:109BD00020D0037D042B03D0072B0AD0032B11D1F7
:109BE000200003F04FFD0523002807D0431C0BD0B5
:109BF00010BD03F047FD0028F8D10923200023758C
:109C000004F080F80020F3E70822638B0020134360
:109C10006383EDE70148F7F781FEC046409D0110E0
:109C200070B50600806F002803D0FFF729FD0023E0
:109C3000B367746F002C18D06068256800280CD0BA
:109C4000FFF71EFD21000320FFF76CF9002D0AD05D
:109C50002C00606825680028F2D121000320FFF75E
:109C600061F9002DF4D1002373670123F46E5B4288
:109C70003386002C16D06068256800280CD0FFF7CA
:109C8000FFFC21000320FFF74DF9002D0AD02C0026
:109C9000606825680028F2D121000320FFF742F90F
:109CA000002DF4D1346F002C16D060682568002890
:109CB0000CD0FFF7E5FC21000320FFF733F9002D5E
:109CC0000AD02C00606825680028F2D1210003200A
:109CD000FFF728F9002DF4D100236822F3663367DB
:109CE000B35270BD10B5FEF7B1FB034A8004034BBD
:109CF000800C8018188010BD00C0FFFF24120020C7
:109D000010B5037D012B04D001000120FFF70AF9F3
:109D100010BD0148F7F702FE4C9D0110F0B5C64694
:109D200005000C0000B5002960D0002D63D02B7D0C
:109D3000002B5DD1002A2CD0304B9C4663461B681B
:109D40001B68002B03D112E0DB68002B0FD0D98AEF
:109D50009142F9D11968002904D02068002801D067
:109D60008142F1D10820404280BCB846F0BD0423B6
:109D70009C44234B9C45E1D12368002B00D02B60F1
:109D8000204BEA821A681D60EA6004F0FFFB0020A5
:109D9000EAE71D4B194E1F001A888023DB019C4601
:109DA00001321A4B92B29A4215D0300003681B68F8
:109DB000002B03D112E0DB68002B0FD0D98A91422F
:109DC000F9D16346013B9BB29C46002BE8D13A8017
:109DD00002204042C8E7C0221202E6E7084B0430E6
:109DE0009842E3D13A80002AC6D1F1E7084C9CE7BB
:109DF00006204042B8E710204042B5E754BD0110AC
:109E000064BD01101089002024120020FFFF000013
:109E1000D4BF0110030070B5002822D08626028D21
:109E2000C16A456A5C8E501A94464019221CF6009D
:109E3000B4420DD892B2821A07D5491B0AD48022A7
:109E40008C4600205202914208D262465A8570BD6B
:109E5000321CEFE7002200209446F6E70248F7F7AD
:109E60005DFD0248F7F75AFD849D0110609D0110C9
:109E700070B5002821D0037D012B3AD08623028DB6
:109E80001B01511889B299421ED919008626C26A4F
:109E9000456A448E94460185EB18221CF600B442B4
:109EA0000CD892B262449A1A12D563465D1B1DD437
:109EB0008022520295421FD2458570BD321C92B25B
:109EC00062449A1AF1D403E08A42DED80B00DDE73F
:109ED00062469B1A8622418592009342EDD302226C
:109EE000438B1343438303F00DFFE6E700234385D1
:109EF000E3E70348F7F712FD0248F7F70FFDC04606
:109F0000A09D0110849D0110F8B54746CE4604007F
:109F1000984680B5002800D1B3E0002900D1B0E018
:109F2000037D002B00D0A9E00B6802834360007A18
:109F3000002831D1201D07F0BDFE84466346002B6A
:109F400000D1A1E02368002B02D163465B68236047
:109F5000E58A002D30D14E4B8026994619884D4F09
:109F6000F60101314C4B89B2994219D0380003688F
:109F70001B68002B03D116E0DB68002B13D0DA8AB4
:109F80008A42F9D1013EB6B2002EEAD14B46E682B2
:109F900019800226764257E0FFF78CF98446CDE718
:109FA000C0210902E2E73D4B04309842DFD14B4625
:109FB000E18219800029ECD0394A3A4913680968CE
:109FC0005B18136000222365013B6364A365E365AE
:109FD000354B6262E2628622A36260231201E25282
:109FE0006246B933FF336386118E002909D00A1CFB
:109FF000282937D38621283A131C92B289008A4235
:10A000002ED8638601224823E25242464033022181
:10A010002000E25003F0B2FB061E15D10223237587
:10A02000002D05D0214A1368A34216D1E3681360BE
:10A030001F4B1A681C60E26004F0A8FA01221D4B55
:10A0400020001A7003F05EFE3000C0BCB946B04676
:10A05000F8BDDA68A2420ED01300002BF9D1E7E771
:10A060000B1CCEE728228621283A131C92B28900C5
:10A070008A42C6D9F4E7E268DA60D9E70A2676426E
:10A08000E2E710267642DFE704267642DCE7C046A8
:10A090002412002054BD0110FFFF000064BD011018
:10A0A000201200201C890020600860081089002010
:10A0B0000C89002074890020C04BF0B54E469946AB
:10A0C000DE46574645464A46E0B51B6889B001332F
:10A0D0001360BB4A1378059201331370B94B079391
:10A0E000B94B0693079B1C68002C00D1D9E00023D4
:10A0F0009A465BE0012290460B2B00D8FAE0062D31
:10A1000000D120E1637A1B076AD5042D00D0DCE181
:10A110004B461F68236AFA21FF1A9423E35849002B
:10A120009B469823E6580433E05870435844F9F7A7
:10A1300005F8874200D8B1E143460133DBB29846C7
:10A1400001239B46666F002E00D10EE14023E25EA4
:10A1500053009B185B00BB4253D9257D032D6CD067
:10A16000092D00D11AE14346002B00D0FDE0237FEA
:10A17000627F0133DBB2E56823779A4212D800236D
:10A18000069A237713708C33E358002B00D1A0E19B
:10A19000210020699847069B1B78002BA2D100283C
:10A1A00000D196E1A2462C00002C7AD0257D002D0E
:10A1B00000D1CDE1012D00D1C7E10A2D00D1C1E1CF
:10A1C000059BA27F1B789A4200D1F3E0A37742233C
:10A1D000E35C022D8ED1052B00D88BE0012398463D
:10A1E000666F002E00D156E14B461F68236AFF1AA6
:10A1F00000239B464023E25E53009B185B00BB425A
:10A20000ABD87068356800280CD0FFF739FA3100F8
:10A210000320FEF787FE002D0AD02E0070683568F7
:10A220000028F2D131000320FEF77CFE002DF4D18E
:10A230000023257D6367032D92D14B46226A1B685C
:10A240009B1A282B00D8B0E09023E6582000FFF797
:10A25000E7FC5246079B1B68002A00D14DE19C4257
:10A2600000D17EE1E368D3605B46002B00D034E18F
:10A27000237D012B00D171E1210001202569E768D0
:10A28000FEF750FE0023069C2370002E07D00D2100
:10A2900028004942B0472378002B00D022E73C1E1B
:10A2A00084D14A4E002431684D46002904D11AE079
:10A2B0000C00C968002916D00B7D0A2B00D04AE19A
:10A2C0002B680A6A9B1AF02BF2D93368002C00D154
:10A2D00020E1994200D14DE1CF68E7600120FEF70F
:10A2E00021FE391EE8D109B0F0BCBB46B246A946F2
:10A2F000A046F0BDA123E35C9846002B6AD0236FF3
:10A30000002B00D039E1E36E002B00D12CE1A22319
:10A31000E35C0B2B00D9EDE04246A0212C4BD25C34
:10A32000635C934200D2EEE06023E15A002925D11C
:10A33000200003F0CDFF002826D0257D002398467D
:10A34000062D00D0DEE6638BDB0600D595E0637A50
:10A350001B0700D544E7666F002E00D044E70023BA
:10A360009B464346002B00D101E79023E658012D80
:10A3700000D86EE70A2D00D068E76AE7200003F0F6
:10A38000B7F8002800D1D6E0A0230022E254A13281
:10A39000A35C062BD1D80133A354CEE74B46226AE7
:10A3A0001B689B1AF02B00D94EE74346002B00D1C7
:10A3B000DDE649E7A246E468F6E6C0461C890020CF
:10A3C000768900200C8900207489002020890020D3
:10A3D00063BD01103023E25E6B49238E8B4202D8AD
:10A3E00001331AB222864023E35E934200DD86E603
:10A3F000200003F041FA257D002807D0236F002BB1
:10A4000000D07CE6E36E002B00D178E6022D15D05B
:10A410003C22A35E3E21625EDB109B184222A15CBF
:10A420005A480A1C0C2900D97BE0D2B2825C9340C6
:10A4300080221202934272DA4022A3520023482063
:10A4400023866033E15A255A628E0B1CA94200D93B
:10A450002B1C9BB250005B0885B2191CAB4200D28A
:10A46000011C4A23E152023BE25200222233200027
:10A47000E25203F05BFE257D41E64B461F68236AEE
:10A48000FF1A282F00D866E743460133DBB298460F
:10A4900000239B4656E600239B465EE6A323E35C2F
:10A4A000FA215E43300049005844F8F747FE8742DE
:10A4B00000D850E7200003F09DFE002800D08FE672
:10A4C000A322A35C0133A3548AE6072D00D11FE623
:10A4D00086E6200003F016FC64E6238B626A216D99
:10A4E0000293E38A20000193231D0093230003F0CD
:10A4F0008FFABDE60123984601E69C4240D1E3680D
:10A50000079A1360B0E60133DBB26354934200D282
:10A5100014E709E799422AD1CF683760DEE61C4B81
:10A520008AE70C22D2B2825C9340802212029342CC
:10A5300000DA81E7F3E7200003F0E4FB002800D015
:10A5400022E7FAE61348F7F7E9F91348F7F7E6F9CF
:10A550001248F7F7E3F91248F7F7E0F91148F7F76F
:10A56000DDF91148F7F7DAF91048F7F7D7F910488D
:10A57000F7F7D4F90F48F7F7D1F90F48F7F7CEF905
:10A580000E48F7F7CBF9C046FE7F00006CBD011006
:10A59000FF7F0000209E0110F49D0110C89D011056
:10A5A000109F01104C9D0110B89E0110809E01105B
:10A5B000689F0110409F01104C9E0110E49E011005
:10A5C00070B5041E16D06068256800280CD0FFF70F
:10A5D00057F821000320FEF7A5FC002D0AD02C001F
:10A5E000606825680028F2D121000320FEF79AFC5C
:10A5F000002DF4D170BDC04610B5041E08D04068CF
:10A60000002801D0FFF73CF821000320FEF78AFC68
:10A6100010BDC04670B5051E0DD00320FEF76AFCC4
:10A62000041E06D010222900F9F760F96068FFF7D0
:10A630003DF8200070BD0148F7F770F9909F0110B8
:10A64000002800D00161704710B5002804D0037DB8
:10A65000012B02D08423C15010BD0148F7F75EF9E9
:10A66000AC9F011010B5002804D0037D012B02D04F
:10A670008023C15010BD0148F7F750F9D49F011055
:10A6800010B5002804D0037D012B02D09023C150C7
:10A6900010BD0148F7F742F9FC9F011010B50028E2
:10A6A00005D0037D012B03D08C23C150427710BD10
:10A6B0000148F7F733F9C04624A0011010B500286F
:10A6C00006D0037D012B03D90A2B01D0FFF7A8FA8E
:10A6D00010BDC04610B50C1E47D0002848D00368F6
:10A6E0008B4204D12FE0DA68A24224D01300002B61
:10A6F000F9D10023E360237D002B0FD1638BDA07B0
:10A7000029D4E36E002B36D1236F002B36D1636F33
:10A71000002B36D100232375E38210BD0A2BF0D025
:10A72000012BF7D02000FFF77BFA237D0A2BE8D01E
:10A73000012BEFD0E2E7E268DA600023E360237DDB
:10A74000002BEBD1DAE7CB6803600023E360237DC5
:10A75000002BE3D1D2E7022213436383200003F0EE
:10A76000D1FA237D012BD5D0CBE70748F7F7D6F8F0
:10A770000648F7F7D3F80648F7F7D0F80548F7F793
:10A78000CDF80548F7F7CAF844A0011060A0011001
:10A7900080A0011098A00110B4A00110F0B5574698
:10A7A0004546DE464E46E0B505000F0087B000285E
:10A7B00076D0037D012B00D1B0E00A2B00D19BE0C5
:10A7C000026D9346426A0592902282589046026931
:10A7D0009146C28A9246002B69D1002A6FD100238C
:10A7E0009A461F002C6F002C16D06068266800283F
:10A7F0000CD0FEF745FF21000320FEF793FB002E4F
:10A800000AD03400606826680028F2D121000320B5
:10A81000FEF788FB002EF4D1EC6E002C16D0606899
:10A82000266800280CD0FEF72BFF21000320FEF73E
:10A8300079FB002E0AD03400606826680028F2D127
:10A8400021000320FEF76EFB002EF4D16C6F002C6C
:10A8500016D06068266800280CD0FEF711FF210092
:10A860000320FEF75FFB002E0AD0340060682668E4
:10A870000028F2D121000320FEF754FB002EF4D172
:10A88000002F2CD12B7D012B45D029000120FEF774
:10A8900049FB4346002B03D00D2148464942C0479F
:10A8A00007B0F0BCBB46B246A946A046F0BD2900A1
:10A8B0001C48FFF70FFF01221B4B1A7092E71B4A3F
:10A8C0001368834208D1C36813600023EB6086E7F6
:10A8D000DA68AA421CD01300002BF9D1F5E72B8BC4
:10A8E00059460293534601932B1D009328002B00D9
:10A8F000059A03F08DF8C5E729000D48FFF7EAFE39
:10A900002B7D012B07D029000120FEF70BFBC7E7A9
:10A91000EA68DA60D9E70748F7F700F80648F6F77B
:10A92000FDFFC0460C89002074890020108900209A
:10A93000208900204C9D0110CCA0011010B50121F0
:10A94000FFF72CFF10BDC046F0B5C646804600B5E7
:10A950000120FEF7CFFA041E2CD0A42200212000F3
:10A96000F8F7BEFF4346862263756423D200E252A5
:10A970005D4B4022A362FF23E372F93BA352E387BE
:10A980005A4B443223635A4B1B682362594B1B7842
:10A99000A377594BA364594BA3509423584AE250D0
:10A9A000584A0433E25009220433E250200080BCAC
:10A9B000B846F0BD544B08261F001D68002D0AD074
:10A9C0002800438BED681E42F8D0B3434383FFF762
:10A9D000FDF8002DF4D14D4B1B68002B11D0002148
:10A9E000434A10681A6A821A914201D811001C0069
:10A9F000DB68002BF6D1002C03D001212000FFF7EB
:10AA0000CDFE0120FEF776FA041EA6D13B68002B8E
:10AA100016D0374A0021106802E0DB68002B09D00D
:10AA20001A7D092AF9D11A6A821A9142F5D81100C1
:10AA30001C00F2E7002C03D000212000FFF7AEFE3F
:10AA40000120FEF757FA041E00D086E73B68002B72
:10AA500016D0274A0021106802E0DB68002B09D0DD
:10AA60001A7D082AF9D11A6A821A9142F5D8110082
:10AA70001C00F2E7002C03D000212000FFF78EFE1F
:10AA80000120FEF737FA041E00D066E7424653B2B3
:10AA9000002B27DB82421ED03B68002B1BD01449C1
:10AAA000013A00250E68D2B206E0186A0A001C00BE
:10AAB000351ADB68002B08D0597D9142F5D3F8D1C7
:10AAC000186A371AAF42F4D3F0E7002C03D0012103
:10AAD0002000FFF763FE0120FEF70CFA041E00D0F1
:10AAE0003BE763E77F22D7E760086008FFFF1802B3
:10AAF0001C8900207689002001003004A5AC0010DC
:10AB000000DD6D00F82401000C8900202089002060
:10AB100010B54020FFF718FF10BDC04610B5040067
:10AB200084B0002800D19FE0037D002903D0042BCE
:10AB30001AD0072B18D0012B00D169E0022B4AD084
:10AB4000002B5ED1E38A002B4FD04C4A1368A342FE
:10AB500005D186E0DA68A24200D17FE01300002B25
:10AB6000F8D10023E36040E0A36F002B44D0638B57
:10AB7000DB0600D47BE0238B626A216D0293E38ABB
:10AB800020000193231D0093230002F041FF237D49
:10AB9000012B04D90A2B02D02000FFF741F8384AD4
:10ABA0001368A34214D1E368136000230122E36019
:10ABB000344B1A70344B1B68A34226D0237D012BE3
:10ABC00013D13248F6F7AAFEDA68A24243D0130046
:10ABD000002BF9D1E9E721002948FFF77BFD01228D
:10ABE000284B1A70237D012BEBD021000120FEF7AA
:10ABF00099F9002004B010BD8623228D1B019A42D2
:10AC0000B5D12000FEF7E2FFF4E701F06DFFF0E7B9
:10AC10000C239C4600201E498C444B681B68002B6B
:10AC200005D0DA6F944211D0DB68002BF9D10431E2
:10AC30008C45F2D121001748FFF74CFD237D012BF5
:10AC400018D021000220FEF76DF9D2E7D867DB6843
:10AC5000002BE6D1EBE7E268DA60A6E7E268DA60AB
:10AC60007FE7E36813607CE70B48F6F757FE0B4875
:10AC7000F6F754FE0A48F6F751FEC0461089002048
:10AC80000C89002074890020148900204C9D01103B
:10AC900054BD01101889002000A1011020A101104D
:10ACA0003CA10110F0B5C6460800140000B500290B
:10ACB0004FD0002A2FD00B7D012B4DD01389862237
:10ACC000098D1201CB189BB2934220D9130086251F
:10ACD000416A03855618C26A0F009446428EED0001
:10ACE000111CAA4200D9291C89B26144711A22D5CB
:10ACF0006346DB1B1CD48022520293422FD2438531
:10AD00002000FEF7BDFC002080BCB846F0BD994293
:10AD1000DCD81A00DBE7002BF5D10B7D012B03D02B
:10AD200010224B8B13434B830121FFF7F7FEEBE718
:10AD300000234385E4E7624643858623B21A9B00DD
:10AD40009A42DDD30222438B1343438302F0DAFF9E
:10AD5000D6E710204042D7E70248F6F7DFFD024869
:10AD6000F6F7DCFDA09D0110849D0110F8B5041ECE
:10AD700034D0856F6B7B1F00002383678433C658F4
:10AD8000002E0CD000232A0021000069B0470028C3
:10AD90000BD00D301FD00520A5674042F8BD298992
:10ADA000FFF766F82800FEF76BFCBB0611D586227C
:10ADB000238D1201934201D0013323858423E5586A
:10ADC000002D06D00023002221002069A8470D3065
:10ADD00001D00020E2E70D204042DFE71020404292
:10ADE000DCE7C046F0B5D6464F464646C0B5204DD6
:10ADF000204F2B7801332B701F4B9A460123984626
:10AE000053461C68002C1BD008262B78A27F9A4240
:10AE10001BD04246A377638B1A421ED11E4216D125
:10AE2000E3689946A36F002B07D0002320003B70F6
:10AE3000FFF79CFF3B78002BE2D14C46002CE4D17D
:10AE4000E0BCBA46B146A846F0BDE468F6E7B343B5
:10AE500020006383FEF7BAFEE2E702221343638316
:10AE6000200002F04FFF0322638B93436383D5E7F7
:10AE700076890020748900200C89002010B5FFF726
:10AE8000B1FF054A137801331370DB0700D410BDFE
:10AE9000FFF712F9FBE7C0467589002010B50400E2
:10AEA00084B0002800D19AE0037D012B00D170E02E
:10AEB0001021428B0A434283042B36D1A36F002B0F
:10AEC0004BD0238B626A216D0293E38A20000193A9
:10AED000231D0093230002F09BFD237D012B04D949
:10AEE0000A2B02D02000FEF79BFE404A13689C42CA
:10AEF00018D1E368136000230122E3603C4B1A7011
:10AF00003C4B1B689C4231D0237D012B3BD0210060
:10AF10000120FEF707F8002004B010BDDA68944263
:10AF200034D01300002BF9D1E5E7072BC6D0022B54
:10AF30001FD017D8C38A002BE9D02F4A1368984234
:10AF400008D1C36813600023E360E0E7DA68944245
:10AF500042D01300002BF9D1F5E78623228D1B0187
:10AF60009A42AED12000FEF731FED5E701F0BCFDDC
:10AF7000D1E721001D48FFF7ADFB01221C4B1A70E1
:10AF8000237D012BC3D11D48F6F7C8FCE268DA60C7
:10AF9000B1E70C239C46002019498C444B681B6880
:10AFA000002B05D0DA6F944211D0DB68002BF9D169
:10AFB00004316145F2D121001248FFF78BFB237D5C
:10AFC000012B0FD021000220FDF7ACFFA3E7D867CB
:10AFD000DB68002BE6D1EBE7E268DA60B3E710202C
:10AFE000404299E70848F6F799FCC0460C890020D2
:10AFF0007489002014890020108900204C9D0110C4
:10B0000054BD0110188900203CA1011010B5002882
:10B0100006D0054B054A186812688018186010BDE4
:10B020000348F6F77BFCC046201200201C89002054
:10B0300058A1011010B5002A10D000290DD00A8E99
:10B04000002A0AD0131C282A00D22823283B1A1CC5
:10B050009BB2834200D9021C90B210BD0148F6F7A2
:10B060005DFCC04674A1011070B505000E000028FB
:10B0700002D00368002B00D170BD1D4A1068002863
:10B0800004D10CE0002C0AD020002B680268C468B0
:10B090009A42F7D10121FFF781FB002CF4D1154B27
:10B0A0001C68002C0AD022682B682000E4689A42B1
:10B0B000F7D10121FFF772FB002CF4D1002EDBD079
:10B0C0003368002BD8D00C4B1A68002AD4D02B68D8
:10B0D0001168994205D0D268002ACDD011689942F2
:10B0E000F9D133681360D268002AF0D1C4E7C046B2
:10B0F0000C890020108900201889002070B5446F49
:10B100000600002C18D06068256800280CD0FEF7D7
:10B11000B7FA21000320FDF705FF002D0AD02C000F
:10B12000606825680028F2D121000320FDF7FAFEAF
:10B13000002DF4D10023736770BDC046F0B54746BB
:10B14000CE46684B80461C8880B5002C31D0002349
:10B15000654A1380654B91461B689C46002B00D1C5
:10B1600078E0634B002218880023624E1500944259
:10B1700000D8ACE0531CA9B29BB288421DD86746E8
:10B18000191A0139C9B2795C01291BD002291DD0D5
:10B1900000290CD098424CD956490968CB181B7D20
:10B1A000012B00D899E09A1892B20123DEE74A46B3
:10B1B0001380C0BCB946B046F0BD31684919097D5D
:10B1C0000129E3D11A0001350123D0E7911C89B28E
:10B1D000984225D9474D2D68EB181B7D042B25D1AE
:10B1E0004B1CA34222DAD31C04329BB292B2884297
:10B1F00024D86546091AC9B2695C0902984224D864
:10B2000065461B1ADBB2EB5C86250B43591E89B2DF
:10B21000AD00A94200D32B0041464B860123A5E790
:10B2200065461B1ADBB2EB5C042BD9D04B46198068
:10B23000BFE761461B1ADBB2CB5CB1E72D4D2D6831
:10B240006918097D09029842DAD92A4D2D68EB1850
:10B250001B7DD9E7274B00221D6800232E001436E2
:10B26000B018944233D90178531C9BB2012928D0DD
:10B27000022909D000299AD0EB181B7D012B2CD96B
:10B280009A1892B20123EBE7EB181B7D911C89B24F
:10B29000042BCBD14B1CA342C8DAD01C80B2691856
:10B2A00028180B7D017D86201B020B43591E04329A
:10B2B00089B292B28000814207D241464B86012377
:10B2C000CEE71A0001300123CBE70300F5E7002B9E
:10B2D00000D16EE74B461A806BE74B4602321A806C
:10B2E00067E7C0465A890020568900202889002037
:10B2F0005889002024890020F0B5C64600B5C368EF
:10B300000500587B1A7B000210430C00FDF7B2F8D1
:10B31000C00746D4254E3268E36894465A791979B5
:10B3200012020A439979288909041143DA79278995
:10B33000120660440A43811AC91B28D4587B1A7B21
:10B3400000021043FDF796F80123034207D1276856
:10B350002000FFF751F9002F14D03C00DBE7EB6829
:10B36000587B1F7B000207430120FDF783F8EB6841
:10B37000384318732768000A58732000FFF73CF918
:10B38000002FEAD100242C6080BCB846F0BD101A12
:10B39000F9D56346D21A91B268682981FEF7A6F8FA
:10B3A000F1E72000FFF70CF9ECE7C046F487002036
:10B3B000F0B54E46DE4657464546E0B583B006003A
:10B3C0000C1E019243D02C4B66279B462B4B9A4672
:10B3D0005B46E1681D684A790B7912021A438B7942
:10B3E000C8791B04134300061843FDF747F881464C
:10B3F00023899846E368587B1A7B00021043FDF7C7
:10B4000039F84B46ED1A4346ED1A03231840431E04
:10B4100098412D1A27D460682568FEF73DF9F35B43
:10B42000984225D852461B1AF353128823892000CC
:10B430009B1852461380FFF7DFF8F35B002B0ED00A
:10B44000002D01D02C00C3E7019B002B0DD0002064
:10B4500003B0F0BCBB46B246A946A046F0BD002DE5
:10B46000F5D02C00B4E72000F2E70548F6F756FACD
:10B470000448F6F753FAC046E81A00205489002021
:10B48000C4A101109CA10110F0B5DE4657464E46FE
:10B490004546E0B5017D040083B0032901D800F0E2
:10B4A00088FCA04B1B78DB0652D49F4B99469F4BE0
:10B4B000984643461B889C464B461A686346002BB9
:10B4C00000D18EE0217D062900D98AE0636A991AAD
:10B4D000D01A4D1E00D539E16646471EF74200D509
:10B4E00034E1934D6868002801D100F091FC914B44
:10B4F000994201D900F089FC028989B28A4201D2BD
:10B5000000F080FC2B895B1A2B814389994209D971
:10B510000027521A478102810068C91A438989B2FB
:10B520008B42F7D3FEF758F84A46636A1360EA681D
:10B53000190A517119021371090E1B0E9171D37101
:10B54000238D002B00D043E2200002F061FB50E08D
:10B55000754B794D1A6899466023C35A9A46836D94
:10B560009B46436D28689F1A52D493424DD05E4645
:10B5700053460196864200D14FE1676C3E1A5AD479
:10B580006A4EB0463688B446002E20D0636B1E1E2D
:10B5900099D0A36B1B1A8CD5684B18683C23E25ECC
:10B5A000D110431A9B1B9A1812B2A2871D0401D511
:10B5B000091A73183E20215ED2108810091A5B18F0
:10B5C000E3879B184022A3520023636371E701992C
:10B5D0005B18514659448B4200D19CE1636B1E1E9F
:10B5E000D7D1636AD11A0BD4218D013BCB189B1A9A
:10B5F00006D403B0F0BCBB46B246A946A046F0BD97
:10B600000222638B13436383F3E75B461B1AAED5B9
:10B610004B4B1B689F7BDB7B1B023B436027E35349
:10B620000237E65B9E4200D2E353676C6265A06519
:10B6300001903E1AA4D5FB43C34200D5F8E0236D28
:10B640001B1A00D5F4E04A22A65A463A1100638B31
:10B6500019408C461A4200D076E14432A25A9246F2
:10B660003C21625EE18FD210521840216252C21B0F
:10B670006146422792B2E1536064B24500D3B9E318
:10B6800080200001034058424341608E01335843FB
:10B69000031C80B2904200D9131C53449BB2534503
:10B6A00000D377E1012248235242E252E26E216F39
:10B6B0002000FFF77DFEE16E020020672000FFF70B
:10B6C00077FE276FE0667B427B415B422386002347
:10B6D0002377002800D160E164211A4A635A128856
:10B6E0009B186352638B1A0500D4A4E0002F00D18D
:10B6F0009AE2F9684A790B7912021A438B79C87970
:10B700001B04134300061843FCF7B8FEE36CC01A91
:10B7100000D590E0638B0C4A13406383034B98463B
:10B720008BE0C0466B890020F48700205C890020F4
:10B73000A8340020FEFF0000E81A00201C89002029
:10B740002489002054890020FFF7FFFF002800DA39
:10B75000DCE0218DE94200D5F6E69A4200D14EE3C5
:10B76000656F002D00D164E2E868437901791B021E
:10B770000B43817909041943C3791B060B43934298
:10B7800000D10DE1561EB246D11A00D595E22F0028
:10B790002D68002D57D0E868437901791B020B43CF
:10B7A000817909041943C3791B060B43934200D1E5
:10B7B000F7E0F9688C4609790E006146497909027B
:10B7C0000E436146897909040E436146C979090629
:10B7D00031435646711ADAD4991A0129D7D4D1487F
:10B7E000FEF718FF061E00D1AEE64B46F868196852
:10B7F000437902791B021343827912041A43C379F5
:10B800001B0613433A89D2188A1A00D58AE2290006
:10B8100030003E60FFF770FD96E6C34B1B689F7BD0
:10B82000DB7B1B023B439A4500D2F7E65346A4E676
:10B83000200002F0EDF9BD4B9846636B1E1E00D14F
:10B8400037E62868A5E69B1A00D47DE6037B407B9B
:10B8500000021843FCF70EFEC00700D574E6B1489D
:10B86000FEF7D8FE3860002800D16DE64B46F86838
:10B870001A68417903790902194383791B040B4340
:10B88000C179090619433B895B18D31A00D587E2B1
:10B8900043461988636A5B1A218D5B189B1A00D492
:10B8A00052E63B68DB68587B1A7B00021043FCF7CA
:10B8B000E1FD3B68C00700D584E24A46218D12882D
:10B8C0005868891AA28C891889B21981FDF70EFE71
:10B8D0003B681D89DB68587B1A7B00021043FCF72C
:10B8E000C9FD0322030013405A1E93414246EB1840
:10B8F0009BB213804A461268616A9B18228D5218C7
:10B90000934200D120E68A48F6F708F80222638BBA
:10B910001343638318E63021635E002B00DA5DE693
:10B92000874200D05AE64321635CFF2B00D1D2E16D
:10B930000133DBB26354032B00D9CCE100D04DE6D8
:10B94000200002F035F878E7934363834823002111
:10B95000E6522233E1523C22A35EE28FDB109B18B9
:10B960004022A3524223C21BE15260646A20215A42
:10B970008B189BB2994203D8B34202D2235295E668
:10B980006C4B6A229B1BA352638E9B199BB2B342E2
:10B9900000D287E64822A35288E66833E0529BE64D
:10B9A000002760482B8902899A4200D8CCE52B6891
:10B9B000002B00D1C8E5FEF72DFE002800D1C3E51D
:10B9C000002F00D180E138602900FFF795FCBBE52E
:10B9D0001300587B1A7B000210432F89FCF74AFDA5
:10B9E000032303405A1E93414246FB189BB2138027
:10B9F000228D934200D925E1616F002900D165E1D4
:10BA0000EB68587B1A7B00021043FCF733FD676F2D
:10BA1000C00756D4002F09D1CEE13B6838001E0084
:10BA2000FEF7EAFD002E00D165E1370043464A46A5
:10BA30001B8812681E009446FA6866445179107992
:10BA400009020143907900040843D17909060143B2
:10BA500038894018301A00D548E1507B137B00022A
:10BA60001843FCF707FD01230342D6D0EB68587B4F
:10BA70001A7B00021043FCF7FDFC02230342CCD1E9
:10BA8000EB6801201A7B5B7B1B0213431E00FCF753
:10BA9000F1FC3300EA68034398B21373030A53734B
:10BAA0002E89FCF7E7FC032303405A1E93414246CC
:10BAB0009B191380B1E73B6838006367FEF79CFD74
:10BAC000676F002FF7D143464A461B8812689E18BD
:10BAD000228D6662934200D98EE1D21A228520001F
:10BAE000FEF798F96B681A89002A03D0124A13608E
:10BAF00000236B60EB68587B1A7B00021043FCF755
:10BB0000B9FCC00704D520210C4A13780B431370ED
:10BB1000656F002D00D17EE0074B03279846074B49
:10BB20009A462CE0A8340020248900205C8900205B
:10BB300030A20110FFFF0000E8870020728900207A
:10BB4000FDF7C8FD00236B60EB68587B1A7B000291
:10BB50001043FCF78FFCC00709D5514620220B7813
:10BB600013430B70237D042B01D1033323752B6802
:10BB700028006367FEF740FD656F002D4BD0EA6833
:10BB8000537911791B020B43917909041943D37935
:10BB90001B060B43616A8B423DD149460B60507BCB
:10BBA000137B000218432E89FCF764FC3840431EC7
:10BBB0009841636A9B19C01860622B89268D019396
:10BBC000EB68587B1A7B00021043FCF753FC3840AB
:10BBD000431E9841019BC018864200D207E1EB68E2
:10BBE0002E89587B1A7B00021043FCF743FC384037
:10BBF000431E9841238D80191B1A23852000FEF7D0
:10BC000009F969680B89002B9ED043461868002803
:10BC100096D1196096E70122638B1A420ED09343A6
:10BC2000022213436383E4E4002800D173E5C16872
:10BC300060E57948FEF7EEFC606785E40122134376
:10BC40006383D6E4EB68587B1A7B00021043FCF751
:10BC500011FCEB681F7B5B7B1B021F43C00751D4A9
:10BC6000238D38002B81FCF705FC2989800702D53C
:10BC7000013989B229816868FDF738FCEB682F89A2
:10BC8000587B1A7B00021043FCF7F4FB03230340AC
:10BC90005A1E934142464946FB189BB21380228D9F
:10BCA0000968606A59181018814200D02BE6606F4D
:10BCB0000E00002800D0A3E60BE75748FEF7AAFCC9
:10BCC000002801D1FFF740FC60677DE6494609681E
:10BCD000C918616201E74822638EA15ACB189BB252
:10BCE000994201D901235B42A35229E68A1B20D441
:10BCF000228D6767EDE643464A461B881268002797
:10BD00009E18F5E73800FCF7B5FB3E231840FCF71A
:10BD1000B1FB424B3B40184387B2EB683A0A1873B9
:10BD20005A739DE7C91A89B278683981FDF7DEFB3D
:10BD30006DE56346C91AEB682981587B1A7B0002BE
:10BD40001043FCF797FB800702D52B89013B2B8121
:10BD500029896868FDF7CAFBEB682E89587B1A7B36
:10BD600000021043FCF786FB032303405A1E934155
:10BD700042469B19F8689BB2138041790279090207
:10BD80001143827912040A43C179090611434A46D4
:10BD900012680E009A188A42AAD02148F5F7BEFD13
:10BDA000511A89B278683981FDF7A0FB4B461A68B1
:10BDB0006EE51C48F5F7B2FD43464A461B881268FB
:10BDC0009E1895E7DB685D7B1A7B2D0215432800E2
:10BDD000FCF750FB3E231840FCF74CFB3B680F4937
:10BDE000DA680D4028431073000A507365E50E4869
:10BDF000F5F794FD5646B9E50C48F5F78FFD064D6D
:10BE0000EB68E6E50A48F5F789FD0A48F5F786FD8F
:10BE10000948F5F783FDC046A8340020FFC0FFFFA6
:10BE200068A20110E4A10110C4A20110A4A2011093
:10BE300020A2011010A2011000A20110F0B5454689
:10BE4000DE4657464E46E0B580468FB0002801D109
:10BE500000F03EFD43687A4E33604389132B09D8C6
:10BE60004046FDF70DFC0FB0F0BCBB46B246A946FC
:10BE7000A046F0BD734D2968686906F0F9F90028FD
:10BE8000EED1F0226B691340E02BE9D029002B00A2
:10BE90004246143112894046009110330621FCF7C6
:10BEA000EDFD071EDCD13368587B1A7B000210437E
:10BEB000FCF7E0FA010B8900C9B21329D0D9434637
:10BEC0001B898B42CCD30B005F4A143B13801400B8
:10BED0005E4A91461760424652898A4200D3ADE2DB
:10BEE00043461B68002B01D100F062FD142140463F
:10BEF000FDF772FB434624885F89554B40461F80FF
:10BF0000E31B99B204913900FDF766FB43461868BC
:10BF1000049943898B42A3D34A4643681360FDF7D3
:10BF20005BFB434642461B89FB181B1B9BB21381DC
:10BF30005289002A01D000F041FD42461268128960
:10BF40009A4201D000F037FD376878783B780002DC
:10BF50001843FCF78FFA3870000A78703768F87861
:10BF6000BB7800021843FCF785FAB870000AF87035
:10BF700037687A793B7912021A43BB79F8791B0446
:10BF8000134300061843FCF779FA030A7B71030C8C
:10BF9000BB71030EFB712F4B387137680793186024
:10BFA0007A7A3B7A12021A43BB7AF87A1B0413435B
:10BFB00000061843FCF762FA030A7B72030CBB729B
:10BFC000030EFB72244B3872376806931860F87BB7
:10BFD000BB7B00021843FCF74DFA3368B873000AC4
:10BFE000F873587B1A7B00021043FCF743FA3F2397
:10BFF000010019400B000591184983460B70434618
:10C0000009911989830700D01EE2154B0B910A9301
:10C010001980144B1C6808933368002C00D110E180
:10C020006A68270094462A690D9491466A690495C6
:10C03000924665463C22C4460024B0460C9119E065
:10C0400024890020B83400205A8900202889002043
:10C0500058890020F4870020E81A00206B8900200E
:10C060005C8900200C890020F9683C00002900D17F
:10C07000E4E00F00397D002901D100F017FC0A2906
:10C0800001D100F010FC012901D100F012FC387A36
:10C09000002804D0A95C0131C9B28842E4D15978A2
:10C0A0001E78388B090231438842DDD1D9789E78D9
:10C0B000F88A090231438842D6D179684945D3D1FB
:10C0C00039685145D0D1FA68200046460C99E046BF
:10C0D0000D9CBA4201D100F074FC002807D0C26068
:10C0E000089AFC601760BC4201D100F093FC00226A
:10C0F000CA4DEB60CA4B29811A609A46C94B41462A
:10C100001A709946C84B2A6004931A805B4669608E
:10C110001B0703D501224B7B13434B73BB6F002BD3
:10C1200010D03800FEF722FE0D3000D1FFE1BB6FCA
:10C13000002B04D00A9B1B88002B00D0F7E1099B41
:10C140001B780593059A04231100B84C1940276009
:10C15000134200D1A8E13B7D022B00D1F1E1079908
:10C160007A6A09688A4200D129E34B461878082385
:10C170000340881A07D4388D521AD04203D40222C1
:10C18000798B0A437A83002B00D0E8E1049B1A885C
:10C19000002A0BD08023FB58002B04D039003869CB
:10C1A00098470D303ED00023049A13804B4610214F
:10C1B0001B78194200D05DE353461A68002A1AD052
:10C1C000BB6F002B01D000F028FC0B00788B0340E4
:10C1D000014200D08DE384217E58002E00D1AFE3D0
:10C1E00039003869B04703000D331BD0002802D056
:10C1F00053461B68BB674B461A782023134206D070
:10C20000BA6F002A00D186E3517B0B43537300239E
:10C2100023604B461A781023134200D05BE33800AA
:10C2200001F070FD00265346686826601E600028F5
:10C2300000D118E6FDF724FA6E6014E64646E046A3
:10C24000049D7B4A106800284AD02A69AA46914674
:10C250006F683C22049602E0C06800283ED0017D51
:10C260000A2900D04CE3047A002C04D0B95C0131D7
:10C27000C9B28C42F0D15C78197824020C43018B4E
:10C28000A142E9D1DC789E7824023443C68AA642D2
:10C29000E2D144684C45DFD10468A4465446646941
:10C2A000A445D9D15A46530700D5D9E5930700D400
:10C2B00029E3079B1A68436AD51A04D4058D9B1A93
:10C2C000DD4200D494E30B9B002B00D1C8E5022390
:10C2D000428B1343438301F015FDC1E55546049E8F
:10C2E00054480168002900D1BCE06A686C69059275
:10C2F000A14604900024100042460F008C46B04630
:10C30000AA461600210005E0FA683900002A00D18B
:10C31000A4E017003C7A002C05D03C22825C01325C
:10C32000D2B29442F0D1DA789D78FC8A12022A4384
:10C330009442E9D13A684A4501D0002AE4D132005A
:10C340000C1E4646614655469046049803D0FA684E
:10C350000760E260F96059464A0700D580E5CA06E1
:10C3600000D5CDE05B469B0700D479E5787DFEF7EC
:10C37000EBFA002800D18AE26A692B69050004C53E
:10C380004360FB8A8146C3823368079C1A785B78D6
:10C390001B021343038303230375236801334362A2
:10C3A000C362FEF733FE4A4623681400013B53651F
:10C3B0003B69906513610C2310655064D065D767A5
:10C3C0007A7A0899134063723B7A23720B680C6087
:10C3D000E36002F0DBF80122174B20001A70FEF731
:10C3E000ADFE336828009A7BDB7B668E1B0213430D
:10C3F0001A041343236605F05DFC2A000100300097
:10C40000FEF718FE12216086200001F0B7F900281F
:10C4100000D057E2484601F075FC21E5A834002021
:10C42000E8870020728900205489002014890020A8
:10C43000208900201889002074890020B94A4046CC
:10C440001380FDF7C9F87FE5B74A4B1C9BB20B93ED
:10C450000A921380994200D8DBE501E53200554687
:10C4600046469046587B1A7B00021043FCF702F8C0
:10C47000400700D5F4E40A9A0799306809681288E1
:10C48000067852184178A94B090231430291C178CC
:10C490008678090231430191A5490091069968689F
:10C4A000096801F029FBDBE4022310001A409046E2
:10C4B0007A8B034263D0387D0238012800D9D2E15B
:10C4C0001023100018401A4200D0F5E1994B1B6868
:10C4D0003B62A223F8523800FEF730FE3B7D9A1EE5
:10C4E000012A08D8032B6DD1079A7B6A1268013B99
:10C4F000934200D1C5E24B461A780823134042E626
:10C50000079A587812680B991E78521800020699FB
:10C51000304309680290D8789E780002834B3043FC
:10C520000190181F0090059801F0E6FA98E47B8DC1
:10C53000002B01D0804C75E6380001F069FB7E4C81
:10C5400070E6069B3A6D1B689A42D4D14946082290
:10C550000B78134301220B707B8B93437B839023D7
:10C56000FB58002B03D00E213869494298470898A0
:10C570003900FEF7AFF83800FDF7C2FB52E6D206ED
:10C5800002D46C4B1B683B62A22342463800FA522D
:10C59000FEF7D4FD3B7D092BADD8684A9B00D358EC
:10C5A0009F463800FEF770FF4B461A780823134069
:10C5B000920600D4E7E50222798B0A437A830722A8
:10C5C0003A75E0E5059BDB0695D5069B3068196852
:10C5D000079B1A684346002B04D07B6C01338B42C7
:10C5E00000D1F2E00A9E514B36880593B2180678C6
:10C5F0003300467836021E4302968678C078059B43
:10C600000002304301904A480090380001F000FADF
:10C610004223FB5C052B00D96DE7002338003B86E5
:10C6200001F096FD4B461A7808231340ABE538001D
:10C63000FEF72AFF099A4B46117810221B780A420E
:10C6400005D00699386D0968884200D1E8E10822D2
:10C65000134098E53800FEF717FF099B1B78DB06AF
:10C6600000D448E7069B3A6D1B689A4200D042E727
:10C67000FB6E002B00D03EE73800FEF71FF8089B4A
:10C680001B68BB4205D18CE1DA68BA4200D177E180
:10C690001300002BF8D175E13800FEF7F5FE4B468C
:10C6A0001B789A06D3D502237A8B380013437B83F9
:10C6B000FEF704F8089B1B68BB4205D15CE1DA6811
:10C6C000BA4200D16AE11300002BF8D101221C4BC1
:10C6D0001A700A233B751B4B1A681F60FA6001F041
:10C6E00055FF4B461A78082313404CE53800FEF7F7
:10C6F000CBFE099A4B46117810221B780A40990606
:10C7000000D423E10221788B0143002A05D0069A48
:10C71000386D1268904200D156E1082279833A754B
:10C72000134030E5588900205C890020CC3400207B
:10C73000C83400201C890020148900207CBD011011
:10C740007489002020890020059BDB0600D4D2E6F6
:10C75000069B19687B6CDB43CB4200D577E13B6DD0
:10C760005B1A00D573E104233B75FB6F002B00D1EE
:10C77000C2E09B69002B00D117E100223900386923
:10C780009847002800D040E13800FEF77DFE049A6B
:10C790001388002B01D0013B13807B8EBD485A00CB
:10C7A00011009B00824200D201008B4204D3B949A0
:10C7B0000B008A4200D913004822BB52F4E6002B3A
:10C7C00000D0C3E6B448F5F7A9F8511C7962F962C4
:10C7D0007B64C37B817B1B020B4319040B433B66C9
:10C7E0000423013A3B757B8E7A65381D059305F06D
:10C7F00061FA3A1D01000598FEF71CFC420078869C
:10C800008300A4481100824200D201008B4204D36D
:10C81000A0490B008A4200D913004822BB521E32A5
:10C82000BB5A002B00D10CE1386F013BBB520028F2
:10C8300000D100E103683B67FDF7DEFE3B6F002B94
:10C8400000D1F5E000234222BB543B868823FB58ED
:10C85000002B06D000223900386998470D3000D1EE
:10C86000E0E402237A8B13437B834B461A78082338
:10C87000134088E47B8B194200D078E69023FB5864
:10C88000002B00D173E638691F3998476FE6BB6902
:10C89000002B01D1FFF7E4FA01220021386952424E
:10C8A0009847FFF7DDFA7D48F5F738F87C48F5F74B
:10C8B00035F87C48F5F732F8A2233800F952FEF734
:10C8C0003DFC0BE600214846FDF768FFFFF7C8FA7C
:10C8D0007548F5F723F87A8B134200D047E680338A
:10C8E000FB58002B00D142E60F2138694942984796
:10C8F0003DE61000FCF7C4FE3800FEF71FF891E497
:10C900006A48F5F70BF85B46DB0700D4DBE4684BBD
:10C910001B680362D7E486223B8D1201934201D04B
:10C9200001333B858423FE58002E00D16FE40023A1
:10C9300039001A003869B0470D3000D067E471E45F
:10C94000330039003000FEF7ADF94CE408210B400C
:10C95000002A01D1FFF717FC069A396D126891423F
:10C9600001D0FFF710FCFA6E002A01D0FFF70BFC94
:10C9700006323A75FFF707FCFB68089A1360A5E6D4
:10C98000FA68DA6001224B4B1A700A233B754A4B56
:10C990001A681F60FA6001F0F9FDACE5FA68DA6028
:10C9A00094E6FB68089A1360ECE74448F4F7B6FF96
:10C9B0004348F4F7B3FF4348F4F7B0FF4248F4F7B5
:10C9C000ADFF4248F4F7AAFFFA6E002A00D0A4E6B1
:10C9D00038007983FDF772FE089B1B68BB4204D1C7
:10C9E000CAE7DA68BA42D9D01300002BF9D16DE654
:10C9F000029137490B9C009106990196354B0968C5
:10CA0000121901F005F8FFF72BFA0D3001D1FFF7ED
:10CA100009FC71E73048F4F781FF3048F4F77EFFF6
:10CA2000F96E002900D012E649461A430A700EE654
:10CA300001235B4209E7F86E002805D00368FB6616
:10CA4000FAE62748F4F76AFF2648F4F767FF3068EC
:10CA50000A9A079E128836681E4B9219067805932B
:10CA60003300467836021E4302968678C078059BCE
:10CA700000023043019016480090380000F0C8FFD3
:10CA800039E5380000F046FF4B461A78082313407A
:10CA9000FFF779FB1C11000040A4011064A30110F2
:10CAA0003CA3011090A30110E8A2011010A40110F2
:10CAB0001C89002074890020208900208CA401108A
:10CAC00000A301101CA3011010A30110B8A30110B2
:10CAD000C8340020CC340020E4A30110ACA4011021
:10CAE00060A4011078A401101021024A13780B43AE
:10CAF0001370704772890020F0B54746CE4680B566
:10CB000083B099460AAB07000E0090461D780028B6
:10CB100059D00320FCF7EEF9041E4CD0AB002A00DC
:10CB200004251D4000238272036046603389AB42B6
:10CB300046D35B1B038114213000FCF71DFD061E4C
:10CB400034D16368AD025B680193E360F88AFBF758
:10CB500091FC019B1870000A5870E3680193388BB0
:10CB6000FBF788FC019BE7689870000AD87048467C
:10CB7000FBF784FC030A7B71030CBB71A0233871A3
:10CB8000DB01000EF871E818434603431800E7681C
:10CB9000FBF770FCE3683873000A78739E74DE74E8
:10CBA000200003B0C0BCB946B046F0BD2000FDF780
:10CBB00023FD0024F4E73000FCF762FD0024EFE7DA
:10CBC0000248F4F7ABFE0248F4F7A8FEE8A401100F
:10CBD000C8A40110F0B5C64600B506000C0090468A
:10CBE0001F0086B0002832D0007A002825D1180016
:10CBF00005F060F8051E24D063680621059322899C
:10CC0000434620000097FBF739FF059B1874000A84
:10CC10005874F37AB17A06220295019200913A0093
:10CC20004146200005F0A6F905002000FCF728FD8C
:10CC3000280006B080BCB846F0BDFCF73BFB051EE3
:10CC4000DAD104252000FCF71BFD6D42F0E7180047
:10CC500005F030F8051EF4D06668434606212289A7
:10CC600020000097FBF70AFF3074000A0021FF2321
:10CC70007074D0E7F0B54E46DE4657464546E0B5FF
:10CC80008DB0061E04910092079300D17DE36223CC
:10CC9000418E0191C35A5B081A1C8B4200D9CEE029
:10CCA00092B2002A00D0C8E0049B002B00D16CE3B4
:10CCB000337D9A1E022A0AD9072B08D00B20404246
:10CCC0000DB0F0BCBB46B246A946A046F0BD009AE6
:10CCD000002A00D113E16423F35A934200D257E3B0
:10CCE0006623F35A9846072B00D951E34246336F27
:10CCF000002A00D0A9E0002B00D06AE3F36E002BDD
:10CD000000D066E36823F55A002D00D0D4E3012259
:10CD1000079B1A4000230A930993002A00D074E16C
:10CD2000009B019A5B1B1F1C9BB2934200D9171CEE
:10CD3000BBB202930023059308930023B2469B469F
:10CD40000299039316E05B46002B00D139E31C6087
:10CD5000029BED18009BADB2AB4200D833E25B1BE7
:10CD600001991A1C9BB28B4200D90A1C93B2A346AC
:10CD70001900029301223620FCF71EFB041E00D18D
:10CD800032E2A022049B00215B194360920036200E
:10CD9000FCF712FB071E00D110E22100FCF79AFC01
:10CDA0003800FCF779FC404483B29846082B00D940
:10CDB000EFE153460320DE6DFCF79CF8041E00D122
:10CDC000E7E100234760837203603B8914210381FC
:10CDD0003800FCF7D1FB8146002800D0B7E163683A
:10CDE0005F685346E760D88AFBF744FB53463870C8
:10CDF000000A7870188BE768FBF73CFBB870000AF4
:10CE0000F8707019E768FBF739FB030A38717B711A
:10CE1000030C000EF871A020BB71C001E668FBF79F
:10CE200029FB4A46E3683073000A70739A74DA7417
:10CE3000039B002B87D103948AE7019234E70A1CF5
:10CE400092B2002A00D12FE7F7E7F46E002B00D151
:10CE5000AEE1002C00D155E723002468002CFBD163
:10CE60001900042209939B7A09899B001A400198B2
:10CE70008B18984200DA19E3431A9B1A6822B55AB4
:10CE80009BB2002D4BD09D4200D912E300982A1C82
:10CE9000854200D99AE090B2984200D98DE092B2D2
:10CEA0000A92AA1A92B2002A00D1C4E1009B0A9801
:10CEB000834200D0F3E2002B00D08DE0099B099D56
:10CEC00009932C606422F36D00995B18F365B35AE3
:10CED0005B1AB35266234246F252002A03D0336FE4
:10CEE000002B00D1CBE1099B002B06D0DB68002B87
:10CEF00003D0079A920700D4B2E10020E0E666234F
:10CF0000F46EF35A9846002CA6D16823F35A002BEE
:10CF100000D0D1E20393039B0994F366D2E7009813
:10CF2000002800D1BEE2012207980240002B68D001
:10CF3000002966D000994F1B9F4200DD1F00B9B247
:10CF40008946002A00D0D6E1099B5B681A001B685D
:10CF5000002BFBD1137B3F2B06D851895368049AD1
:10CF60005B189A4200D191E1012249460020FCF76A
:10CF700023FA0890002800D102E2049B5B19436069
:10CF8000FCF78AFB404483B298464B46EF18BBB28D
:10CF9000994600230593009B4B4500D81CE24A4666
:10CFA000009B9B1A019A1F1C9BB2934200D955E12A
:10CFB000BBB20A9502934D46BFE61A1C92B20A9282
:10CFC000AA1A92B2002A00D070E734E1021C90B293
:10CFD000984200D863E7F0E7099B5F68002F00D113
:10CFE00081E11D0000239246A1460A9C0893059307
:10CFF0003B89E3183B813B68002B00D1F6E01F0022
:10D00000F6E70A95002A00D18AE60223079A1A4019
:10D0100000230B92089300236A469B460393019BCF
:10D02000B146938243462E000293009B6A469B1BA7
:10D03000978A019A9BB29A4200D91F1C019ABFB2EB
:10D0400039009A4212D90B9B002B07D14B465B8BC0
:10D050005B060BD4039B002B00D1F4E086239B00DE
:10D06000F918019B994200D9190089B2A0223620F3
:10D070009200FCF7A1F9051E00D197E003689A46DB
:10D08000002B00D0A2E143893A0006933B043B43C6
:10D090008360049B40689919F6F728FC2800FCF788
:10D0A000FBFA029BC01883B20293082B00D97AE0E6
:10D0B0004B46DB6D03209846FBF71CFF041E72D025
:10D0C00053464560837203602B8914210381280035
:10D0D000FCF752FA8246002863D16368B0445D6869
:10D0E0004B46E560D88AFBF7C5F94B462870000A25
:10D0F0006870188BE568FBF7BDF9A870000AE87046
:10D100004046E568FBF7BAF9030A28716B71030C16
:10D11000000EE871A020AB71C001E568FBF7AAF929
:10D120005246E3682873000A68739A74DA74039BA2
:10D13000002B34D05B46002B00D142E11C60F61975
:10D14000009BB6B2B34200D812E1A3466EE7564642
:10D150002000FDF751FA8022738B13437383089BE1
:10D16000002B02D01800FCF78BFA039B002B02D097
:10D170001800FDF725FA6623F35A002B06D0336F0B
:10D18000002B03D1F36E002B00D17CE00120404244
:10D1900096E55646BA465046FCF772FADBE703942A
:10D1A000CDE74E46D4E7AA464E46F4E74E46D2E7D0
:10D1B000002C00D050E6C248F4F7B0FB20005646E1
:10D1C000FCF75EFAC7E7564600220A9B002B00D107
:10D1D00010E1099D6F68002F00D159E10994039C6B
:10D1E0009246A1461C0003E75646B4E77B8978685F
:10D1F0002200C0180499F6F779FB7B89E3187B813C
:10D200003B68002B00D0FAE64C4652462B890A991F
:10D210005B182B816823F252089B002B00D1BCE0E5
:10D22000089F68683900FCF755FA3A892B892C6009
:10D230009B182B8146E600980A9DA84200D8B2E0D0
:10D240005B1B9BB26FE64B46DB6E002B00D005E705
:10D250004B461B6F002B00D000E707E7171CA7E623
:10D26000587B1C7B000204430820FBF703F9099B51
:10D270002043DB681873000A5873002020E5F36E22
:10D28000002B00D02FE68F48F4F748FB002D00D08C
:10D29000FBE000224B460892009A05934A4500D9CC
:10D2A0007DE668230024F552099D6968002900D1B4
:10D2B000F2E00A68002A00D181E0059800E01A0037
:10D2C0000B89C3180B8113681100002BF7D1138948
:10D2D00005981B18138153891B1853812B892C60C7
:10D2E0001B182B81EEE5009BC9186823099D298135
:10D2F000F2522C60E6E58B420ED9079A920702D4CF
:10D30000728B520608D486223904090C92008918BF
:10D31000994200D9190089B2A02200209200FCF79E
:10D320004BF8089000282BD00368002B4ED143897E
:10D3300049469A464B461B040B438360049B3A04C0
:10D34000120C59194068F6F7D1FA0898FCF7A4F9BD
:10D35000404483B298464B46009AEB189BB29A42DF
:10D360006AD9022207990A9511401D000B9152E6D5
:10D37000029B4E469846069BDA1B0023059324E742
:10D380008022738B13437383F5E61020404297E4A9
:10D390008022738B13437383F8E6059B002B00D028
:10D3A00083E72C608EE5099B5F68002F0CD01D0081
:10D3B0000023A14692460A9C0593089318E60A00AA
:10D3C00085E74148F4F7AAFA49198EE73F48F4F790
:10D3D000A5FA3F48F4F7A2FA002D48D0099B5F68F0
:10D3E000002F3BD000242B00A146A2460A951C002A
:10D3F000099DFDE56823F252089B002B06D0099B8E
:10D40000002B0FD0099D0994039C09E7059B002B75
:10D410000BD1099B002B00D17DE5099D0994039C4C
:10D420002C604FE52B48F4F779FA099B002B33D099
:10D4300009941D00039C38E753464A469A1A002D6A
:10D4400016D0099B5F68002F16D000242900A14642
:10D450000A95059492460C00099DC9E51A001B899E
:10D460003C00EB18138168231500F752D8E62A0018
:10D470006823099DF252D3E619001B893C00EB1882
:10D480000B8168230D00F252CAE61348F4F746FAFE
:10D49000099D0994039CB9E61048F4F73FFA104837
:10D4A000F4F73CFA009BB352030008E50D48F4F78B
:10D4B00035FA0D48F4F732FA0C48F4F72FFAC04663
:10D4C00000A50110BCA6011038A60110C8A50110C6
:10D4D0003CA501104CA60110DCA5011084A601108A
:10D4E000A8A5011070A5011088A5011008A60110BB
:10D4F000F0B5D6464F464646C0B584B0051E0291EB
:10D5000000D1B2E0C46E002C00D1A8E0002900D107
:10D51000A8E0238998468B4200D88DE0438E8B4249
:10D5200000D2A5E004224046A37A9A469B001A4006
:10D530001300029A0393861AA022B6B299193620D4
:10D5400089B29200FBF738FF071E00D187E06068C0
:10D550002289038902999B1A5B18039A79689BB206
:10D5600089183200FCF7D0F9B04200D074E0E368CB
:10D57000587B1A7B00021043FAF77CFF08231E0039
:10D58000064003425FD1373303409946012201230D
:10D5900049460B4202D0994389461600E1684A7910
:10D5A0000B7912021A438B79C8791B0413430006C6
:10D5B0001843FAF763FF5246029B39001B1800928A
:10D5C00028003200FFF798FA071E48D066266068E8
:10D5D000FCF762F84246AB5B1B1A6068AB53029BD8
:10D5E00001899B1AC91889B20293FBF77FFF23892F
:10D5F000029A9B182381E368587B1A7B0002104330
:10D6000002904846FAF736FF029AE368104318730F
:10D61000000A58736068FCF73FF8AB5BC018A8536A
:10D620007868FCF739F8AB5BC0182368A8533B60F7
:10D6300027603B68002B0CD0002004B0E0BCBA4649
:10D64000B146A846F0BD3723034099460922082673
:10D650009DE76822AB52EFE73800FCF711F8012094
:10D660004042EAE70448F4F759F90448F4F756F958
:10D670000348F4F753F9C04600A70110DCA60110D7
:10D6800024A7011070B5040082B0002800D168E022
:10D69000C36E002B0CD01D001B68002BFBD1EB6868
:10D6A000587B1A7B00021043FAF7E4FE40073ED095
:10D6B000A022002136209200FBF77EFE002849D0F0
:10D6C00000220100E36D200000920132FFF714FAFE
:10D6D00000283FD00389002B46D1E36E002B24D0D5
:10D6E0001A001B68002BFBD1106068230022E25255
:10D6F0002022E36D40680133E365638B134363834A
:10D70000FBF7CAFF6623E25A801880B2E052002875
:10D7100002D1002002B070BD236F002BF9D1E36E5F
:10D72000002BF6D11248F4F7F9F8E066DDE7EB6874
:10D73000587B1A7B0002104306000120FAF79AFE7C
:10D740002022EB6830431873000A5873638B13432D
:10D750006383DEE780220120638B404213436383AF
:10D76000D8E70448F4F7DAF80348F4F7D7F8C046E6
:10D770007CA7011034A7011050A70110F0B5C646D0
:10D7800000B504000F0082B08B0767D000285FD07F
:10D790000226A0220E40B507EB0F6D0F29003620A0
:10D7A00092009846FBF708FE002847D04389AB4219
:10D7B0004BD342460100E36D200000923A00FFF790
:10D7C0009BF900283AD00389002B44D1E36E002B4B
:10D7D0002CD01A001B68002BFBD11060682300229C
:10D7E000E252673B3B40002E1AD1002B06D0E36D7E
:10D7F0000133E3652022638B134363834068FBF7A7
:10D800004BFF6623E25A801880B2E052002803D012
:10D81000236F0020002B0BD002B080BCB846F0BDB7
:10D82000E26D0132E265002BE8D0E3E7E066D5E780
:10D83000E36E002BF0D10B48F4F770F88022012042
:10D84000638B404213436383E6E70748F4F766F8C7
:10D850000648F4F763F80648F4F760F80548F4F76B
:10D860005DF8C0467CA701101CA80110FCA70110A0
:10D8700050A70110A4A70110F0B5C646060000B5D8
:10D88000002841D0026F002A39D01400636825684F
:10D890009B7B002D07D0012B31D12C0063682568BC
:10D8A0009B7B002DF7D1012B29D1F36EE16823601A
:10D8B0008023F266728B1B011343356773834A79A9
:10D8C0000B7912021A438B79C8791B0413430006A3
:10D8D0001843FAF7D3FDE3688046587B1A7B0002B1
:10D8E00010432789FAF7C6FD032303405A1E9341CC
:10D8F0004246D2199B180020F364756301E00620AC
:10D90000404280BCB846F0BD0148F4F707F8C04675
:10D9100058A80110F8B5071E45D0066F002E3CD060
:10D9200073689B7B012B38D1050033686C35036726
:10D93000C36E002B04D121E01D001B68002B1DD0FD
:10D94000D9684A790B7912021A438B79C8791B047A
:10D95000134300061843FAF791FDF16804004A7971
:10D960000B7912021A438B79C8791B041343000602
:10D970001843FAF783FD2B68241ADDD433602E6038
:10D980003368002B0CD04222BB5CFF2B01D001334B
:10D99000BB54002300207B6301E006204042F8BD19
:10D9A0006822BB52EFE70148F3F7B8FF7CA80110EB
:10D9B00010B5041E27D0036F002B02D0438B5B07EA
:10D9C00000D510BDFFF7A6FF0028FAD1602348213B
:10D9D000E25A605A131C824200D9031C4A209BB2AF
:10D9E0005B102352628E51008B4201D20B002152F8
:10D9F00052189B184822A3520422638B134363835B
:10DA000000232386DDE70148F3F788FF94A801107F
:10DA1000F0B55746DE464E464546E0B583B08246F1
:10DA2000019318000CAB80CB93461A886B46904646
:10DA30001A8F914600284CD0002F4DD00800FAF7DD
:10DA40001DFDA0220500142122209200FBF7B4FC4A
:10DA5000061E37D04389132B41D944684046FAF754
:10DA600009FD2070000A60704846FAF703FD2B0A92
:10DA7000A0702571000A63712B0C2D0EE070A3714C
:10DA80005846E571FAF7FAFC030A20726372030C38
:10DA9000000EA372E0721348FAF7ECFC2073000A40
:10DAA00060731148FAF7E6FC0023A073000AE073E4
:10DAB00023746374A374E37431003B005046019AED
:10DAC000FFF788F803B0F0BCBB46B246A946A046B3
:10DAD000F0BD0648F3F722FF0548F3F71FFF05489E
:10DAE000F3F71CFF1450000008600000B4A80110F8
:10DAF000D0A80110ECA80110F0B55746DE464E46FE
:10DB00004546E0B587B01C00059310AB934604CBA7
:10DB100082461F8812AB90461A88914600285DD035
:10DB2000002C65D04346002B5FD00800FAF7A6FC16
:10DB3000A0220600142122209200FBF73DFC051EC6
:10DB40004CD04389132B56D944683800FAF792FC1D
:10DB50002070000A60704846FAF78CFC330AA07007
:10DB600026716371000A330C360EE070A371E67102
:10DB70005846FAF783FC030A20726372030C000E06
:10DB8000A372E0721D48FAF775FC2073000A6073F7
:10DB90001B48FAF76FFC00274646A073000AE073A3
:10DBA00027746774A774E774059B6C682A8906213B
:10DBB000280000969846FAF761FF52460623207423
:10DBC000000A6074414602920193320028000097D7
:10DBD000F93304F0CFF92800FBF752FD07B0F0BC91
:10DBE000BB46B246A946A046F0BD0648F3F796FEEE
:10DBF0000548F3F793FE0548F3F790FE1450000034
:10DC000008600000D0A80110B4A80110ECA8011011
:10DC1000F8B54546DE4657464E46E0B5051E64D08B
:10DC2000006DFAF72BFCA0226B6A06009846EB8A7F
:10DC3000142199462B8B22209A466B8D92009B468D
:10DC4000FBF7BAFB071E4AD04389132B50D944680F
:10DC50004846FAF70FFC2070000A60705046FAF749
:10DC600009FC330AA0702671000A6371330C360E6A
:10DC7000E070A3714046E671FAF700FC030A2072D7
:10DC80006372030C000EA372E0721B48FAF7F2FBFA
:10DC90002073000A60735846FAF7ECFB0023A07368
:10DCA000000AE07323746374A374E3746A8D6B6A6F
:10DCB00039009B18EB622A002B1D2800FEF78AFF13
:10DCC0006B8B002808D1032293436B83F0BCBB46C7
:10DCD000B246A946A046F8BD03221343F5E7032246
:10DCE00002206B8B40421343EFE70448F3F716FE24
:10DCF0000348F3F713FEC046105000001CA90110A2
:10DD0000ECA80110F0B5DE4657464E464546E0B554
:10DD1000040087B0002800D1FDE1037D012B00D174
:10DD2000F6E1CA4B1B6883423FD0C56E002D35D04B
:10DD30004823C65A1833C75A031D0593007A002892
:10DD400000D0CBE1201D03F0B5FF83465B46002BDE
:10DD500000D1D4E1331CBE4200D93B1C9BB29A4691
:10DD60002368002B02D15B465B682360E9684A792F
:10DD70000B7912021A438B79C8791B0413430006EE
:10DD80001843FAF77BFB2B89626C9B1A1B185345CF
:10DD900013D96023E35A534500D120E1638B9A07DE
:10DDA00000D518E1802293436383002007B0F0BCC4
:10DDB000BB46B246A946A046F0BDA1230022E254CC
:10DDC000236F002B00D11AE11A001B68002BFBD136
:10DDD00090469F4BC1460493059B984606E0280059
:10DDE000FCF70AFCE56E002D00D17BE1E9684A7979
:10DDF0000B7912021A438B79C8791B04134300066E
:10DE00001843FAF73BFB636CC01A2B89C0185045C6
:10DE100000D96CE1EB68587B1A7B00021043FAF7DB
:10DE200029FB0423034200D06CE1236F002B0BD0AD
:10DE30004422638B1A4207D1E26E002A00D10EE120
:10DE40001168002900D105E1237DEE68022B0BD07B
:10DE5000777B337B10203F021F43FAF70BFBEE6802
:10DE6000074337733F0A77736B689F7B012F57D146
:10DE7000606AFAF703FB030A30727372030C000E38
:10DE8000B372F072608DEE68FAF7F4FAB073000ABC
:10DE9000F073628D636AEE689B18E362AB7A1F428F
:10DEA00000D0B1E0370014373022A35E002B01DA36
:10DEB00000232386636B002B00D1B5E068684368BC
:10DEC0004289F31AD21A428102894660D21A00238B
:10DED00092B2028133747374A97A01330B40032127
:10DEE000013B8B431833F3189F4200D00DE14346AA
:10DEF000062100932300FAF7C1FD5A463074000A48
:10DF00007074E37A6868029206220192A27A210074
:10DF10000092424604F02EF8002800D0EAE0EE68B5
:10DF20002B68E366237D022B03D00322638B93438C
:10DF300063837279337912021A43B379F0791B043F
:10DF4000134300061843FAF799FAEB682F891A7BF6
:10DF5000C619587B00021043FAF78CFA03230340DA
:10DF60005A1E93419E19236D9B1B00D52665EB68B5
:10DF70002E89587B1A7B00021043FAF77BFA0323A1
:10DF800003401E4300D12AE700232B60236F002BA0
:10DF900037D0E9684A790B7912021A438B79C8792C
:10DFA0001B04134300061843FAF768FA4B46D96876
:10DFB00006004A790B7912021A438B79C8791B043F
:10DFC000134300061843FAF759FA361A5BD44B4646
:10DFD000A9461D6006E72000FFF71AFEE6E6236F5C
:10DFE000002B00D0DAE6A133E35C002B00D0D5E6AD
:10DFF0008021A0224900A1520232A354CEE69846C5
:10E00000E7E6A9462567EDE68620424659468000A8
:10E01000FDF710F881239B041843FAF72FFA70617B
:10E0200018363700EE683FE7049B1B68636372791C
:10E03000337912021A43B379F0791B0413430006B3
:10E040001843FAF71BFAEE68A06337E7148900203B
:10E050001C8900201089618E884200D3F4E6642177
:10E06000615A002900D1EFE66621615A072900D9DB
:10E07000EAE6A021194200D0E6E6002A33D0802249
:10E080009343638391E62700236F7037002B04D1FD
:10E0900021E01F001B68002B1DD0D9684A790B793D
:10E0A00012021A438B79C8791B04134300061843E4
:10E0B000FAF7E4F9E96806004A790B7912021A4383
:10E0C0008B79C8791B04134300061843FAF7D6F975
:10E0D0003B68361ADDD42B603D6083E6FBF7EAF837
:10E0E000834633E6638B68220021A1525AE6E26E32
:10E0F000638BC2E78022638B1343638356E604205D
:10E10000404253E60548F3F709FC0548F3F706FCDF
:10E110000448F3F703FC0448F3F700FC7CA9011062
:10E1200094A9011054A901103CA9011010B50028B0
:10E1300008D04222835CFF2B01D001338354FFF7C8
:10E14000E1FD10BD0148F3F7E9FBC046A8A90110A5
:10E15000F0B5C646050000B5002846D0026F002A7B
:10E1600040D01400636826689B7B002E07D0012BEB
:10E1700038D13400636826689B7B002EF7D1012BD1
:10E1800030D1EB6EE16823608023EA666A8B1B0165
:10E1900013432E676B834A790B7912021A438B79EA
:10E1A000C8791B04134300061843FAF767F9E368BC
:10E1B0008046587B1A7B000210432789FAF75AF9E8
:10E1C000032303405A1E93414246D2199B18422210
:10E1D000EB646E63AB5CFF2B01D00133AB542800C2
:10E1E000FFF790FD80BCB846F0BD0148F3F796FB01
:10E1F000CCA90110F8B54546DE4657464E46E0B577
:10E20000051E59D0006D0138FAF738F9A0226B6A63
:10E2100006009846EB8A142199462B8B22209A46B9
:10E220006B8D92009B46FBF7C7F8071E41D04389D0
:10E23000132B44D944684846FAF71CF92070000AA9
:10E2400060705046FAF716F9330AA0702671000A7A
:10E250006371330C360EE070A3714046E671FAF735
:10E260000DF9030A20726372030C000EA372E072B0
:10E270001448FAF7FFF82073000A60735846FAF75B
:10E28000F9F80023A073000AE07323746374A37485
:10E29000E3746A8D6B6A39009B18EB622A002800D0
:10E2A0002B1DFEF797FCF0BCBB46B246A946A04624
:10E2B000F8BD01204042F6E70348F3F72FFB03487F
:10E2C000F3F72CFB10500000E8A90110ECA8011096
:10E2D000F0B54546DE4657464E46E0B5050083B0EC
:10E2E000002800D1B2E0C76E002F00D1ACE0A2221E
:10E2F000835CFF2B01D001338354FB68587B1A7B6E
:10E3000000021043FAF7B6F8C00700D586E00023F4
:10E3100015219946F8684279037912021A438379E4
:10E32000C6791B041343A02236061E436B6A2220C3
:10E330009A46EB8A92009B462B8B00936B8D019340
:10E34000FBF73AF88046002800D17AE04389132B86
:10E3500000D87EE044685846FAF78CF82070000A2E
:10E3600060700098FAF786F8330AA070267163711E
:10E37000000A330C360EE070A371E6715046FAF7CE
:10E380007DF8030A20726372030C000EA372E07220
:10E390003148FAF76FF82073000A60730198FAF7B2
:10E3A00069F80023A073000A23746374A374E374F0
:10E3B000E0736A8D6B6A9B18EB6243465C684B4660
:10E3C000002B33D0667B237B36021E43234B112068
:10E3D0001E40FAF74FF830432073000A6073F96863
:10E3E0004A790B7912021A438B79C8791B041343BB
:10E3F00000061843FAF742F82B6D01301B1A00D5BE
:10E4000028652A00414628002B1DFEF7E3FB03B0D8
:10E41000F0BCBB46B246A946A046F0BD39894B4286
:10E420004B4199464B1E9941143173E7210078689E
:10E430003A89038914319B1A9BB20122FBF764FAD3
:10E44000CDE701204042E2E70020E0E70448F3F78F
:10E4500065FA0448F3F762FA10500000FFC0FFFFAE
:10E4600004AA0110ECA8011010B5FCF707FD174B2A
:10E470001B68002B20D0F9F74FFC04000620FAF7A8
:10E4800039FD00281FD0002321000360C360104B1A
:10E49000104A9C461B68FA3182604160002B04D10F
:10E4A00007E09C461B68002B02D05A688A1AF8D5F0
:10E4B00003606346186010BD074B1B68002BDAD160
:10E4C000064A1360F7E70648F3F728FA0C8900209C
:10E4D000F477002069E40010208900202C890020B6
:10E4E00028AA0110F0B5C6460600436800B5984753
:10E4F000F9F712FC214B35681C6807002C19231A08
:10E50000DA0F90460620002B1BDAFAF7F3FC0028FE
:10E5100030D000231A4C03601A4BED198360236836
:10E52000C6604560002B04D107E01C001B68002B6F
:10E5300002D05A68AA1AF8D50360206080BCB84699
:10E54000F0BDFAF7D7FC002814D043460C4903600D
:10E550000C4BC66083600B684460002B04D107E05D
:10E5600019001B68002B02D05A68A21AF8D5036064
:10E570000860E3E70448F3F7D1F9C046F41D002032
:10E58000F4770020E5E4001028AA0110194B10B51B
:10E590001A68002A25D1184A1268002A22D00122BE
:10E5A0001A60F9F7B9FB04000620FAF7A3FC00286B
:10E5B0001DD0002321000360C360104B104A9C460D
:10E5C0001B68FA3182604160002B04D107E09C4651
:10E5D0001B68002B02D05A688A1AF8D5036063467C
:10E5E000186010BD074A1268002AD8D1F9E706481A
:10E5F000F3F794F92C8900200C890020F47700208F
:10E6000069E400102089002028AA0110F8B53823F9
:10E61000CE4647461D4E99461D4B3400984680B560
:10E620001C4D0834B14480232668DB059E4227D266
:10E63000F9F772FB07000620FAF75CFC002822D0ED
:10E6400000230360434683602B68F119C460416076
:10E65000002B03D05A688A1A0BD50360286008344F
:10E660004C45E0D1C0BCB946B046F8BD5A688A1ADC
:10E6700003D41F001B68002BF8D103603860EEE75D
:10E680000548F3F74BF90548F3F748F9A4BD011025
:10E69000E5E40010F477002068AA011028AA011010
:10E6A000F8B5802304000D001600DB0598421CD24B
:10E6B000F9F732FB07000620FAF71CFC002817D0F8
:10E6C000002339190C4C036023688560C6604160E3
:10E6D000002B04D107E01C001B68002B02D05A68F5
:10E6E0008A1AF8D503602060F8BD0448F3F716F9DC
:10E6F0000348F3F713F9C046F477002068AA011025
:10E7000028AA01100F4B10B59C461B680C00002B6B
:10E7100014D0002104E01A681900002A0ED013005A
:10E720009A688242F7D1DA68A242F4D11A680029C5
:10E7300005D00A6019000620FAF7F4FB10BD614607
:10E740000A60F7E7F4770020F8B5CE46474680B573
:10E75000F9F7E2FA134D0600134C144F12E021684A
:10E76000002917D04B68F21A14D40A6806202260D8
:10E770008A683B609046CA689146FAF7D3FB4346E5
:10E78000002B0BD12B78002BE9D0FAF7FBFD216889
:10E790000029E7D1C0BCB946B046F8BD4846C047DD
:10E7A000F0E7C04671890020F4770020F41D0020B6
:10E7B00010B5084C2368002B08D0F9F7ADFA236890
:10E7C0005B68181AC30F013B184010BD012040427E
:10E7D000FBE7C046F477002010B5F9F737FE034A8F
:10E7E0008004034B800C8018188010BD00C0FFFF10
:10E7F00026120020F0B54E46DE4657464546E0B5A7
:10E800000400894689B0002800D138E1002900D1F0
:10E8100038E14389072B6BD99C4F45683968786983
:10E8200003F026FD0390060068782B780002184359
:10E83000F9F720FE8046E878AB7800021843F9F734
:10E8400019FE93497A690B6893460293002B00D115
:10E85000FBE07A689246321E54D05B46013300D109
:10E86000B9E0029B07910493042300269C460021F3
:10E87000049B0595069405E0DA681900002A00D18A
:10E880007EE013005A8A8242F6D11C7A002C06D010
:10E8900052463C25525D0132D2B29442ECD11A6804
:10E8A000002A05D05C4662404C46A4681442E3D17D
:10E8B00064461A7C144202D1002E00D189E09A8A63
:10E8C0004245D9D15A68002A4DD03C69A242D3D1E1
:10E8D0000A001E00059D0799069C049348E0039BCF
:10E8E000002B05D1F0227B691340E02B00D0B6E06D
:10E8F0002000FAF7C5FE09B0F0BCBB46B246A946F7
:10E90000A046F0BD0493042307919C460026110005
:10E91000049B0595069404E0DA681900002A2FD0BC
:10E9200013005A8A8242F7D11C7A002C06D0524634
:10E930003C25525D0132D2B29442EDD11A68002AD0
:10E9400001D05A45E8D164461A7C144201D1002E08
:10E950003DD09A8A4245DFD15A68002A03D03C69EB
:10E960009442D9D104931E000A00059D0799069C84
:10E97000002A09D0F3680E60D360029BF36003E0C5
:10E98000059D069C002E60D0EB79AA791B021343EB
:10E9900009D0404B2289191D009120001121FAF75E
:10E9A0006DF80028A4D108212000FAF715FE0028F0
:10E9B00062D1002E00D192E7B569002D98D0424671
:10E9C000F06931000092334B2200A84793E71E0004
:10E9D000BFE71E0073E7029B069104930423002601
:10E9E0009C460021049B0594049504E0DA68190014
:10E9F000002A31D013005A8A8242F7D11C7A002CA7
:10EA000006D052463C25525D0132D2B29442EDD13D
:10EA100064461A7C144209D1002E2BD04A46346831
:10EA20005268944202D01C68A24223D09A8A42457E
:10EA3000DCD15A68002A02D03C69A242D6D10A0031
:10EA40001E00049D0699059C92E74B465B685B455A
:10EA500000D04DE7002697E7049D059C92E7B98911
:10EA60002000083109B2FAF7D5FD0321200002F099
:10EA7000BDFB3DE71E00D9E70748F2F74FFF074807
:10EA8000F2F74CFF0648F2F749FFC046B8340020C1
:10EA900030890020C8340020D4AA0110A0AA011097
:10EAA000B8AA0110F0B5C6460C0000B500295BD02D
:10EAB000002861D0334B1D689C46002D20D02B00D0
:10EAC00002E0DB68002B3BD09842FAD10126002AF5
:10EAD00019D02B00246802E0DB68002B22D098427A
:10EAE000FAD0598A9142F7D11968A14203D0002C7B
:10EAF00001D00029F0D10820404280BCB846F0BDCA
:10EB0000002A15D10026204B98461A881F4B9A429E
:10EB10002CD0013292B28027FF01002D1BD1434639
:10EB200024681A8004604282002E04D00020E4E7AA
:10EB30002368428203606346C56018600020DCE7FA
:10EB40001E00C4E77B1E9BB21F1E18D00F4B9A42BB
:10EB50000FD0013292B22B0002E0DB68002BDED036
:10EB6000598A9142F9D1EDE7094CA1E7C02212027E
:10EB7000D1E7C0221202EEE710204042BDE7434633
:10EB80001A80B8E73089002026120020FFFF00001D
:10EB9000D4BF0110F0B54746CE4680B506000F0041
:10EBA0009046994685B0002800D174E0002900D134
:10EBB00071E0002A00D16EE00D9B002B00D16AE0CD
:10EBC0000C9B002B00D166E0438A002B3ED03A8993
:10EBD000354B9A4262D808213800FAF7CDFC3D0047
:10EBE00000283AD16B89072B5BD9708A6C68F9F7DA
:10EBF00041FC2070000A60704846F9F73BFC002396
:10EC0000A070000AA371E371E0702889F9F732FC63
:10EC10002071000A6071337CDB072DD50C9AF37AE2
:10EC2000029211220192B27A280000920D99424676
:10EC300003F066FA0400BD4202D02800FAF720FD76
:10EC4000200005B0C0BCB946B046F0BD00220100AE
:10EC5000FFF728FF041EBAD0F2E7A02208212220E5
:10EC60009200FAF7A9FB051E18D03B89002BB9D0FA
:10EC70003900FAF759FDB5E743462A891121009377
:10EC800028000D9BF9F7FAFE002800D10748A07173
:10EC9000000AE071C2E710246442D1E70124644213
:10ECA000CEE70348F2F73AFEF7FF0000FFFF00004F
:10ECB000F0AA011030B583B0002820D000291ED062
:10ECC000002A1CD0069C002C19D00468A446002CF5
:10ECD0000AD1069C0434A44664460194069C009420
:10ECE000FFF758FF03B030BDF02465462C40E02C00
:10ECF000EFD0069C6468A44504D18446ECE710205C
:10ED00004042EFE704204042ECE7C046F0B5040083
:10ED10000E0015001F0083B0002828D0002926D03F
:10ED2000002A24D0007A002819D1100002F0C2FF76
:10ED3000002819D02368002B14D0F0221A40E02AB2
:10ED400010D0426893420FD12300019300903B0002
:10ED50002A0031002000FFF71DFF03B0F0BDFAF7D5
:10ED6000A9FAE5E7031DF0E704204042F5E710208B
:10ED70004042F2E770B504000D001600002821D0D3
:10ED800000291FD0438A002B15D004222B680F497D
:10ED90006360237CA68213430A682374131E03D185
:10EDA00006E0DB68002B03D09C42FAD1002070BD46
:10EDB000E2600C60FAE700220100FFF773FE002812
:10EDC000E3D0F4E710204042F1E7C046308900204C
:10EDD000002801D08161C2617047C04610B500288B
:10EDE00011D00D4A136883420ED0002B07D01A00B1
:10EDF000DB68002B03D08342F9D1C368D3600100E4
:10EE00000020FAF78FF810BDC368010000201360DE
:10EE1000FAF788F8F7E7C0463089002010B50020DF
:10EE2000FAF768F8041E05D020220021F4F758FDF7
:10EE3000FF23E372200010BD10B5002811D0026836
:10EE4000002A0ED000290CD00B68002B09D0094BEA
:10EE50001B68002B05D01C68944203D0DB68002B94
:10EE6000F9D110BD0A681A60DB68002BF9D002687E
:10EE7000F1E7C04630890020F8B54746CE46050088
:10EE800080B590460F009946002800D195E00029F2
:10EE900000D192E0A0229A21362092004900FAF790
:10EEA0008BFA061E00D188E09A22438952009342D1
:10EEB00000D289E04346032B57D0BB79002B00D109
:10EEC0007DE0434B18689A22746800213860520034
:10EED0002000F4F705FD0122012138232270617022
:10EEE000EB5CA3703868F9F7C9FA030A637103028F
:10EEF0001B0EA371C82341465B00CB400122207149
:10EF0000000EE0711A424FD1032949D03223EB5C45
:10EF1000352223773323EB5C7E2063773423EB5C4D
:10EF20004042A377AB5CE3773623E95C163BE154C0
:10EF30001733E95C163BE1546321CB33E1542300E2
:10EF4000EC335870D1309870D970F023E25401330B
:10EF5000343AE25442460133E2544A46EF3B1380CE
:10EF60003000C0BCB946B046F8BD7B79032BA4D0B5
:10EF70009A224468002152002000F4F7B1FC0123DA
:10EF8000237063703733EB5CA3703868F9F776FA57
:10EF9000030A6371030220711B0E000EA371E0715E
:10EFA0007B79043B012BB1D82B7923736B79637385
:10EFB000AB79A373EB79E373A8E70026D0E7F9F701
:10EFC00045FA034B18607EE70248F2F7A7FCC046FB
:10EFD0004889002020AB011070B5050082B00028E0
:10EFE0006BD0846A002C68D00023A06A6382431C23
:10EFF0000AD0F0231E309B03984200D36BE001231C
:10F000003B2800D973E0A382E06A431C2AD0F02396
:10F010001E309B03984252D30122206B52426281E0
:10F02000E281411C00D168E01E30984200D368E0C4
:10F030003B2800D968E00123A38123820023638158
:10F04000E379DB0726D41C22A256FF23217F002A66
:10F0500021DAFF22403B8B429B41120413402D4A90
:10F060009B1818E06389206B1E00431C2FD0F023EF
:10F070001E309B03984231D201233B2803D93C2107
:10F08000F4F75CF883B2A38123829E42D6D2E3795F
:10F09000DB07D8D5236A0093636A019363790A2B4F
:10F0A00004D00A2363710023A371238121006A46DF
:10F0B00028001C3101ABFAF71BF802B070BD012625
:10F0C0003B280DD86681E681206B431CCFD1A389F4
:10F0D000B34213D9DBE70F4BA38295E70D4BD2E781
:10F0E0003C21F4F72BF886B26681E681ECE73C21FF
:10F0F000F4F724F80300A38286E7A389002BC6D087
:10F100009CE7A281228299E73C21F4F717F8A081BD
:10F11000208293E7FFFF000070B5154C2378002B89
:10F120001CD1144D2B68002B1CD1FFF777FE2860F3
:10F1300000281AD02022437A0F4E134343724422F0
:10F140003100FFF7AFFC432231002868FFF712FEC1
:10F1500000220A492868FFF73BFE2378002001338C
:10F16000237070BD0648F2F7D9FB01204042F8E752
:10F1700068890020D8270020D4BF01109DF6001018
:10F1800060AB0110002370B52A4E82B00362436267
:10F19000F3780500284C002B01D0E36883623379B3
:10F1A000002B34D02369EB627379002B2AD063697A
:10F1B0002B634B7C0A7C1B0213438A7C12041A4388
:10F1C000CB7C1B061343EB61B379002B22D10122C8
:10F1D000EB799343EB71F379002B26D10025174E81
:10F1E000735D002B0CD0206AF9F748F901A9019052
:10F1F000E8B2F9F7D7FA6B1C04340125022BEFD1E2
:10F2000002B070BDAA6AD3009B1ADB08D0E7AB6AD4
:10F210005B08C8E7A069F9F731F90122EB792862A8
:10F220001343EB71F379002BD8D0E069F9F726F995
:10F230006862D3E7DC270020E8270020E4270020CD
:10F240000023F0B5846A85B062790600E361062A7E
:10F2500003D00622A371627123810E2301222100B3
:10F2600030006B44FFF708FE051E57D06B46DB8964
:10F27000191D442900D96AE0392202274068F0307C
:10F28000C2545A1C92B28754328E944667469A1CD6
:10F2900092B23F0A87546746DA1C92B287541A002A
:10F2A0000A32442A53D837274754591D89B2333F6D
:10F2B0004754991D89B2033F4754D91D89B202377B
:10F2C00047541900093189B28C461900083189B2B6
:10F2D00019374754062167460B33C15599B2FF23AE
:10F2E00092B28354432907D84222D21B401892B2CB
:10F2F0000021F4F7F5FA4421F031280089B2FAF739
:10F30000F5F8144B29001868134B144A0193009622
:10F310004323FFF73FFC2800FAF7B2F9A379FF2B4C
:10F3200013D00133DBB2A371052B0ED80122FA20D2
:10F330009A40FA2180005043F430FF3080B24900F7
:10F34000F3F7D4FE208105B0F0BD7820FAE7044839
:10F35000F2F7E4FAD8270020D4BF0110D0BF011083
:10F3600088AB0110F0B5CE46474680B5856A814628
:10F370006B7987B0032B04D003236B710023AB712F
:10F380002B810E2302AA9B18290003224846FFF76F
:10F3900073FD061E76D002ABDC89221D442A00D9FB
:10F3A0008AE0392302214768F0373B55631C9BB242
:10F3B000F954A31C9BB2F954E31C9BB23E31F9549F
:10F3C0000A239C46A44463460393442B00D973E06C
:10F3D0003223BB540422631D9BB2FA54E869904661
:10F3E000F9F74CF8A31D9BB2020EFA54E31D9BB231
:10F3F000020CFA542200083293B2020AFA54220094
:10F40000093293B2F854D31D442B55D837220399AF
:10F4100020007A54220041460B3292B2B9542200A5
:10F420000C3292B20339B95422000D3292B2023139
:10F43000B95422000E3292B21931B95406220F305B
:10F4400080B211343A549BB2F932A1B2FA54432932
:10F4500007D84222121A92B278180021F4F740FA23
:10F460004421F031300089B2FAF740F8144B3100F2
:10F4700018684B46134A00934323FFF71BFC3000E8
:10F48000FAF7FEF8AB79FF2B14D00133DBB2AB7186
:10F49000092B0FD8FA20FA2180005843F430FF30AE
:10F4A00080B24900F3F722FE288107B0C0BCB946FC
:10F4B000B046F0BD1420F7E70348F2F72FFAC04634
:10F4C000D8270020D0BF011088AB0110F0B5CE4680
:10F4D000474680B5060087B0002800D1CBE0856A9A
:10F4E000002D00D1C7E06B79012B04D001236B7193
:10F4F0000023AB712B810E2302AA9B182900032243
:10F500003000FFF7B9FC8146002800D19EE002AB35
:10F51000DC89221D442A00D9B5E03923022147683D
:10F52000F0373B55631C9BB2F954318EA31C9BB240
:10F53000080AF854E31C9BB2F9540A239C46A444DD
:10F5400063460293442B00D99DE032230421BB542F
:10F55000631D9BB2F954E8698846F8F78FFF2100D4
:10F56000A31D9BB2020EFA54E31D08319BB2020C9C
:10F57000FA548BB2020AFA544B1C10218C46A44454
:10F5800061469BB2F8540391442900D97BE03623AD
:10F59000029ABB54230042460B339BB2FA54A8692B
:10F5A000F8F76CFF23000C339BB2020EFA542300D1
:10F5B0000D339BB2020CFA5423000E339BB2020AA5
:10F5C000FA5423000F339BB2F85423001633442B14
:10F5D00059D83722039920007A542200414611322B
:10F5E00092B2B9542200123292B20339B9542200B5
:10F5F000133292B20231B9542200143292B219314C
:10F60000B9540622153080B217343A549BB2F932FD
:10F61000A1B2FA54432907D84222121A92B278189A
:10F620000021F4F75DF94421F031484689B2F9F739
:10F630005DFF164B49461868154B164A0193009614
:10F640004323FFF7A7FA4846FAF71AF8AB79FF2BDE
:10F6500016D00133DBB2AB71052B11D80122FA2091
:10F660009A40FA2180005043F430FF3080B24900C4
:10F67000F3F73CFD288107B0C0BCB946B046F0BDE9
:10F6800078202881F7E70448F2F748F9D8270020C6
:10F69000D4BF0110D0BF011088AB0110F0B54E46A9
:10F6A0004546DE465746B54BE0B55C681500A66A90
:10F6B0008DB0002E00D18EE03379002B00D18AE08E
:10F6C00053892B2B00D886E053681A78022A00D081
:10F6D00081E03632A25C002A29D03221605C197F99
:10F6E000884278D1012A22D03321587F615C884238
:10F6F00071D1022A1BD03421987F615C88426AD183
:10F70000032A14D03521D87F615C884263D1042A52
:10F710000DD02021585C1631615C88425BD1052AEE
:10F7200005D03722A15C163A9A5C914253D159799F
:10F730001A79090211439A79D87912040A4300060A
:10F740001043F8F79BFE3368984244D18C4B0A2251
:10F75000180000210293F4F7C3F86B892B2B3AD9D8
:10F760002A890794924600220692F0322C00170054
:10F77000039208962600524607E03668002E29D0EC
:10F78000FF1AD21A7389BFB292B2BB42F5D9924620
:10F79000974200D304E1B146736805940193794B15
:10F7A0000493019BDA5DFF2A00D1F8E0BB1C9BB2F9
:10F7B000BB4200D20FE149464989781C884200DBF0
:10F7C000D4E0019CE41965783B2A0ED8049C920091
:10F7D000A258974625002800F9F752FF0DB0F0BC5B
:10F7E000BB46B246A946A046F0BD674AEF1997420C
:10F7F00000DDF0E0EB189BB21F008F4200D2CBE09F
:10F8000053467F1A591A8BB2BFB29A469F4200D311
:10F81000E1E04B461B689946002B00D1DBE05B68BA
:10F820000193BEE787B2E8E7042D00D0D3E0574A42
:10F83000974200D9CFE005240637BFB200220B92D1
:10F84000029A09971619524A2700934634001A0063
:10F850002BE02E1C042D00D90426F6B2904613008E
:10F86000484632000BA9FAF74FF8864200D0B2E0C2
:10F87000042D00D8B8E00321294200D0ABE00239C2
:10F8800021700B98F8F7FAFD59464246BB00C85064
:10F89000131D9BB29A4200D99DE0043D0137EDB2A1
:10F8A00001340A2F00D131E11A002378002BD0D087
:10F8B000099F4B465989A0E7042D00D08BE0334ABD
:10F8C000974200D987E006370424BFB2B6E7042D7B
:10F8D00000D080E02D4A974200D97CE00637022410
:10F8E000BFB2ABE7012D76D12A4A904273D00337DD
:10F8F0000124BFB2A2E7012D6DD1039AF02A6AD18B
:10F90000244A904267D003370024BFB296E7042D03
:10F9100061D11E4A97425ED806370324BFB28DE7F5
:10F92000AA0758D1184AEF19974254DCEF18BFB212
:10F93000002D00D161E72A1C082D00D908220824D7
:10F94000D5B27BE7032D46D90F4AEF19974242DC27
:10F95000ED18AFB20724042570E7042D3BD10B4A04
:10F96000974238D806370624BFB267E74C4624686A
:10F97000002C32D06468257826E7C046B8340020D1
:10F98000DC270020DCBD0110FDFF0000F9FF0000B6
:10F99000E8270020FEFF0000574500D201E7059C44
:10F9A000029B1B78002B0AD000225A4B02991B683D
:10F9B0000A70012B29D0022B04D0032B2AD0069BDE
:10F9C000002B2ED0002306936C339A46403B0393C2
:10F9D0006389039FCEE6059DFDE63B2A00D90BE730
:10F9E0004D4C9200A25897463C00099F042D08D028
:10F9F0000AAB18790123029A1355464BA400E05034
:10FA000057E70B98F8F73AFDF4E7EC239A46803B6A
:10FA10000393DDE701230693EB339A46803B039380
:10FA2000D6E7029B25005B78089E079C002B00D13F
:10FA3000D1E66B68374A1F001379052B23D0062BBC
:10FA400033D0022B00D0C6E67379062B00D0C2E675
:10FA5000029B9B78002B00D1BDE6A66A069B9068AE
:10FA60003381F8F70BFDB0617B7C3A7C1B021343BA
:10FA7000BA7C200012041A43FB7C1B061343F3617B
:10FA8000FFF724FDA7E673790222190091430129AB
:10FA900025D0043B012B00D99DE63900A06AFFF771
:10FAA00071FB2000FFF798FA95E67379DA1E022AB7
:10FAB00002D9012B00D08EE6A36A5A790C2A04D011
:10FAC0000C225A7100229A711A81144920000B00ED
:10FAD0000A00F9F70DFB2000FFF7B2FB7BE63900C7
:10FAE000A06AFFF74FFB39220823A25C1342D8D04B
:10FAF000A16A4A79082A03D04B71069B8B710B814E
:10FB0000CA692000343102F0D5FC64E60448F1F7FC
:10FB100005FFC046E8270020CCBE0110D4BF01106D
:10FB2000CCAB0110F0B5D6464F464646C0B5836A09
:10FB3000040084B0002B00D176E05A79002A00D16D
:10FB400072E0012967D0022909D0002901D1FFF70D
:10FB500043FA04B0E0BCBA46B146A846F0BD354B06
:10FB60001A0019009946F9F7C3FAA26A53791700E7
:10FB70000C2B04D00C2353710023937113810E239B
:10FB80000422390020006B44FFF776F980460028F4
:10FB9000DFD06B46DE89B31D9A46442B47D832230B
:10FBA00004224568F035AB55731C9BB2EA54F869E2
:10FBB000F8F764FCB31C9BB2020EEA54F31C9BB230
:10FBC000020CEA54331D9BB2020AEA54731D9BB225
:10FBD000E8545246FF23F11D89B2AB54432907D89C
:10FBE0003D22921B681892B20021F3F779FE44215E
:10FBF000F031404689B2F9F779FC0F4B414618685D
:10FC00004B460E4A019300944323FEF7C3FF404640
:10FC1000F9F736FD9DE70C2A03D00C225A71002219
:10FC20009A7114221A8194E70548F1F777FE054886
:10FC3000F1F774FED4BF0110D8270020D0BF011007
:10FC4000E0AB011088AB011070B505000C00002876
:10FC50000DD0002911D0836A002B0BD1482200213E
:10FC60002000F3F73DFE0223E371AC6270BD04484F
:10FC7000F1F754FE0348F1F751FE0348F1F74EFE49
:10FC800018AC011038AC011028AC0110F8B5051EF5
:10FC900049D03923C35CDB0745D59023028E9B00F6
:10FCA0009A423DD3846A002C33D02379002B21D192
:10FCB000482200212000F3F713FE21001D4A3431B1
:10FCC000280002F0C3FBFFF727FA061E28D1012304
:10FCD00023713833EB5C5B0708D46379022B03D0C4
:10FCE0000223A071637120813000F8BD2800FFF766
:10FCF000A7FAF9E7104B1E78002E17D0013EF6B296
:10FD00001E70002ED4D10D4F3868FFF767F83E60A3
:10FD1000CEE74820F9F726F8041E01D0A862C7E70D
:10FD200001267642E0E710267642DDE70448F1F747
:10FD3000F5FDC04625FB001068890020D82700206B
:10FD40005CAC0110836A10B5002B06D05A79052AE5
:10FD500004D8022A04D8002A09D110BD0A2A04D1E5
:10FD600000229A71FFF7FEFAF7E70C2A04D8002266
:10FD70009A71FFF765FAF0E70148F1F7CFFDC04649
:10FD800080AC0110F0B5846A0600637985B0052B5C
:10FD900004D0052363710023A37123810E23032262
:10FDA000210030006B44FFF767F8051E00D16FE0BB
:10FDB0006B46DB89191D442900D96CE039220227E2
:10FDC0004068F030C2545A1C92B28754328E944626
:10FDD00067469A1C92B23F0A87546746DA1C92B271
:10FDE00087541A000A32442A55D837274754591DD8
:10FDF00089B2333F4754991D89B2033F4754D91DF7
:10FE000089B2023747541900093189B28C4619006A
:10FE1000083189B219374754062167460B33C1555B
:10FE200099B2FF2392B28354432907D84222D21BAE
:10FE3000401892B20021F3F753FD4421F03128001D
:10FE400089B2F9F753FB2200144B290018681832C5
:10FE500000964323FEF72EFF06002800F9F710FC5A
:10FE6000A379FF2B12D00133DBB2A371092B0DD87C
:10FE7000FA20FA21C0005843F430FF3080B2490024
:10FE8000F3F734F92081300005B0F0BD2820F9E700
:10FE900001267642E4E70248F1F740FDD82700202A
:10FEA00088AB0110F0B5CE46474680B5846A06009F
:10FEB00085B0002C20D06279002A1DD0A3690021D2
:10FEC00003930023A361E361236263622363E3621C
:10FED000A362E3812361A3820A2A12D0043A012A91
:10FEE0000FD96171A171210023813000343102F0FA
:10FEF000C5FA2379002B5FD105B0C0BCB946B04626
:10FF0000F0BD00236371A37123810A33072221000E
:10FF100030006B44FEF7B0FF804600283ED06B46B1
:10FF20005F89BB1D9946442B5BD836230422456864
:10FF3000F035EB557B1C9BB2EA540398F8F79EFA18
:10FF4000BB1C9BB2020EEA54FB1C9BB2020CEA548F
:10FF50003B1D9BB2020AEA547B1D9BB2E8544A4601
:10FF6000FF23F91D89B2AB54432907D83D22D21B88
:10FF7000681892B20021F3F7B3FC4421F0314046F7
:10FF800089B2F9F7B3FA184B4146186803AA43231C
:10FF90000096FEF78FFE4046F9F772FB13493000DA
:10FFA0000B000A00F9F7A4F821003000343102F008
:10FFB00065FA2379002B9FD00D4B1D78002D0DD0B5
:10FFC000013DEDB21D70002D02D00023237193E797
:10FFD000054E3068FEF702FF3560F6E70548F1F799
:10FFE0009DFC0548F1F79AFCD8270020D4BF0110EA
:10FFF000688900205CAC011088AB0110F0B56A4B39
:020000041001E9
:1000000085B01D68002D20D0AC6A002C1AD0637911
:10001000002B17D0A18A002905D0628A013292B242
:100020006282914213D0228A002A03D0511E21827B
:10003000012A13D0E289002A04D0511EE181012A4D
:1000400000D196E02D68002DDED105B0F0BD28006E
:10005000FFF728FF2800FFF719FEF3E70A2BF1D876
:100060005249D9400A40D2B2002AEBD0042B04D026
:10007000042363710023A37123810E230322210033
:1000800028006B44FEF7F8FE071E56D06B46DB894E
:10009000191D442900D984E0392202264068F03035
:1000A000C2545A1C92B286542A8E944666469A1CB2
:1000B00092B2360A86546646DA1C92B286540A22F6
:1000C00094469C446246442A6BD837224254042109
:1000D0005A1D92B281549A1D92B203398154DA1D8D
:1000E00092B2023181541A00083292B2193181540D
:1000F0001A00093292B2163981541900FF2266465D
:100100000B3189B28255432907D83922D21A4018B7
:1001100092B20021F3F7E4FB4421F031380089B2B8
:10012000F9F7E4F9224B39001868224A4323009575
:10013000FEF7C0FD3800F9F7A3FAA379FF2B2ED004
:100140000133DBB2A371092B29D8FA20FA218000F0
:100150005843F430FF3080B24900F2F7C7FFA38A5A
:10016000628A20819B1A012B00DC6BE75B102382E3
:1001700068E70A2B00D965E70F49D9400A40D2B297
:10018000002A00D15EE72800FFF7FCFDA389628A00
:100190009B1A012B00DC55E75B10E38152E714202A
:1001A000DDE70648F1F7BAFBEC77002032040000E7
:1001B000D8270020D0BF01102204000088AB011016
:1001C0001C4B10B51C68002C05D11DE0013A1A81AA
:1001D0002468002C18D0A36A002BF9D01A89012AB0
:1001E000F4D8F5D100221A815A790C2A0DD0062AAA
:1001F0000BD0012A0DD0032AEAD19B792000012BD4
:1002000014D9FFF71DF8E3E710BD2000FFF718F839
:10021000DEE79B792000052B02D8FFF757F9D7E7D7
:10022000FFF740FE2000FFF731FDD1E7FFF79AF816
:10023000CEE7C046EC77002010B5FFF733FE10BDC7
:10024000F0B545464E46DE465746E0B5B84C8846C2
:10025000160005002200217D85B0002800D1BDE0F8
:1002600000230A209946039302930A33019383469D
:1002700000238246002E00D10BE100292BD02F68ED
:100280000A20BC465768BC4535D0578A012960D042
:100290004F4501D3B9469B4601339BB20A2B64D02C
:1002A0001BB20A2800D17BE01F0004E00137BBB27B
:1002B0003FB20A2B2CD07B00DB19DB00E3181A7D40
:1002C000002AF3D029685A689142EFD19B689E4278
:1002D000ECD1380036E05F1CBFB218000A2F00D105
:1002E0002AE11832117D00290AD03BB22F68BC46A2
:1002F0005768BC45C9D19768BE42C6D1180021E0F5
:10030000023080B20A2800D1E5E007B21800D2E737
:100310004346012B00D027E143001A18D200A2184F
:10032000127D0700002A00D0F0E02A68944661465A
:10033000DA19D200A21851600022DB19DB00E318A1
:100340005A829E6005B0F0BCBB46B246A946A046A4
:10035000F0BD1168002926D002998F429CD30193E9
:1003600001339BB202970A2B9AD14346012B00D04E
:10037000FAE00A2800D0C0E0584609281ADC4300F9
:100380001B18DB00E3580700002B00D022E10021FE
:100390007B00DA19D200A2181175002DC5D1CBE768
:1003A0001832117D69E703998F4200D274E79A46AB
:1003B000039771E753460A2B00D199E05246530048
:1003C0009B18DB00E05817009846002804D0F9F786
:1003D00057F900234246A3505046D8E70A239A46CD
:1003E00099460193002300209B469C4602930029D6
:1003F00024D1431C9BB20A2B00D1AAE01832117DF4
:1004000000290DD0578A1BB201291CD0AF4201D35D
:100410003D00994601339BB20A2B7AD00A281AD0A4
:100420004346012B00D09FE043001A18D200A218C7
:10043000127D0700002A00D17EE767E00300578A9B
:100440000A200129E2D1116800296AD05F45E1D371
:10045000BB460193DEE71832117D18B2C7E700B240
:100460002F68BC465768BC4500D16BE7578A012905
:1004700000D17CE04F4501D3B9468346013080B2BC
:100480000A2800D180E000B20A2B13D103001832F1
:10049000117D002975D1581C80B21F000A284BD04D
:1004A0001832117D0029DAD1981C80B20A2800D1B7
:1004B00082E000B242001218D200A218117D002979
:1004C00004D029685268914200D13BE7013082B2E2
:1004D00000B20A2AEED14246012A45D11F005B0034
:1004E000DA19D200A218127D002A0FD138001CE7B9
:1004F000019B092B38DC9A4660E743001A18D200AA
:10050000A218127D0700002A00D110E70948F1F770
:1005100005FA43466546012B26D10A2884D1484670
:100520002BE702998F4200D274E79A46029771E74F
:10053000901B0020ACAC01104346012B14D1EB33CF
:10054000E35C002BE2D12B6809279C46092012238B
:10055000EDE64346012B07D1EB33E35C002BD5D10D
:10056000092709201233E7E601204042EAE6116834
:1005700000291AD002998F4200D27FE7029701909A
:100580007CE718000A236BE74246012AECD1584663
:100590000A2B00D1F1E61F005B00DA19D200A21885
:1005A000127D002AB2D13800C1E603998F4200D2F1
:1005B00064E78246039761E74246012AD4D11823B3
:1005C0007B43E3181B7D002BA0D12B6838009C4691
:1005D0007B00ACE60148F1F7A1F9C04694AC0110EC
:1005E000F0B54F464646D646C0B582B09A466B46F1
:1005F0000600884691469F8E00284CD0A0221C21E0
:100600000E209200F8F7D8FE051E41D043891B2B1F
:1006100047D944683800F7F72DFF3823A071000A46
:10062000E071F75C062F39D12000062251460830D0
:10063000F3F75CF9200006220B991230F3F756F914
:10064000200004220A990E30F3F750F9200004220A
:100650000C991830F3F74AF9002301222370E37054
:1006600004336371104B62700732A2702900424656
:100670002771300000934B4602F008F92800F8F784
:10068000FFFF002002B0E0BCBA46B146A846F0BD6C
:1006900001204042F6E70548F1F740F90448F1F738
:1006A0003DF90448F1F73AF90608000018AC0110CA
:1006B0000CAD0110D8AC0110F0B5C646884651000B
:1006C000891800B5294BC9005D182A7D040084B043
:1006D000012A47D908000C30C718022A0ED026007C
:1006E000323680231B01009332003B00414620003C
:1006F00002F0CCF804B080BCB846F0BD8E206A8A07
:100700004000824219D887202600400032368242BB
:10071000E7D301220431C918154B03920193231D1D
:10072000029100933A00330031002000FFF758FF98
:100730000028D6D103232B75D3E726000431C9182E
:100740000B4B1C383236FF380193231D0390029166
:100750000093310033002000064AFFF741FF0028D4
:10076000BFD1E7E70448F1F7D9F8C046901B002055
:10077000D8BF0110E0BF011050AD0110F0B51E4C04
:1007800096262500002785B0F03576000AE0012A7C
:100790001DD0032A2CD0042A01D10223237518343A
:1007A000AC4212D0227D002AF9D0638A01339BB279
:1007B0006382B342EBD32068002802D0F8F760FFD1
:1007C000276027751834AC42ECD105B0F0BD042B7E
:1007D000F1D8A06803920300221D0292074A323327
:1007E0000192021D00921900054AFFF7F9FED6E7B3
:1007F00004232375D3E7C046901B0020D8BF011007
:10080000E0BF011070B5624C0500237D002B02D0C3
:10081000A368984253D02C23E35C002B02D0236AB8
:100820009D4256D04423E35C002B03D0A36B9D4232
:1008300000D17CE05C23E35C002B02D0236D9D4261
:100840005DD07423E35C002B03D0A36E9D4200D1E6
:1008500085E08C23E35C002B03D08023E3589D428A
:1008600042D0A423E35C002B03D09823E3589D429D
:1008700068D0BC23E35C002B03D0B023E3589D4237
:1008800048D0D423E35C002B04D0C823E3589D4216
:1008900000D16FE0EC23E35C002B03D0E023E358AE
:1008A000AB4200D070BDD8256059002803D0F8F7BE
:1008B000E7FE00236351EC230022E254F2E72068B4
:1008C000002803D0F8F7DCFE002323600023237503
:1008D000A1E7A069002803D0F8F7D2FE0023A361A6
:1008E0002C230022E2549DE7A06F002803D0F8F7E4
:1008F000C7FE0023A3678C230022E254B1E7A06C5B
:10090000002803D0F8F7BCFE0023A3645C23002278
:10091000E25496E7A823E058002804D0F8F7B0FE88
:100920000023A822A350BC230022E254A9E7206B95
:10093000002803D0F8F7A4FE0023236344230022F9
:10094000E25477E79023E058002804D0F8F798FEA7
:1009500000239022A350A4230022E25489E7206EB2
:10096000002803D0F8F78CFE0023236674230022AE
:10097000E2546EE7C023E058002804D0F8F780FE68
:100980000023C022A350D4230022E25482E7C046B1
:10099000901B0020F0B54646D6464F46C0B5050030
:1009A0000E008AB000290ED080224468520063787D
:1009B00021781B020B43934202D12379062B08D0E6
:1009C0002800F8F75DFE0AB0E0BCBA46B146A8467A
:1009D000F0BD6379042BF3D1E378A2781B021343B3
:1009E000082BEDD12100300001F0F2FD210004229E
:1009F0000E3108A8F2F77AFF21000422183109A865
:100A0000F2F774FF7368002B66D108339C4600230D
:100A1000A444E0469A4699469F1C3823F35C062B73
:100A20006FD10898002837D0310001F021FC0590E3
:100A3000002831D1F022089B1340E02B2CD032004B
:100A4000390008A8FFF7FCFB002825DB43001B1832
:100A5000D900080002232C4A0C305718079106923F
:100A60001018414606223B75BE60F2F73FFF059B1A
:100A7000069A07987B821758002F0DD08350802349
:100A800032001B010093390043463000323201F03E
:100A9000FDFE3800F8F7F4FD8022E379A1791B020E
:100AA00052000B43934200D08AE74B46002B00D103
:100AB00086E75346002B00D082E7310042460233DE
:100AC000039308AB32310293331D009330000B00C7
:100AD0000192FFF785FD73E7089AD21A51424A4105
:100AE000D2B2924608229446099AA444E046934220
:100AF00003D1012399461F008FE7002399469F1CCD
:100B00008BE70248F0F70AFF901B0020A0AD011010
:100B1000F0B545464E46DE465746E0B505008846E8
:100B2000086885B02900160001F0A2FB002800D05B
:100B300095E043461A68F0231340E02B00D18EE085
:100B4000002A00D18BE02A0001214046FFF778FB04
:100B5000071E54DB32239C464200454B1418E40028
:100B60001C199A46237DAC44E1469346002B1FD1C5
:100B70000123A56023750393434602933D4B280050
:100B800001932B1D009363463B4A1900FFF728FD94
:100B9000431E98414042002E03D0237D012B1ED8D6
:100BA0000AD005B0F0BCBB46B246A946A046F0BD8F
:100BB000002E26D0012B12D13300402005E01A7BF5
:100BC000104243D11B68002B2ED059891A899142BB
:100BD000F5D11A68002AF2D02848F0F79FFE284B7A
:100BE00080221F705B46DB19DB0012010C33009280
:100BF00031004A462800534401F048FED1E740B294
:100C0000CFE701230393434602931A4B2800019335
:100C10002B1D00936346184A1900FFF7E1FC0028DA
:100C200020D001204042BCE73000F8F73FFD5B4692
:100C30005246DB19DB00D058002801D0F8F720FD20
:100C400053465F44FF00DE510020AAE7A021320096
:100C50000E208900F8F786FF061EE8D1E1E7102094
:100C600040429EE7237D012BEED16082002098E771
:100C7000901B0020D8BF0110E0BF0110C4AD0110CF
:100C80006A890020F0B5C64600B504000E001500C4
:100C900084B0002800D1FEE0002900D1F8E0002A4D
:100CA00000D1F2E02100106801F0E2FA002800D043
:100CB00096E0F0232A681340E02B77D06368A168A0
:100CC000534019420AD0754913041B0C8B4205D0BE
:100CD000E268002A00D1D5E025000C35704B98461B
:100CE0001B789C46614649006E4B6144C900591807
:100CF0000F7D012F03D98F68A74200D172E0197DC3
:100D0000012903D999688C4200D175E02C21595CE6
:100D1000012903D9196A8C4200D179E04421595C38
:100D2000012903D9996B8C4200D177E05C21595C91
:100D3000012903D9196D8C4200D175E07421595CE9
:100D4000012903D9996E8C4200D173E08C21595C42
:100D5000012904D9802159588C4200D170E0A42186
:100D6000595C012904D9982159588C4200D16DE071
:100D7000BC21595C012903D9B02159588C426CD04F
:100D8000D421595C012903D9C82159588C426BD010
:100D9000EC21595C012903D9E0215958A1426AD0BC
:100DA000320029002000FFF7B3FE15E0012202AB5C
:100DB00069781A805D329A7021320A40DA70AA7816
:100DC0001A71EA785A7180212200090100912000ED
:100DD0003100323201F05AFD04B080BCB846F0BD9B
:100DE000314BF0E749688A4200D088E7624631001B
:100DF0002000FFF761FCEFE759688A4200D085E7E1
:100E000043460200187031002000FFF755FCE3E76D
:100E1000D9698A4200D081E70120F1E7596B8A4203
:100E200000D083E70220EBE7D96C8A4200D085E747
:100E30000320E5E7596E8A4200D087E70420DFE708
:100E4000D96F8A4200D08AE70520D9E79421595802
:100E50008A4200D08CE70620D2E7AC2159588A425A
:100E600000D08DE70720CBE7C42159588A4200D033
:100E70008EE70820C4E7DC215B5809209A4200D0A5
:100E80008EE7BDE704204042A6E70848F0F746FD9C
:100E90000748F0F743FD0748F0F740FDA9FE0000C2
:100EA0006A890020901B0020E0BF011080AD011076
:100EB000E0AD011018AC0110F0B5CE46474680B544
:100EC0000600894683B000284FD0A0221C210E20A6
:100ED0009200F8F771FA051E44D043891B2B4AD9BA
:100EE00044680120F7F7C6FA3823A071000AE071C0
:100EF000F75C062F3CD132239C462000B444614667
:100F000006220830E046F2F7F1FC200006221B49D9
:100F10001230F2F7EBFC2000042219490E30F2F7F0
:100F2000E5FC2000042249461830F2F7DFFC0122DC
:100F3000002362700732A270124A2370E3700433F8
:100F400063712900104B277130000092424601F076
:100F50009DFC2800F8F794FB002003B0C0BCB94604
:100F6000B046F0BD01204042F7E70848F0F7D6FC54
:100F70000748F0F7D3FC0748F0F7D0FCD8BF0110C2
:100F8000D4BF011006080000E0BF011018AC01102A
:100F90000CAD0110D8AC0110F0B54746CE4680B577
:100FA0000600884683B000284FD0A0221C210E20C6
:100FB0009200F8F701FA051E44D043891B2B4AD949
:100FC00044680120F7F756FA3823A071000AE0714F
:100FD000F75C062F3CD132239C462000B444614686
:100FE00006220830E146F2F781FC200006221B4968
:100FF0001230F2F77BFC2000042241460E30F2F75B
:1010000075FC2000042241461830F2F76FFC0122E3
:10101000002362700732A270114A2370E370043318
:10102000637129000F4B2771300000924A4601F08E
:101030002DFC2800F8F724FB002003B0C0BCB94603
:10104000B046F0BD01204042F7E70748F0F766FCE4
:101050000648F0F763FC0648F0F760FCD8BF0110C3
:1010600006080000E0BF011018AC01100CAD011023
:10107000D8AC0110F0B54746CE460F24564E80B589
:10108000B76805003B7888461C4087B0A400132C45
:1010900013D94389032B10D943681B78082B0CD133
:1010A0007069E8330340E02B07D0316801F0E0F8C5
:1010B000002802D12B89072B07D82800F8F7E0FA7F
:1010C00007B0C0BCB946B046F0BD2800F7F7E4FC55
:1010D0000028F2D10E239C46A44461462800E14634
:1010E000F8F74AFA002866D02B89191989B28B4281
:1010F000E3D8A0220E209200F8F75EF905900028B0
:10110000DBD02300428908339A425ED339002200A3
:101110004068F2F7EBFB21000598F8F75DFA00282C
:1011200056D129000598F8F7E3FB00284CD1280098
:10113000F8F7A6FA059D6968280005912100F8F7DF
:101140001BFA0028B9D16F68337D05993B73737D15
:101150007B73B37DBB73F37DFB73337C3B74737C18
:101160007B74B37CBB74F37C0026FB740870E8735B
:10117000CA788B7812021A43184B380093429B416D
:10118000D31A08338B701B0ACB70FF2321003B72EC
:10119000BE72FE72F7F77AFC4346B872000AF87224
:1011A000029301230022019328000D490096FE338B
:1011B00000F0E0FE81E749462800F8F70DFA002824
:1011C000B9D00848F0F7AAFB0598F8F759FA74E780
:1011D0000548F0F7A3FBC046B8340020F7FF000035
:1011E000CC34002020AE0110ECAD0110F0B5CE469D
:1011F000474680B5038981460E0087B01F1C1C2B13
:1012000000D91C27BBB21C00A0220834A4B22100C4
:10121000222092009846F8F7CFF8051E37D0438970
:10122000A34239D3494644684F68032366700026B9
:1012300042462370267105336671A671E671F8F790
:10124000ABFA7B7B3A7B1B021343BA7B05A81204E3
:101250001A43FB7B1B061343059300F02BFD071E6F
:1012600012D0A670E67069892000F7F70FFC012301
:10127000A070000AE07000210193280002970096F8
:10128000FE3305AA00F076FE2800F8F7F9F907B05A
:10129000C0BCB946B046F0BD0148F0F73FFBC046C0
:1012A00054AE0110F0B5CE46474680B5038981465D
:1012B0000E0087B01F1C1C2B00D91C27BBB21C00C2
:1012C000A0220834A4B22100222092009846F8F708
:1012D00073F8051E37D04389A34239D34946446881
:1012E0004F680B2366700026424623702671033B2D
:1012F0006671A671E671F8F74FFA7B7B3A7B1B02A9
:101300001343BA7B05A812041A43FB7B1B06134345
:10131000059300F0CFFC071E12D0A670E670698915
:101320002000F7F7B3FB0123A070000AE070002152
:101330000193280002970096FE3305AA00F01AFEDA
:101340002800F8F79DF907B0C0BCB946B046F0BD1B
:101350000148F0F7E3FAC04654AE011010B5041E80
:1013600009D04069002801D0F8F78AF9210005204A
:10137000F7F7D8FD10BD0148F0F7D0FA80AE0110A4
:10138000F8B5CE4647468946804680B581426BD047
:10139000002902D00B68834263D143465C68002673
:1013A0006068437902791B02134333D080277F02A0
:1013B0002500616828004A780B7812021A438B785E
:1013C000CC781B04134324061C43F8F765F9361840
:1013D000BE4243DA2800B6B2F8F752F9002CE7D142
:1013E000264B1A68904536D04B46002B42D04346D8
:1013F0004A461B68136041460420F7F793FD204AD4
:101400001388B34233D39B1B30001380C0BCB94652
:10141000B046F8BD437802781B02134382784146F8
:1014200012041A43C37808311B0613434246536023
:101430001422F2F75BFA01212000FFF733FF2000AE
:10144000F8F72AF906002000F8F71AF943465C6815
:10145000002CABD1C4E712681A60CCE70948F0F75A
:101460005DFA0948F0F75AFA0848F0F757FA0848C1
:10147000F0F754FA0748F0F751FAC046E487002025
:1014800050890020ACAE011098AE01108CAE011056
:10149000E8AE0110CCAE01100023F0B557464E4621
:1014A0004546DE469A46414B040088469946E0B5DB
:1014B00083B04B461868002863D0627B237B1202FE
:1014C0001A43A37B00251B041343E27B0021120671
:1014D0001A430023944600220193436963452DD0AB
:1014E0006F1C002A0AD10368002B42D05A69944528
:1014F0001FD00200019101001800AF1CD57FC67FEC
:101500000368AE420BD9002B35D059698C4540D0C9
:10151000013701001800C67F0368AE42F3D8002BE4
:101520003DD05A69944504D002003500013701913D
:10153000EFE7020001913D0001001800637C277C69
:101540001B021F43A37C1B041F43E37C1B063B437E
:1015500087699F42C4D1237987891E0063791B0262
:1015600033439F42BCD10368002B1CD001001800FC
:10157000B3E702000191002A0FD1C24501DA012F21
:1015800097DC504603B0F0BCBB46B246A946A04625
:10159000F0BD01003D001800D0E710000199FFF7F1
:1015A000EFFE8244E9E72F00E5E7C046E48700202C
:1015B00070B50025094B1C68002C09D0E37F200082
:1015C0002468002B05D0013B0500C377002CF5D122
:1015D00070BD2900FFF7D4FEEEE7C046E487002087
:1015E000F0B54E464546DE4657460F24E0B5456801
:1015F00006002B7887B02340052B00D086E0E879E1
:10160000AB7900021843F6F735FF8046E878AB78EF
:1016100000021843F6F72EFF2B7881461C40A300EA
:101620001F00834272D83000F8F736F8C74B00909D
:101630009A461B881B180A2B00DD3FE1C44B1C682F
:101640009B46002C00D148E16A7B2B7B12021A4397
:10165000AB7BE97B1B0413430906194303E02468B1
:10166000002C00D139E163698B42F8D16B7C2A7C74
:101670001B021343AA7C12041A43EB7C1B06134380
:10168000A2699A42EBD16B792879A2891B020343A4
:101690009A42E4D1E879AB7900021843F6F7EAFE02
:1016A000C00400D1FDE04346DB04190C4B46DF1BB0
:1016B00001910297AA7920231000184081461A420E
:1016C00006D1CB199BB299420FD8A24A93420CD8AB
:1016D0007568E878AB7800021843F6F7CBFE0F2365
:1016E0002A7813409B0098421DD26368984643466F
:1016F000002B0BD15B461B68A34200D0D5E15A46B4
:101700002368210004201360F7F70CFC3000F7F782
:10171000B7FF00239846404607B0F0BCBB46B24630
:10172000A946A046F0BDC71AE879AB790002184374
:10173000F6F7A0FE00237268C5042D0C13705370D9
:101740009370D3702B0A53717B1999B293710B0A62
:10175000D371636803929846157104918D42C6D87F
:10176000002B00D197E1190001270022A44605961D
:101770001FE09D4200D1C7E0D07991790002084373
:10178000854200D2C0E0002C07D0E179A679090299
:101790003143CB1A59424B411F405178137809020B
:1017A000194393781B040B43D1780906194300D1E0
:1017B000D2E014004A68537910791B0203439D421A
:1017C000D7D222006446944603980A0A42700A0C53
:1017D000827062460170090E059EC170002A00D118
:1017E000A2E09179D27912020A43954200D28DE7A4
:1017F0000499994200D989E76146330A4B70AA1AC5
:10180000330C8B7053425A413B0013404A460E70D2
:10181000360E1F00CE70002A00D0B1E04646002BE5
:1018200000D18CE075686B792A791B02134300D0D4
:1018300085E003994A780B7812021A438B781B04CF
:101840001343CA7812061A4300D1ACE004990FE0A2
:101850005A78197812020A43997809041143DA7800
:1018600012060A4300D19FE0D97998790902014311
:1018700053685A791879120202439142E8D05246CD
:10188000009913885B1813804B46002B00D040E76B
:10189000029A019B9B180122A383A37F1343A37782
:1018A00037E7E089F6F7E6FDC00400D1FBE620004B
:1018B000142229000830F2F719F8F4E604000100B8
:1018C0002800FFF7E9FD002800D11FE753461B88D9
:1018D0001B190A2B00DCB1E618E70420F7F70AFB16
:1018E000041E13D01C220021201DF1F7F9FF5A46D7
:1018F0000F232000E377136829001460236014226B
:101900000830F1F7F3FFCEE6059EFFE6009C2800C5
:101910002100FFF7C1FD844200DDF7E60420F7F760
:10192000E9FA041EDED1F1E6049A9A4200D9EDE606
:101930004B466660002B24D1002F00D072E7524640
:10194000009913885B181380A2E7C04650890020D5
:10195000E4870020EBFF0000059E2D1A330A537028
:1019600033021B0E937016706B425D41360E3B00C6
:10197000D6704A462B4064461F00002A00D14DE72E
:101980004646A37FDB0708D5002F06D075686B7924
:101990002A791B02134300D14BE752460099138862
:1019A0005B181380B5E6039B9D4200D183E052464D
:1019B000009913885B1813804B46002B68D1029A5C
:1019C000019B9B1801221F00A383A37F1343A377CE
:1019D00021006A782B7812021A43AB78EE781B0448
:1019E000134308311422280036061E43F1F77EFF08
:1019F0003800143080B2F6F73DFD0023A870000ACD
:101A0000E870AB71EB71AB72EB7228001421F7F741
:101A10003DF86368A872000AE87298461D00002E1F
:101A200013D0776814213000F7F7D6FD3100280075
:101A3000F7F750FE7A783B7812021A43BB78FE78AB
:101A40001B04134336061E43EBD15B461B68A342BF
:101A500004D119E01A68A24205D01300002BF9D175
:101A60001648EFF75BFF22681A6021000420F7F7A1
:101A700059FA4046F7F710FE53461B88834217D3A6
:101A800052461B1A138046E65A4623681360ECE759
:101A9000A38B1F009CE74B466660002B00D1C1E67C
:101AA000A37FDB0700D478E770E70548EFF736FF40
:101AB0000448EFF733FF0448EFF730FFCCAE0110D6
:101AC0005CAF011040AF01100CAF0110F0B54546FE
:101AD000DE4657464E460F23E0B5050040688DB000
:101AE00009920278059107901340052B00D0D1E0B0
:101AF0006B89132B00D8CDE08379C0790C8E00025E
:101B00001843F6F7B7FC2B89143B9BB20293002BCA
:101B100000D1BAE00723143CE21713401B19DA1076
:101B2000C304DB0C049380239B011840D3009BB2B9
:101B300008935D4B142700249B460A920B90A02229
:101B400014210E209200F7F737FC814600284FD071
:101B50004389132B00D8A3E00899029A0B1C9142E9
:101B600000D9131C9EB24B4614225868079903965D
:101B7000F1F7BCFE4B465B680693002E00D186E071
:101B80006B89BB4200D288E0B846039E1EE00194F8
:101B90006B68412243440093210003000020F7F7C3
:101BA00089FC824600282CD02800F7F77FFD5B4691
:101BB000361B514648467D613B61B6B2F7F78AFD58
:101BC000002E23D0002290462D686B8942469B1A36
:101BD0001C1C9BB2B34200D9341CA4B2002CF1D01F
:101BE0000520F7F787F9071ED1D14846F7F748FDDA
:101BF000012040420DB0F0BCBB46B246A946A0460B
:101C0000F0BD39000520F7F78DF9EEE74746E719F3
:101C1000BFB2049B029AD804059BC00C1B8E133BD9
:101C2000934202DD0B9B002B02D080239B011843C3
:101C3000F6F720FC069EB071000AF071039814308C
:101C400080B2F6F717FC0023B070000AF070B37290
:101C5000F37214213000F6F719FFB072000AF07227
:101C6000059E49467369099A300098474846F7F738
:101C700007FD029B0398049A0A991B1A9BB25218FB
:101C800002930492002B00D059E70020B2E7E71935
:101C9000BFB2BEE706204042ACE70448EFF73EFE85
:101CA0000348EFF73BFEC0465D1301109CAF0110E7
:101CB0007CAF01101B4B84461B68F0B5002B19D07C
:101CC0003920012102271A5C114210D094082142C8
:101CD0000DD05C68002C0AD065462D689E686C406B
:101CE00026421BD0174202D1DA68954216D01B68F3
:101CF000002BE8D10C4B1B68002B0FD03922995CCC
:101D0000343A0A40052A0BD15A68002A08D06246A4
:101D100012787F3A511E8A41524213401800F0BD9A
:101D20000023FBE7EC770020E8770020F8B5474672
:101D3000CE46456880B52B7804000F001A09042AA6
:101D400016D10F221340E8789B009846AB7800022A
:101D50001843F6F78FFB23890600834210D8638966
:101D60004246434504D32389B34201D3132A10D8F2
:101D70002000F7F785FC0020C0BCB946B046F8BD8E
:101D800001002000F7F7B2FB638942464345EAD2DF
:101D9000EEE711002800F6F779FE0028E8D16B7C09
:101DA0002A7C1B021343AA7C704E12041A43EB7C5C
:101DB0001B0613437361697B2A7B09021143AA7BCB
:101DC000E87B12040A430006104339223061B95CF3
:101DD000383A0A40F0211940E02956D1002A7BD137
:101DE0006B7A112B00D1AEE00028C1D000239946B8
:101DF000390000F03DFA0028BAD1F02233691340CF
:101E0000E02BB5D04B46002BB2D0EB79AA791B0260
:101E10001343C022934305D02000FFF7E1FB041ECB
:101E2000A9D045684B4633600F232A7841461340BA
:101E30009B002000B3817760B560F7F7CDFB6B7A2C
:101E4000062B7BD0112B74D0012B6DD049467069C5
:101E500000F00EFA00280DD1F02273691340E02B38
:101E600008D04346200019B2F7F7D4FB0221200026
:101E7000FFF7BCF92000F7F703FC00233360736021
:101E8000B360B3813361736175E7002A2CD1FF22FF
:101E90001A407F2A37D0364B1B689946002B09D150
:101EA00031E000F0E5F9002812D14B461B68994655
:101EB000002B28D04F45F8D0494639230122CB5C6E
:101EC0001A42F2D04B68002BEFD070698342E8D100
:101ED0003069002899D08BE77B68002B00D17FE721
:101EE00000280ED1B94690E77A683900002ACED092
:101EF000934235D0180000F0BBF9002832D1736945
:101F0000C5E7B94674E76B7A112B01D030696BE7EE
:101F100043468822EB189978DB78D2011B020B43E9
:101F20009342DFD030695FE739002000FFF7A2F865
:101F3000A3E739002000FCF75DFC9EE73900200094
:101F4000F9F77CFF99E743468822EB189978DB780C
:101F5000D2011B020B43934200D045E7B94654E738
:101F6000B946B6E7B9463069B3E7C046B834002091
:101F7000EC770020F0B54E464546DE465746E0B5C4
:101F800087B0994610AB1B7805009B4611AB1B78B8
:101F90000F0098461600837B002A00D187E00029B5
:101FA00000D17FE00A68002A00D17BE0012B00D03D
:101FB00099E014212800F7F7DFFA8246002800D0C4
:101FC0008EE06B89132B00D890E042464B466C683C
:101FD000190223726272114332688846130A6374CD
:101FE000130EE374452323708A235946DB01617085
:101FF0000B4345218C466146100C22741B021204CF
:102000000B43120C12189BB29B1841464246091210
:102010001202114389B25B180393A0742889F6F762
:1020200029FA5146A171E1713249030AA070029068
:10203000E37008880191F6F71DFA0199030A6371AC
:102040000B88207101330B803B681A0A190E237329
:102050006273E1731A0C03991B041B0C5B189B1829
:10206000A273029A9B181818030C0004000C1B188A
:102070001A0C9B18DA43A272120AE272129B1B8E90
:10208000002B02D02A899A4224D8129B32002900C0
:102090005B691298984707B0F0BCBB46B246A946A8
:1020A000A046F0BD012B1ED1129B1F1D81E7012B05
:1020B00019D14389132B13D9416805AE4B7C0A7C97
:1020C0001B0213438A7C12041A43CB7C1B06134366
:1020D0000593D3E7320028001299FFF7F7FCDAE7FF
:1020E00002204042D7E70448EFF718FC0348EFF717
:1020F00015FCC0464E890020ACAF0110B8AF0110EE
:10210000F0B557464E464546DE46E0B585B09A46A0
:102110000EAB1F780FAB1B7805009946837B884672
:102120001600012B00D094E0002A00D174E01421A5
:10213000F7F722FA8346002800D087E06B89132B3B
:1021400000D889E053464A466C68190223726272CD
:10215000114332686770130A6374130EE3744523E6
:1021600023708A23DB013B434527BC466746100C9E
:1021700022741B0212043B43120C12189BB29B18D0
:102180000A020912114389B2A0745F182889F6F770
:1021900071F9BC46030A8444E370634601935B46CD
:1021A0002F4FA070A371E3713888F6F763F9030A23
:1021B0006371019B2071C0183B8801333B8043460B
:1021C000002B3AD01B681A0A190E237362731A0C7B
:1021D0001B041B0C1B18D318A2731A0C1B041B0C1A
:1021E000D218130C9B18DA43A272120AE173E2723E
:1021F000109B1B8E002B02D02A899A4220D8109B5C
:10220000320029005B691098984705B0F0BCBB46C6
:10221000B246A946A046F0BD4389132B16D94168A2
:1022200003AE4B7C0A7C1B0213438A7C12041A43C4
:10223000CB7C1B0613430393DAE70A4B1B68C2E708
:10224000320028001099FFF741FCDEE702204042EF
:10225000DBE70548EFF762FB0448EFF75FFBC0469A
:102260004E890020D4BF0110ACAF0110B8AF0110EF
:10227000431E10B5033315D83923CA5C373B1C0005
:10228000134014420CD04B6883420DD08A684340FF
:102290001A4209D1D3439043C01A43425841C3B2B2
:1022A000180010BD0123FBE70023F9E7F0B54E4607
:1022B000DE4657464546E0B5894602786049040047
:1022C0008B5C85B05B0722D503238A460425110069
:1022D00044269C466A460020302920D083001818E6
:1022E0005346400001344018217830385B5C1D4271
:1022F000F4D1A0462E2955D103AB934207D04346D3
:1023000059785C1C53465B5C01C21D42E3D100203E
:1023100005B0F0BCBB46B246A946A046F0BD617808
:1023200020270B00BB43582B16D053461C3FB84602
:102330005B5C013447461F42DBD030277F42BB46FF
:102340008B445F46072FD4D85346C0000134401851
:10235000217830385B5CEDE75346A17890465B5CB2
:102360005246033405E00001401821783038535CB0
:1023700001341D42F7D11E420ED067463B40023B5E
:102380005F1EBB411F275B42BB430A316133C91A41
:10239000000108432178EAE7013C92464246A04604
:1023A0002E29A9D09046002901D01B07AFD543465E
:1023B0006A469B1A9B100133042B3DD8214A9B008F
:1023C000D3589F4680235B049842A0D2009BFF2BEA
:1023D0009DD81B0618434B46002B03D0F6F74EF84A
:1023E0004B461860012093E780235B02984200D39C
:1023F0008DE7009BFF2B00D989E7019AFF2A00D9BE
:1024000085E71B06120413431843E4E7FF2800D9AD
:102410007DE7009BFF2B00D979E70199FF2900D9BF
:1024200075E7029AFF2A00D971E71B0609040B43DE
:10243000120213431843CEE70348EFF76FFAC04682
:1024400095350510BCBF0110E8AF011010B5002A8A
:102450000FD00A61026C002A08D0130002E01B684A
:10246000002B03D09942FAD1002010BD0A6001640C
:10247000FAE70148EFF752FAF4AF0110036C844613
:1024800010B5002B10D0002004E01A681800002AB4
:102490000AD013009942F8D10B68002801D00360DC
:1024A00010BD62461364FBE70148EFF737FAC046F8
:1024B00014B00110002310B50B7301334A600B8177
:1024C0000C00F5F7C3FF0A21F0F738FE0020618108
:1024D00010BDC046036C002B04D000221A721B688A
:1024E000002BFBD17047C046F8B5374B00271D685D
:1024F0001426002D3BD02C6C002C0FD134E0013B76
:102500009BB26381042A3BD8022A50D8013A012A9F
:1025100001D8002B3CD02468002C25D0237B002B35
:1025200001D0013B23736389227A002BE7D1042A6F
:102530001ED8022A29D9637A002B02D104226373A0
:1025400022722800211DFEF727FD637A6681013380
:10255000DBB2012B2ED905230021A36028002369BB
:1025600098472468002CD9D12D68002DC3D1F8BD1F
:10257000072AD0D101212800236927729847CAE78A
:10258000072AC8D1002BC6D1F4E7013A012AC2D8E4
:10259000022328002372211DFEF78EFC637A01338B
:1025A000DBB26372022B07D9084BA360B3E7002BA1
:1025B000B1D1C0E76372AEE7F5F748FF0A21F0F743
:1025C000BDFD0A316181A6E7EC770020030014000D
:1025D000F0B5CE4647460E00010080B585B0040038
:1025E00006223231804602A8F1F780F93100042238
:1025F0000E316846F1F77AF931000422183101A84A
:10260000009FF1F773F9246C002C38D0002F3BD1D8
:1026100008239C46B444E1460AE0002D05D06368D7
:10262000002B69D0019A93425ED02468002C26D0FA
:10263000257A032DF1D92B1F022BF6D86768002FBE
:10264000F3D10622494602A806F004FE0028ECD089
:10265000062D00D174E0237B002B00D176E0637B54
:10266000022101336373404623699847637B092B3A
:102670004CD801214046236927729847D5E705B019
:10268000C0BCB946B046F0BD083607E0002D02D008
:1026900063689F4217D02468002CF0D0257A032D60
:1026A000F4D92B1F022BF6D86368BB42F3D1062264
:1026B000310002A806F0CEFD0028ECD0062D38D05F
:1026C000237B002B49D0637B022101336373404697
:1026D00023699847637B092B1ED8002301212372AD
:1026E000404623699847D6E731000622083102A800
:1026F00006F0B0FD002898D0637B0221013363739C
:10270000404623699847637B092B0BD90723237223
:1027100096239B00638188E70723237296239B00FF
:102720006381B8E70023012123724046236998475B
:102730007BE7002302212372404623699847AAE7DA
:10274000022140462369277298476EE74046211DC3
:10275000FEF722FC6423237367E74046211DFEF742
:102760001BFC6423237396E7F8B507000D001600E1
:10277000002929D00B68002B26D0002A24D012680B
:10278000002A21D0046C002C04D11DE02468002C08
:102790001AD02B6862689A42F8D10F4A1B041B0CAE
:1027A0009342F3D133889342F0D0237A052B0FD88C
:1027B000032B0AD8013B022BE8D800230221237205
:1027C000380023699847E1E7F8BD06232372DDE767
:1027D000072BDBD1F1E7C046A9FE000070B54389A5
:1027E00004000E000E2B24D94068457B037B2D028C
:1027F0001D43E37B002B03D13C33CB5C0133E373FC
:102800000378DA070BD5012B32D006221E4906F0D9
:1028100021FD002803D10822637B13436373082D35
:102820000CD0C123DB009D4203D13923F35C1B078D
:1028300013D42000F6F724FF002070BD3923F35C89
:102840001D42F6D00E212000F6F7C6FE0028F0D17A
:1028500031002000FFF76AFAEEE70E212000F6F7BC
:10286000BBFE0028E5D131002000FEF793F8E3E736
:102870004378002BD3D183785E2BD0D11022637B99
:1028800013436373CBE7C046E0BF0110F8B5CE46F3
:10289000474680B598466B460700188C0E00914657
:1028A000F5F7E8FD0E2105003000F6F765FE00287B
:1028B00019D17468062225732D0A414620006573DC
:1028C000F1F714F806224946A01DF1F70FF8382356
:1028D000FB5C062B0AD131003800BB699847C0BCAD
:1028E000B946B046F8BD02204042F8E70148EFF78C
:1028F00015F8C04634B00110F0B5DE4657464E46D6
:102900004546E0B587B00593109B81469B46484BF2
:10291000119D9A460491002A46D09046454F464E56
:102920000021504603F078FD0400831C22D07B6A0E
:102930009D420DD8BA6A5A4508D30220404207B0DA
:10294000F0BCBB46B246A946A046F0BD9D42F4D1BC
:10295000306803689A6A002A02D09047306803689A
:10296000196B5A462B008847002C5CDB032CD7D10F
:102970000020E4E7484606F077FD0400404606F0F4
:1029800073FD049901220291059952420191414639
:102990000300039200914A462100504604F07AF960
:1029A0000028CCD10124C2E700215046224F03F079
:1029B00033FD5E460400831C20D01E4B5B6A9D42A3
:1029C00005D81C4A926AB242B7D29D42B5D1386846
:1029D00003689A6A002A02D0904738680368196B26
:1029E00032002B008847002C1DDB032CC0D00021B7
:1029F000504603F011FD0400831CDED1484606F06A
:102A000033FD01235B420393049B010002930023E7
:102A10004A4650460193009304F03CF9002800D048
:102A20008DE70124C9E7E01C43425841083886E796
:102A3000041E002000400540801C0020014B18604F
:102A40007047C046801C002010B5044B01220021B5
:102A50001B68034803F054FF10BDC0462812002035
:102A6000041E0020F0B5C64600B586B0050016006D
:102A700098460C00EFF7FAFF04900591280006F045
:102A8000F3FC0700002C2FD0200006F0EDFC3200F4
:102A900003000121494203910021019202912A0081
:102AA00039001348009404F0F5F8002814D1FA22F4
:102AB0000023920040460021F0F7BAFE049A059BDD
:102AC0008018594100290BDB00900191330022004E
:102AD00000212800FFF710FF06B080BCB846F0BD0B
:102AE000012004494042EFE700220023D1E7C0461D
:102AF000041E0020FFFFFF7F014B18687047C0468F
:102B0000801C0020044B10B5186803689B6A002BDA
:102B100000D0984710BDC046801C002030B583B05F
:102B2000FFF7EAFF041E0ED0200004F09BFB050017
:102B30002000F5F7C5F80300002D12D00020002B6F
:102B40000FD003B030BD684604F0F2FD0F4C69466B
:102B5000200004F0F3FD002815D02000FFF76EFFE1
:102B6000E2E7FFF7C9FF040004F098FB2000F5F747
:102B7000BFF8064B9C4206D1236820005B6B984748
:102B80000020FFF75BFF01204042DAE73813002006
:102B900010B50520F0F76AF8030C64200349584388
:102BA000F0F7CCFA0338FDD210BDC0469A3B0000C6
:102BB000184B70B5C4580500002C14D021680029AA
:102BC00006D06368A268144804F04CFA002323601E
:102BD0000C202056002810DA0D202056002803DA99
:102BE00000220C4BEA5070BD04F074FA0D20205600
:102BF00004F058FAFF236373F2E704F06BFA0C2039
:102C0000205604F04FFAFF230D202373205600288E
:102C1000E6DBE9E74C080000E8BF0110F0B5C64666
:102C200000B53E4C3E4B84B0C45000230621220028
:102C300001252360013BA38101911231804600915F
:102C400038482100231D0832029504F043F900287A
:102C50005ED0636834485A1D1203DB011A43334BBC
:102C600001681A4030238B43314980270B60036889
:102C7000280098430860802120682E4B4904C3181F
:102C80001960A168BF024B005B18DB00C3181E006F
:102C9000C8363760D026B446C0269C446746B60284
:102CA0003E601E00CC363260234ADC331A601D229F
:102CB0000123009504F0B6F8204B21681820C918AC
:102CC000090D0631C9B2EEF705FD012200211820D9
:102CD000EEF718FD01211820EEF726FDA168236804
:102CE0004A005218D2009B18154AD8331A600020A7
:102CF00004F0E0F92073002004F0DCF9237B60731A
:102D00001843000604D4002004B080BCB846F0BDCF
:102D10004046FFF74DFF06204042F5E79C1D00208E
:102D20004C080000E8BF011078C00140FFFFFF9F82
:102D300078D001403820000018771C240000E0AF54
:102D400001E00000F0B5DE464E4657464546E0B588
:102D500087B08B4616000293002900D11CE1914BED
:102D6000C458914B21681820C918090D0631C9B201
:102D7000EEF7B0FC8C4B21681D20C918090D0631F7
:102D8000C9B2EEF7A7FC012200211D20EEF7BAFC24
:102D9000D02380221B0692049A61029B2068A168BE
:102DA000002B00D118E15B46002B00D1F1E0012798
:102DB0003A00CC258A40AC460368934303606368BD
:102DC00098464B005B18DB00C218944462461268B8
:102DD000C31815004246053212039246734A154045
:102DE0002A00554615432A004546ED012A4365460B
:102DF0002A606F4A3D009B18802212061A601A60F2
:102E00008022002352040092019303F0B7FF39009F
:102E1000A36820681A1D914094468022920182186E
:102E20001160190008318D4099001560F2004118B9
:102E3000013A0A615A00D218D2005E4D8218D83287
:102E40001560109DAD1BED00A84601256D42A844FC
:102E500045460D611F255849984611606168294013
:102E600011600C216156A0258F40544AED05AF50EA
:102E7000534A8D018027AA4653195D467F041A687C
:102E80003A42FCD10D220127A256AB469740A0251D
:102E900003923A004346494FED05EA51039AA8468A
:102EA000474D92018027994653195D4690447F040F
:102EB0001A683A42FCD14B463B4A424F8218120DE7
:102EC000D2000492C9029A18B946D20339403E4F43
:102ED0001143AB460F43A025059757466146ED05C4
:102EE0007F195D4689003D6045187D60059DB208EB
:102EF000BA60FD60049D039F6544ED03AC464D46FA
:102F0000FF022F4065463D43304F10312F43109D47
:102F10004118AD08AA1A45462960029989196960C5
:102F2000AA6001229A401300EF6001680B4303601E
:102F30000C228021A256264B9201D2184904136814
:102F40000B42FCD10D228021A256214B9201D218B6
:102F5000490413680B42FCD1002132000298F0F7BB
:102F6000BFFC2068A1684B005B18DB00C018194B40
:102F7000D83003608022D02392041B065A61FFF7E9
:102F800007FE002007B0F0BCBB46B246A946A046EB
:102F9000F0BD029B9B460AE7002B00D0DFE6052030
:102FA0004042EFE74C0800000000E0AF7F00FEFF6A
:102FB000D0100000206000004060000044040000C9
:102FC0000C000050FF7F00FF190040002900400066
:102FD0001000005003A000005B46002BC3D0012767
:102FE0003A00CC258A40AC4603689343036063688B
:102FF00098464B005B18DB00C21894446246126886
:10300000C318150042460132120392464A4A15403F
:103010002A00554615432A004546ED012A436546D8
:103020002A60464A3D009B18802212061A601A60E8
:103030008022002352040092019303F09FFE3A0085
:10304000A0682168031D9A409C4680239B01CB18F1
:103050001A6002000832954082001D60F3008A1851
:10306000013B136143001B18DB00354DCB18D833EF
:103070001D60029D894615611F25324A1A606268EB
:103080002A401A600C23E3562F4A9F409846A023FB
:10309000DB059F504346A0272C4A9B01D218FF0511
:1030A0009A46FF18130080225D46190052040B68EF
:1030B0001342FCD14246D20290464946244AAB46CE
:1030C00015004246234B2A40CB181B0DDB001B1872
:1030D000DB031343204AB6081A435B463B60634652
:1030E0009B00CB187B6001238340BE60FA600D68B3
:1030F00052462B430B608021184B4904D2181368A9
:103100000B42FCD10122A368216818339A408A60DF
:103110008B681A42FCD00122A16820688A400368AB
:1031200093430360002318220093013303F07AFED7
:103130002068A16817E7C0467F00FEFFD01000009E
:103140002060000040600000440400000C000050BB
:10315000FF7F00FF0000E0AF1900400010000050AA
:1031600010B51720EEF7B6FBD024802324061B04ED
:103170000022012163621720EEF7C4FA1820EEF74F
:10318000A9FB80235B0463621920A361EEF7A2FB15
:1031900080239B046362636110BDC04670B5D02478
:1031A000802524062D04A561142004F0FDF8656136
:1031B000FA2004F0F9F81820EEF78CFB80235B046A
:1031C000A36270BD002300B585B003930C4BD202FF
:1031D0001A400823090711430A4A00930A4302AB25
:1031E00052BA002102920422FFF7ACFD002803D15D
:1031F000039840BA05B000BD05204042FAE7C0463A
:1032000000F8FF0F0400004010B5124BD2021A4024
:103210000B071A43104B8AB013434C1E04936342AE
:1032200063411B01083300930422002104ABFFF724
:1032300089FD00280BD1631E9C4103236142994301
:10324000053102AB8900083358580AB010BD05207B
:103250004042FAE700F8FF0F0400004010B5124B9F
:10326000D2021A400B071A43104B8AB013434C1E6C
:103270000493634263411B0108330093042200213D
:1032800004ABFFF75FFD00280BD1631E9C410323B5
:1032900061429943053102AB8900083358580AB09E
:1032A00010BD05204042FAE700F8FF0F0200004081
:1032B00010B5124BD2021A400B071A43104B8AB0BA
:1032C00013434C1E0493634263411B010833009374
:1032D0000422002104ABFFF735FD00280BD1631E4B
:1032E0009C41032361429943053102AB89000833B5
:1032F00058580AB010BD05204042FAE700F8FF0F09
:1033000001000040F0B55BBAD6464F464646C0B510
:103310006C4C84B00393D2026B4B22400907C45813
:1033200011436A4A6A4B0A432168182052BAC918E5
:10333000090D0631C9B20292EEF7CCF9644B21684F
:103340001D20C918090D0631C9B2EEF7C3F90122D3
:1033500000211D20EEF7D6F9D023802201261B067E
:1033600092049A613200A16820688A400368656807
:10337000934303604B005B18DB00C718CC373A68F7
:103380009C4690466A1C1303524A9A4613004246D2
:103390001A40130052461A436346ED012A433A602D
:1033A0004D4AC3189B18802212061A601A608022A8
:1033B000002352040092019303F0E0FC3200A06865
:1033C0002168031D9A409C4680239B01CB181A60FC
:1033D00002003500083295401D603F2382008A18A4
:1033E000136143001B18DB003C4FCB18D8331F6020
:1033F000002717613A4A1F371A60626880253A40F1
:103400000C271A60E757A023BE40364ADB059E50C2
:10341000A026BB019946344AF6054E444A446D0441
:1034200013682B42FCD12A4B304ACB181B0DDB0012
:103430001B18FF021740DB033B432D4F2D4A1F4350
:1034400002AB336063469B00CB1873600223B3600A
:10345000013B8340F7600D684A442B430B60802199
:10346000490413680B42FCD10122A3682168183378
:103470009A408A608B681342FCD00122A1682068C0
:103480008A400368934303600023182200930133AA
:1034900003F0C8FCA16823684A005218D2009B18A8
:1034A000154AD8331A60D02380221B0692045A6131
:1034B000FFF76EFB002004B0E0BCBA46B146A84658
:1034C000F0BDC04600F8FF0F4C080000040000C02B
:1034D0000000E0AF7F00FEFFD01000002060000081
:1034E00040600000440400000C000050FF7F00FF1B
:1034F000190040001000005003A00000F0B5D646AF
:103500004F464646C0B56C4C84B00393D2026B4B19
:1035100022400907C4580A4369496A4B0A43216893
:103520001820C918090D0631C9B20292EEF7D2F877
:10353000644B21681D20C918090D0631C9B2EEF788
:10354000C9F8012200211D20EEF7DCF8D0238022EB
:1035500001261B0692049A613200A16820688A4005
:1035600003686568934303604B005B18DB00C71872
:10357000CC373A689C4690466A1C1303524A9A46D6
:10358000130042461A40130052461A436346ED01A7
:103590002A433A604D4AC3189B18802212061A60CB
:1035A0001A608022002352040092019303F0E6FB8C
:1035B0003200A0682168031D9A409C4680239B012D
:1035C000CB181A6002003500083295401D603F2379
:1035D00082008A18136143001B18DB003C4FCB1894
:1035E000D8331F60002717613A4A1F371A60626894
:1035F00080253A400C271A60E757A023BE40364A80
:10360000DB059E50A026BB019946344AF6054E4480
:103610004A446D0413682B42FCD12A4B304ACB1824
:103620001B0DDB001B18FF021740DB033B432D4F34
:103630002D4A1F4302AB336063469B00CB18736077
:103640000223B360013B8340F7600D684A442B437B
:103650000B608021490413680B42FCD10122A3684E
:10366000216818339A408A608B681342FCD001228B
:10367000A16820688A4003689343036000231822EE
:103680000093013303F0CEFBA16823684A0052186F
:10369000D2009B18154AD8331A60D02380221B060B
:1036A00092045A61FFF774FA002004B0E0BCBA46F5
:1036B000B146A846F0BDC04600F8FF0F4C08000018
:1036C000040000C00000E0AF7F00FEFFD01000004B
:1036D0002060000040600000440400000C00005026
:1036E000FF7F00FF190040001000005003A0000001
:1036F000F0B5D6464F464646C0B56C4C84B00393F1
:10370000D2026B4B22400907C4580A4369496A4BED
:103710000A4321681820C918090D0631C9B202925E
:10372000EDF7D8FF644B21681D20C918090D06313B
:10373000C9B2EDF7CFFF012200211D20EDF7E2FF16
:10374000D023802201261B0692049A613200A168D0
:1037500020688A4003686568934303604B005B18E8
:10376000DB00C718CC373A689C4690466A1C1303A6
:10377000524A9A46130042461A40130052461A43D0
:103780006346ED012A433A604D4AC3189B188022D4
:1037900012061A601A6080220023520400920193DC
:1037A00003F0ECFA3200A0682168031D9A409C46A1
:1037B00080239B01CB181A60020035000832954027
:1037C0001D603F2382008A18136143001B18DB0031
:1037D0003C4FCB18D8331F60002717613A4A1F3778
:1037E0001A60626880253A400C271A60E757A023C8
:1037F000BE40364ADB059E50A026BB019946344A9E
:10380000F6054E444A446D0413682B42FCD12A4B02
:10381000304ACB181B0DDB001B18FF021740DB03DF
:103820003B432D4F2D4A1F4302AB336063469B0041
:10383000CB1873600223B360013B8340F7600D68CF
:103840004A442B430B608021490413680B42FCD18E
:103850000122A368216818339A408A608B6813425A
:10386000FCD00122A16820688A400368934303606A
:10387000002318220093013303F0D4FAA1682368CF
:103880004A005218D2009B18154AD8331A60D02328
:1038900080221B0692045A61FFF77AF9002004B0D7
:1038A000E0BCBA46B146A846F0BDC04600F8FF0FDE
:1038B0004C080000020000C00000E0AF7F00FEFFE7
:1038C000D0100000206000004060000044040000B0
:1038D0000C000050FF7F00FF190040001000005056
:1038E00003A00000F0B5D6464F464646C0B56C4C26
:1038F00084B00393D2026B4B22400907C4580A4399
:1039000069496A4B0A4321681820C918090D063114
:10391000C9B20292EDF7DEFE644B21681D20C91882
:10392000090D0631C9B2EDF7D5FE012200211D2097
:10393000EDF7E8FED023802201261B0692049A614F
:103940003200A16820688A40036865689343036079
:103950004B005B18DB00C718CC373A689C46904692
:103960006A1C1303524A9A46130042461A40130037
:1039700052461A436346ED012A433A604D4AC31842
:103980009B18802212061A601A60802200235204BB
:103990000092019303F0F2F93200A0682168031D40
:1039A0009A409C4680239B01CB181A600200350088
:1039B000083295401D603F2382008A18136143003E
:1039C0001B18DB003C4FCB18D8331F600027176152
:1039D0003A4A1F371A60626880253A400C271A60FD
:1039E000E757A023BE40364ADB059E50A026BB0108
:1039F0009946344AF6054E444A446D0413682B42F6
:103A0000FCD12A4B304ACB181B0DDB001B18FF02E0
:103A10001740DB033B432D4F2D4A1F4302AB33605E
:103A200063469B00CB1873600223B360013B834065
:103A3000F7600D684A442B430B60802149041368EA
:103A40000B42FCD10122A368216818339A408A6096
:103A50008B681342FCD00122A16820688A40036869
:103A600093430360002318220093013303F0DAF933
:103A7000A16823684A005218D2009B18154AD8330F
:103A80001A60D02380221B0692045A61FFF780F847
:103A9000002004B0E0BCBA46B146A846F0BDC0461E
:103AA00000F8FF0F4C080000010000C00000E0AF6C
:103AB0007F00FEFFD010000020600000406000008A
:103AC000440400000C000050FF7F00FF190040007C
:103AD0001000005003A0000070B58C461D00D91CDA
:103AE000032399436346040082B0012B25D024238D
:103AF0000420174ED202324066462A43360732432C
:103B000080260430F60580003243201804314260DC
:103B1000E3180091042200212000FFF713F9061E8C
:103B20000FD12100069B2831994203D02A001800AA
:103B3000EFF7DCFE300002B070BD0020103113330F
:103B4000D7E7052103484942F1F7AEFCF2E7C0464A
:103B500000F8FF0F68B00110F0B5D6464F46464654
:103B6000C0B5050089469246984688B0022927D0FC
:103B700041460323CC1C9C435346204ADB0213409E
:103B80004A4616070E431E432800C023109A1B0600
:103B900028300434334390422ED011006B624246E9
:103BA000EFF7A4FE2900002322002800243100930F
:103BB000FFF7C8F808B0E0BCBA46B146A846F0BD69
:103BC00008270F4C0F4E05E02022039B1A420BD111
:103BD000013C0BD3042200212800009702AB02967F
:103BE000FFF7B0F80028EFD0002CC1D10648F1F75C
:103BF000D9FB06204042DDE76B62D3E700F8FF0FF8
:103C0000E7030000044000409CB20110836870B5D7
:103C1000CC0B0500E403A3420DD080226340520484
:103C2000934219D2FF22120413420CD1FF22120236
:103C3000134201D1AC6070BD012128000A4A230A59
:103C4000FFF750FEF6E7230C01212800074AFFF793
:103C500049FEAB686340E9E7230E0121044AFFF700
:103C600041FEAB686340DDE70A0001000B00010084
:103C70000C000100F0B5C64603300C0000B58D1EE7
:103C800087081DD07B1E072B59D92B000B435B07E0
:103C900055D1C1088846C90023002A008C46661801
:103CA00003CB03C29E42FBD143465800874207D054
:103CB0006346E25AE3185B881B0413436246AB5029
:103CC0006B885BBA6B80A31C1A6813BA6B60A31D68
:103CD00019680BBAAB6023000A331B681BBAEB6090
:103CE0008A23DB059A4203D0280080BCB846F0BD89
:103CF00080231B059942F7D1230022002600AE3312
:103D0000B2321B8812682E3631699818884221D841
:103D10003A34E418A218944240D20027002004E06C
:103D2000DD291BD0E418A24226D963780233E118BA
:103D30008A42F7D321783029F2D12000F2E72A0015
:103D4000BF00EF19938851881B040B4308C29742A8
:103D5000F8D1B5E701235B42AB60C5E7A178002944
:103D6000E0D1E1785029DDD12179F229DAD16179E8
:103D70000129D7D12700D5E7431E98418000002FA5
:103D800001D002221043B28BD20601D5012210438A
:103D90008422A95CA9520432A854A5E70020F2E7C6
:103DA000F0B5C6460E0005000B0000B501211A4A09
:103DB000FFF798FD330001212800174AFFF792FD15
:103DC000002E25D003230327984640240BE0012032
:103DD00003F0EAFA013C3300012128000E4AFFF704
:103DE00081FD002C0FD0012128000B4AFFF760FA5B
:103DF0000028ECDB43460340BB42E8D1FF28E6D075
:103E000080BCB846F0BD31000448F1F74DFBF7E740
:103E1000012300279846D8E71F00010084B0011055
:103E2000F0B54746CE4680B5C37C05000F009046EE
:103E300083B0002B05D1006802F0E6FB012800D01A
:103E400093E0280002F0E6FBAB7C002B05D10121BA
:103E50002800FFF7A5FF0123AB74EB7C002B00D1FA
:103E60006DE0FA24A40003E02418002C00D17CE0CB
:103E7000082200212800FFF7C7F9431CF4D0C3052E
:103E800000D4BCE0C02203035B0D591ED200914256
:103E900000D3AEE0800700D5ABE02C002834002230
:103EA000022128000094FFF717FE00283BD1298D3E
:103EB0006A8D0B00134300D1A1E00123EB745F4B2B
:103EC0009C460B005340634500D09EE0D24392B223
:103ED000914200D096E00B2900D89DE0237AAB7385
:103EE0000F2362791340022B22D8627A94466646E9
:103EF0006A7BB21AD2B2142A3AD90C291CD0012BEF
:103F000038D0022B5CD01B2900D891E0E3792D8AB0
:103F1000E3185A89954200D087E0424610331C1BB3
:103F20000C1B3C60136003B0C0BCB946B046F0BD8A
:103F30000B2040420C29F6D104204042F3E7042232
:103F400000212800FFF78AF93D4B84B299461B886F
:103F50000600A34202D0862303422BD1002C41D17C
:103F60004B461C80B40600D57BE701204042DAE7CF
:103F70006E73C2E710295ED9E379E318DA7892000C
:103F800004329B181A7B882A49D15A7B6C2A46D165
:103F9000DA7C002A3DD11A7D102A3AD15A7D182A9E
:103FA00037D142461C1B091B1839183339600120D0
:103FB0001360B8E70104090C2248F1F775FACDE760
:103FC00010292FD9E2790220A218D3789B0004335C
:103FD000D31892781C1BD2070C1B144342463C603A
:103FE0001360A0E72300042200212800FFF780FBD4
:103FF000B6E7012301212800134AFFF773FC0023D1
:10400000EB74B2E7022040428DE71048F1F74CFA1A
:10401000ABE70A20404286E70320404283E70920BD
:10402000404280E7072040427DE7062040427AE791
:104030000520404277E70820404274E7FFFF000078
:1040400052890020A8B001100D000100D4B0011069
:10405000F0B5DE4657464E4645460400E0B585B00D
:104060009B468946924602F0D5FAA37C002B05D1E7
:1040700001212000FFF794FE0123A374A37B002BF2
:1040800024D02D4E2D4FB36A98460EE0A17B002917
:1040900003D1237B627B9A421CD14346ED1ABD4279
:1040A00041D8FA20800003F051F9200003AA02A9A8
:1040B000B56AFFF7B5FE0128E8D103990298FFF72A
:1040C000D9FD0100200002F0ABFADFE7237B627B21
:1040D0009A42D6D052465D460C3292B22A80D243E2
:1040E0006A804A466A71023A501E824101200021CC
:1040F000524282432B710E320133A971EA71298138
:1041000069812373534603220F3393432000002217
:1041100000950231FFF720FD05B0F0BCBB46B2466A
:10412000A946A046F0BD637B227B0548F1F7BCF9A8
:1041300002204042F0E7C0460040054040420F00E8
:1041400000B10110F0B557464E46DE464546E0B593
:10415000294E9346B76A9946284AB36A05008A46AB
:1041600083B0DB1B93422ED8254B984610E00228E3
:1041700020D0002803DB01004046F1F795F9FA2032
:10418000800003F0E3F8B36A1C4ADB1B93421AD8A1
:104190006946280001AAFFF743FE041E23D0012828
:1041A000E5D101990098FFF765FD0100280002F0B4
:1041B00037FAE4E70099019B4A0028685208C90FC2
:1041C00002F0DCF8DBE74B465A46514602240D4824
:1041D000F1F76AF96442200003B0F0BCBB46B24676
:1041E000A946A046F0BD009A4A4500D94A46019921
:1041F0000C9805F051F8EEE7004005403F420F00F3
:1042000024B1011050B1011044239C46F0B5C646BC
:1042100084446346884600B5040084B00800160054
:10422000039305F021F9039B41469846471C3A0049
:1042300005001800EFF75AFB4346320ADF197A707F
:10424000320CBA70320EFA702A00039380232132A6
:104250003E701B019A4221D80822238AFF32013383
:104260006263063AFF3A23821B041343E36300238D
:104270002A00236423006F1D00212000A76315324C
:104280002833FFF7E5FE002808D10822039B02210E
:10429000009320003B00FF32FFF754FF04B080BCC6
:1042A000B846F0BDF0B5CE46474680B5060083B0AF
:1042B0000500080099468846170005F0D5F84436F1
:1042C000441C3A004946301904F0E6FF22004146FA
:1042D0003000E419EFF70AFB220080231C321B0197
:1042E0009A421FD8298A0A9B01311B03298209049B
:1042F000194302231943002308272B642B00FF379F
:10430000E963280000216F63AC6328330C3AFFF7A0
:104310009FFE002806D123003A00022128000096C3
:10432000FFF710FF03B0C0BCB946B046F0BDC046B1
:10433000F0B5D6464F464646C0B50400060082B0EA
:1043400008001F009246894605F08EF8431C9846E7
:10435000443605001A0049463000EFF7C7FA4346D5
:10436000F118534600206A1D0B70B2183B0A4870C2
:104370008870C87053703B0C93703B0ED3701770ED
:104380002A00802325321B019A4220D80822238A42
:10439000FF3201336263063AFF3A23821B04134360
:1043A0002F002A00E3632300093720640021200046
:1043B000A76319322833FFF74BFE002807D10822E4
:1043C0003B00022120000096FF32FFF7BBFE02B047
:1043D000E0BCBA46B146A846F0BDC046836870B599
:1043E000CE0B04000D00F6039E420DD080227340D8
:1043F0005204934239D2FF22120413422CD1FF22DD
:104400001202134221D1A66080226D046D0C1202AB
:104410002A4301212000FEF74BFFC025A3680600B8
:104420006D05AB420FD080226B405204934238D2CC
:10443000FF221204134228D1FF22120213421CD180
:10444000C0235B05A360300070BD01212000194A24
:10445000330AFFF747FAD6E7330C01212000164A4A
:10446000FFF740FAA3687340C9E7330E0121134AEE
:10447000FFF738FAA3687340BDE7C023012120008D
:104480000C4A5B03FFF72EFADAE7C0230A4A5B0106
:1044900001212000FFF726FAC023A2685B055340E4
:1044A000CAE7182301212000044AFFF71BFAA3687A
:1044B0006B40BDE70A0001000B0001000C00010089
:1044C000F0B5C64698468368CE0B04000D00170071
:1044D00000B5F6039E420DD08022734052049342F1
:1044E00062D2FF221204134255D1FF22120213425C
:1044F00024D1A66080226D046D0C12024346012176
:1045000020002A43012F20D0FEF7F8FFC025A36822
:104510006D05AB420FD080226B405204934217D2FC
:10452000FF22120413421FD1FF22120213422AD18A
:10453000C0235B05A36080BCB846F0BD012120000C
:104540001D4A330AFFF7CEF9D3E7FFF7CBF9DDE7D2
:1045500018231A4A01212000FFF7C4F9FF22A3689B
:1045600012046B401342DFD0C023154A5B010121C6
:104570002000FFF7B7F9C023A2685B055340FF2274
:1045800012021342D4D0C023012120000A4A5B0347
:10459000FFF7A8F9CCE7330C01212000084AFFF708
:1045A000A1F9A3687340A0E7330E0121034AFFF786
:1045B00099F9A368734094E70A0001000C00010018
:1045C0000B000100F8B5CE46474604000D0080B54B
:1045D000012900D1E0E1D64BC82798463F02C0260A
:1045E00041462000FFF712FB3A0001212000FEF7B0
:1045F0005FFEA3687605B34212D080227340520456
:10460000934200D3E5E0FF221204134200D0EDE014
:10461000FF221202134200D0F8E0C0235B05A36022
:1046200041462000FFF7F2FA3A0001212000FEF790
:104630003FFEC026A36881467605B34212D0802291
:1046400073405204934200D39DE1FF2212041342AF
:1046500000D08CE1FF221202134200D07FE1C02380
:104660005B05A3604B46DE0700D49DE1012D00D120
:1046700097E1B04DB04E31002000FFF7C7FA032399
:104680002A0001212000FFF72DF9C022A36852055E
:10469000934212D0534080225204934200D353E1FC
:1046A000FF221204134200D036E1FF22120213420D
:1046B00000D029E1C0235B05A36031002000FFF793
:1046C000A5FA2A0001212000FEF7F2FDC022A3680E
:1046D0005205934212D0534080225204934200D399
:1046E00007E1FF221204134200D0F6E0FF2212027B
:1046F000134200D0E9E0C0235B05A36041462000DF
:10470000FFF784FA3A00C027002301212000FFF7B9
:10471000E9F8A3687F05BB4212D080227B40520497
:10472000934200D3C8E0FF221204134200D0B7E046
:10473000FF221202134200D0AAE0C0235B05A3604F
:10474000C027012002F030FE31002000FFF75EFAA2
:1047500001232A0001212000FFF7C4F8A3687F0588
:10476000BB4211D080227B405204934200D386E0AA
:10477000FF221204134200D075E0FF2212021342FE
:1047800069D1C0235B05A36031002000FFF73EFA2A
:104790002A00C02501212000FEF78AFDA3686D05CF
:1047A000AB420FD080226B40520493424AD2FF2288
:1047B000120413423AD1FF22120213422ED1C02317
:1047C0005B05A360012002F0EFFDC0BCB946B04616
:1047D000F8BD1823594A01212000FFF783F8FF2272
:1047E000A36812047340134200D111E7C023544A56
:1047F0005B0101212000FFF775F8C023A2685B056B
:104800005340FF221202134200D106E7C0230121C8
:1048100020004C4A5B03FFF765F8FEE6C023012148
:104820002000484A5B03FFF75DF8C8E7C023444A0D
:104830005B0101212000FFF755F8C023A2685B054A
:104840005340B8E71823012120003C4AFFF74AF8FB
:10485000A3686B40ABE7C02301212000394A5B030A
:10486000FFF740F88DE7C023354A5B0101212000A6
:10487000FFF738F8C023A2685B0553407DE7182393
:10488000012120002D4AFFF72DF8A3687B406FE738
:10489000C023012120002B4A5B03FFF723F84CE7DC
:1048A000C023274A5B0101212000FFF71BF8C0232A
:1048B000A2685B0553403BE71823012120001F4AF3
:1048C000FFF710F8A3687B402DE7C02301212000EB
:1048D0001C4A5B03FFF706F80DE7C023184A5B018B
:1048E00001212000FEF7FEFFC023A2685B055340B4
:1048F000FCE61823114A01212000FEF7F3FFC02235
:10490000A36852055340ECE6C023012120000D4A64
:104910005B03FEF7E7FFCDE6C023094A5B010121F7
:104920002000FEF7DFFFC023A2685B055340BCE612
:104930000048101808C40000084410180C000100BA
:104940000B0001000A0001001823194A0121200070
:10495000FEF7C8FFC022A36852055340A0E6C0235B
:1049600001212000134A5B03FEF7BCFF77E6C0235A
:10497000114A5B0101212000FEF7B4FFC023A268A9
:104980005B05534066E6182301212000084AFEF724
:10499000A9FFA368734058E6B827084B3F02984622
:1049A0001DE6074D074E66E60748F0F7FBFC5DE69F
:1049B0000C0001000A0001000B0001000038101873
:1049C00008B400000834101878B1011080220023C8
:1049D00052008281034A01608360837303618350C4
:1049E0007047C0464C08000010B5FEF7E1F810BD56
:1049F00070B59C466B461E7C802314001232050065
:104A00001B019A421ED836232022C25403000022E2
:104A100036335A709970DA703A30002E0BD122007A
:104A2000614604F039FC2B00022128002833A21D26
:104A3000FFF70EFB70BD010000236046A2B2F4F741
:104A400063FFF0E705204042F4E7C04610B50400DC
:104A500082B06946200001AAFFF7E2F9431C14D096
:104A6000031DF6D0012812D00228F2D10099019B33
:104A70004A0020685208C90F01F080FC69462000F6
:104A800001AAFFF7CDF9431CEAD102B010BD01998C
:104A90000098FFF7EFF80100200001F0C1FDD8E712
:104AA000F0B5C6469846802300B515001C320400B8
:104AB00082B01B019A422DD802274B00028A1F4068
:104AC0004E082B0408991B0C836301320B030282EE
:104AD0003B4312041343C36300232A00036441468B
:104AE0004663443004F0D8FB23002A000021200054
:104AF00028331032FFF7ACFA002807D143463200C2
:104B0000009339002B002000FFF71CFB02B080BC93
:104B1000B846F0BD05204042F8E7C04610B5040095
:104B2000002909D0837C002B00D110BD0023002177
:104B30008374FFF735F9F8E701F06CFDA37C002BD7
:104B4000F3D101212000FFF72BF90123A374ECE737
:104B5000F0B506000D004436082204006D4930000F
:104B600083B0EEF7C3FE2B04180C2A0C1B0E002A90
:104B700000D1C6E0290E684D09022A400A434C21A3
:104B80006054013163544E25002161532265542243
:104B9000A0540132A354562308272500E152238A4A
:104BA000413A01332382A2631B04123A1343FF37B5
:104BB0002835E36320002B00676321642232FFF76E
:104BC00047FA002806D114233A000221200000965B
:104BD000FFF7B8FA322002F0E7FB40210022238AD7
:104BE000616301333C392382A1631B0402390B4307
:104BF0006264E36322642B00002120001432FFF77B
:104C000027FA002806D10423402202212000009622
:104C1000FFF798FA002220004049FFF7F5FA012239
:104C200020003F49FFF7F0FA082220003D49FFF736
:104C3000EBFA042220003C49FFF7E6FA00222000AC
:104C40003A49FFF7E1FA3A4B60689B6A394A191A08
:104C5000914259D920001322FF215A30EEF740FE2D
:104C60005C23E722E25403330732E25401332F3A44
:104C7000E2540233403AE2542F496D3A3000EEF7E5
:104C800035FE2922238AA2630133273A23821B049B
:104C900013430827E3630023FF37236400212B001D
:104CA000200067633732FFF7D3F9002806D12923A4
:104CB0003A00022120000096FFF744FA322002F069
:104CC00073FB02210022238A6163013323821B04C8
:104CD0000B43A263E36322642B0000212000103207
:104CE000FFF7B6F9002806D1009000230222022126
:104CF0002000FFF727FA322002F056FB002003B015
:104D0000F0BD012252423AE7C01A0C4BC01802F023
:104D10006DFB9FE7C4320510FF00FFFF94B1011047
:104D2000A0B10110A8B10110B8B10110C4B10110B7
:104D300000400540EF490200D4B10110F0490200E3
:104D4000F0B5C6460600040000B54436142282B011
:104D5000884630001649EEF7C9FD238A83270133C0
:104D600023821B04E36300231422236423007F00B7
:104D7000A26300212000676328331032FFF768F92F
:104D8000051E0DD114233A00002120000096FFF7E4
:104D9000D9F9051E09D1062231004046EEF7A6FDDD
:104DA000280002B080BCB846F0BD02256D42F7E78E
:104DB000D0320510F0B54546DE4657464E46E0B5C2
:104DC000A84B89B09B6A040043608846FDF726FF24
:104DD000002812D1FEF7C4F90A25FEF7DFF9A24E2A
:104DE000142200212000FEF7EDF9B04212D001207C
:104DF000013D02F0D9FA002DF2D19C48F0F7D2FA29
:104E000006256D42280009B0F0BCBB46B246A94653
:104E1000A046F0BD002200212000954BFEF772FA5B
:104E20000028EAD1002200212000FEF7EDF910232E
:104E30001D2200212000FEF755FD0028DDD1992319
:104E4000042200212000FEF74DFD0028D5D1BE230D
:104E5000062200212000FEF74BFC0028CDD10823BC
:104E600001212000834AFEF73DFD0A25402601214D
:104E70002000804AFEF71CFA064209D10120013DBC
:104E800002F092FA002DF2D17B48F0F78BFAB7E7E7
:104E90000023784A01212000FEF724FD20007749F5
:104EA000FEF7B4FEB822C025012120001202FEF751
:104EB000FFF9A3686D05AB4212D080226B4052040B
:104EC000934200D3CAE2FF221204134200D0B9E297
:104ED000FF221202134200D0ACE2C0235B05A360A4
:104EE00020006649FEF792FEB8220121200012023E
:104EF000FEF7DEF9C026A36805007605B34212D09E
:104F0000802273405204934200D38AE2FF221204AB
:104F1000134200D079E2FF221202134200D06CE269
:104F2000C0235B05A360ED0700D47DE32000544956
:104F3000FEF76CFEC822C025012120001202FEF7F8
:104F4000B7F9A3686D05AB4212D080226B405204C2
:104F5000934200D3D4E2FF221204134200D0C3E2F2
:104F6000FF221202134200D0B6E2C0235B05A36009
:104F700020004349FEF74AFEC82201212000120208
:104F8000FEF796F9C026A36805007605B34212D055
:104F9000802273405204934200D368E2FF2212043D
:104FA000134200D0BDE2FF221202134200D0B0E251
:104FB000C0235B05A360ED0700D439E30221200084
:104FC000FFF700FB0323042220002E49FFF778FAA5
:104FD000002304222C492000FFF772FAFA212B4FFC
:104FE0002B4A2C4BD219D65ABB4649008E4200DBC5
:104FF000B4E02949525C002A00D0AFE0502E00DC1A
:10500000ACE0264B50259946A24603E00135AE425E
:1050100000DCA3E0224B09224946581B04F0BEF9EC
:105020000028F3D15446002631002000FEF7EEFDA3
:10503000802372041B02520C1A43012140232000DA
:105040000097FEF789FD002800D0CCE1154B4036D3
:1050500040379E42E8D1144B25009A460024039025
:1050600044E0C04600400540ADBEEDFEE8B1011091
:10507000B30402000E0001003CB201100038101809
:10508000004810181040001844400018FCBF0110E0
:105090009E6803000E0300000D03000008B201101B
:1050A000A72B0510C06B0300D42F0510FF2212049C
:1050B00013423DD1FF221202134247D1F023DB02FB
:1050C000AB604B465E04534680221B19403B760C76
:1050D0001202009301213B0028003243FEF73CFD01
:1050E00000283FD1C0239B009C423BD0BA2726001A
:1050F000BF0040341723A742BF41E14A9F43B31882
:10510000F0269946AB684037F602B342D9D08022E8
:10511000734052049342C9D30023DA4A0121280084
:10512000FEF7E0FBFF22AB68120473401342C1D0CC
:105130000723D54A01212800FEF7D4FBF023AA68F3
:10514000DB025340FF2212021342B7D0F0230121A9
:105150002800CE4ADB00FEF7C5FBAFE7CC48F0F7EE
:1051600021F94DE62C00CB4B04222000CA49039DB7
:10517000FFF7A6F901212000FFF724FA2000C74914
:10518000FFF72CF903230340012B00D02DE1200071
:10519000C349FFF723F9C00700D52AE1FA26802783
:1051A000B60006E00120013E02F0FEF8002E00D11C
:1051B00030E201212000BB4AFEF77AF80742F1D025
:1051C000FA26F02304222000B749FFF779F92023BB
:1051D00001212000B54AFEF785FB2027B60006E036
:1051E0000120013E02F0E0F8002E00D117E2082273
:1051F00000212000FEF708F80742F1D00121AC4A57
:105200002000FEF755F8022303430121A84ADBB230
:105210002000FEF767FB0823F02200212000FEF7A4
:1052200061FB022301219F4A2000FEF75BFB012165
:105230002000A04AFEF73CF8C30700D481E10F2309
:1052400001219D4A2000FEF74DFB002301219A4ACF
:105250002000FEF747FB0121974A2000FEF728F8BF
:10526000042200212000FDF7F9FFC30700D571E1FA
:10527000C026A3687605B34212D080227340520440
:10528000934200D3BDE1FF221204134200D0ACE1EF
:10529000FF221202134200D09FE1C0235B05A360EE
:1052A000C02601212000854AFDF7AEFFA3687605E0
:1052B000B34212D0802273405204934200D37BE168
:1052C000FF221204134200D06AE1FF2212021342AD
:1052D00000D07AE1C0235B05A360200001F09AF9B9
:1052E000A37C002B05D101212000FEF759FD0123ED
:1052F000A374734F26003900443608222C31300045
:10530000EEF7F4FADB2059466E4B8002F6220918BC
:10531000E364200000239200226563655830EEF7B5
:10532000E5FA0822FF326263FC229200A2630222A5
:10533000238A0021013323821B041343E3630023E8
:10534000236428339C468022A44463462000D20074
:10535000E146FEF77DFE002808D1FC230822022149
:10536000200000969B00FF32FEF7ECFE390013226E
:1053700038313000EEF7BAFA238A832201332382D0
:105380001B04E363002352006263F33AA2632364C5
:1053900000214B4620001032FEF75AFE002807D1AC
:1053A000832213230021200000965200FEF7CAFE3C
:1053B000636C002B00D0C0E0002220004249FEF7C1
:1053C00023FF012220004149FEF71EFF4346002B28
:1053D00000D1C6E0002306220093200043463C494A
:1053E000FEF760FF0EE505000CE53A48EFF7DAFF3F
:1053F000CDE63848EFF7D6FFD0E6C02301212000E4
:10540000224A5B03FEF76EFA8AE5C0231E4A5B015F
:1054100001212000FEF766FAC023A2685B05534015
:1054200079E5182301212000164AFEF75BFAA368EC
:1054300073406BE5C02301212000144A5B03FEF793
:1054400051FA4AE5C023104A5B0101212000FEF712
:1054500049FAC023A2685B05534039E518230121AE
:105460002000084AFEF73EFAA3686B402BE518239C
:1054700001212000034AFEF735FAA36873408DE549
:1054800014FD07000C0001000B0001000A000100E0
:1054900014B20110BA0045FFFCFF070008341018D1
:1054A000003810180E000100242000180800010028
:1054B0001E0001001F0001000F0001000885000010
:1054C000BC3205100610020094B10110A0B1011009
:1054D000C4B2011068B20110C02301212000564A55
:1054E0005B03FEF7FFF940E5C023544A5B0101214D
:1054F0002000FEF7F7F9C023A2685B0553402FE5B3
:105500001823012120004E4AFEF7ECF9A3686B40F6
:1055100021E5C02301212000474A5B03FEF7E2F9A1
:1055200046E5C023454A5B0101212000FEF7DAF978
:10553000C023A2685B05534035E54248EFF732FFD0
:105540003AE701230343012120003F4ADBB2FEF783
:10555000C9F974E683B2042200212000FEF7C8F8DE
:1055600086E63B00FA6C4C3306926A469B8804AE92
:10557000310020009383FFF7E3FB00280AD1049A4F
:10558000069B9A4200D03DE46B46B2889B8B9A42C0
:1055900000D037E43100002001F0A6FEB04619E744
:1055A000C023264A5B0101212000FEF79BF9C0239E
:1055B000A2685B05534088E6182301212000204A99
:1055C000FEF790F9A36873407AE6C023012120001A
:1055D000194A5B03FEF786F97CE6C023012120000F
:1055E000154A5B03FEF77EF957E6C023134A5B01B9
:1055F00001212000FEF776F9C023A2685B05534025
:1056000046E61823012120000D4AFEF76BF9A36836
:10561000734038E60D48EFF7C5FEFFF7F1FB0C4885
:10562000EFF7C0FEFFF7ECFB0A48EFF7BBFE7DE4A7
:105630000848EFF7B7FEC1E40A0001000B000100C3
:105640000C000100ACB201101F0001007CB201107F
:1056500094B2011078B1011070B504000D001E0065
:1056600082B0C82A00D875E0C82293009A1820009A
:105670003B495200FEF7C8FD320020003949FEF7D1
:10568000C3FD20003849069AFEF7BEFD20003749C9
:10569000079AFEF7B9FD5622238A62630133523A14
:1056A0002382A2631B04023A134365642500E3636B
:1056B000002326002835236400212B00200012320D
:1056C0004436FEF7C5FC002806D1042356220221E9
:1056D00020000096FEF736FD01236E226364238AC4
:1056E000626301336A3A2382A2631B04023A1343C2
:1056F000E36300230021236420002B001232FEF715
:10570000A7FC002806D104236E2202212000009667
:10571000FEF718FD8E210022238A616301338A3946
:105720002382A1631B0402390B436264E363226496
:105730002B00002120001432FEF78AFC002806D13D
:1057400004238E22022120000096FEF7FBFC00209D
:1057500002B070BD002A00D087E7013285E7C0465D
:10576000D4B20110E4B20110F0B20110FCB2011089
:10577000F0B557464546DE464E46E0B5A9B0339FE4
:1057800004910592D649082204009846FEF73CFD94
:10579000002F00D19DE102233A009A43D14B9A4257
:1057A00015D0D14B9F4200D113E2D04B9F4200D184
:1057B00016E2CF4B9F4200D01FE204230393033B2A
:1057C0009A4600239B468023DB02994606E000238D
:1057D000039301339A467F339B4699464346402BB9
:1057E00000D90AE244230022862125002600E7543E
:1057F0000133E2540133E2540133E254238A6163FA
:10580000013382392382A1631B0402390B432835FB
:10581000E36322642B000021200014324436FEF79B
:1058200017FC002806D104238622022120000096BE
:10583000FEF788FC3B0020005A1E9341AD49002230
:10584000FEF776FD1722AC493000EEF74FF8002244
:105850005B235F21E2540133E2540133E25401330C
:10586000E254A13363540131635401316354013173
:1058700063540821238AFF3101336163E8392382AD
:10588000A1631B041D390B43E36322642B00002139
:1058900020002F32FEF7DCFB002807D108221F234F
:1058A000022120000096FF32FEF74CFC002220006F
:1058B0009249934BFEF73CFD002F31D08B4B9F421A
:1058C0002ED042460123329907AF08A83A807B8048
:1058D000EEF70CF8022001F067FD8622238A5200C1
:1058E00001336263C83A2382A2631B04423A134322
:1058F000E36300233900236442323000EDF7F6FF02
:105900002B00542200212000FEF7A2FB002807D123
:10591000862244230221200000975200FEF712FC49
:105920008023DB02994500D118E10123142263642E
:10593000238A62630133103A2382A2631B04023A72
:105940001343E36300230021236420002B00123261
:10595000FEF77EFB002806D104231422022120003A
:105960000096FEF7EFFB00224423E25400221621AA
:105970000133E2540133E2540133E254238A616378
:10598000013312392382A1631B0402390B43E36301
:1059900022642B00002120001432FEF759FB00285E
:1059A00006D104231622022120000096FEF7CAFB2E
:1059B000524620005349FEF727FC44235A46E2543E
:1059C000002203990133E2540133E154A52101334C
:1059D000E254238A61630133A1392382A1631B044A
:1059E00002390B43E36322642B00002120001432B0
:1059F000FEF72EFB002806D10423A5220221200059
:105A00000096FEF79FFB049A3F4B059FE2503F4BE9
:105A10003900E0189046EDF769FF349B002B00D168
:105A200078E04222002108A8EDF75AFF42463900EB
:105A300008A80C270792EDF759FF2423002204A998
:105A4000C919CA5415A8253B3499063211931293EB
:105A500013931493EDF74AFF359B013309D00123CB
:105A600017938023359A5B011343442204A9C91973
:105A70008B522000462207A94930EDF737FF052257
:105A800023493000EDF732FF4B22238AA263013312
:105A9000493A23821B0413430827E3630023FF379B
:105AA000236400212B00200067635932FEF7D0FAEF
:105AB000002806D14B233A00022120000096FEF771
:105AC00041FB002029B0F0BCBB46B246A946A04627
:105AD000F0BD00239A4699469B46039382E6C04652
:105AE000A8B10110040040000200200004000001E1
:105AF000040040010CB301101CB3011034B30110B9
:105B00008813000058B30110280800002C0800007A
:105B10005CB301101A223A4B6263E718238A0A32F7
:105B200001332382A2631B04223A1343E363349BB1
:105B30003900236422323000EDF7D8FE2B003422E6
:105B400000212000FEF784FA0028BAD124231A226B
:105B5000022120000097FEF7F5FAB2E70E2304A811
:105B6000802200211818EDF7BBFE43466A46938356
:105B70001A000E23002704A832991818EDF7B6FE74
:105B8000022001F011FC822220001E4907AB009781
:105B9000FEF788FB012314226364238A62630133C6
:105BA000103A2382A2631B04023A1343E3630021E9
:105BB0002B00200027641232FEF74AFA002806D193
:105BC00004231422022120000096FEF7BBFA0322D0
:105BD000CAE600239A46039304339B469946FDE5A3
:105BE0004346802B09D80423039300239B460133AB
:105BF0009A468023DB029946F4E50520404261E79E
:105C00002808000048B30110042210B5038A82B0AE
:105C100001334264038282631B04023A1343C36369
:105C20000023A521036403004163283300211232BD
:105C30000400FEF70DFA002808D123004433009336
:105C4000A522042302212000FEF77CFA02B010BD39
:105C50001A2230B5134B83B0C518038A426301334F
:105C60000A32038282631B04223A1343C363002374
:105C700004000364290022324430EDF737FE23008C
:105C80003422002120002833FEF7E2F9002806D153
:105C900024231A22022120000095FEF753FA03B0B4
:105CA00030BDC04628080000F0B5D6464F464646EF
:105CB0000500C0B54435040082B088469246B0491C
:105CC000042228001E00EDF711FE0123A364073310
:105CD000A3630023236428339C468327228AA44499
:105CE000013222827F001204E263634618220021FF
:105CF00020006763E146FEF7ABF9002806D10823D0
:105D00003A00002120000095FEF71CFA4423E25CD3
:105D10000133E35C1B0213434622A25C12041A43C4
:105D20004723E35C1B06134300D020E1002E07D07D
:105D3000944B9E4200D1ACE10A9B402B00D9ACE1D0
:105D4000022220009049FEF75FFA012363644B337F
:105D50009C464746A444E046604620220021A764B2
:105D6000EDF7BEFD3A0051464046EDF7BFFD20007D
:105D700028222900503003F08FFA0C228349280092
:105D8000EDF7B4FD3422238AA2630133323A238231
:105D90001B0413430827E3630023FF372364002118
:105DA0004B46200067634232FEF752F9002806D1C5
:105DB00034233A00022120000095FEF7C3F91E2289
:105DC0000C9B62636364238A1A3A01332382A263C1
:105DD0001B04023A1343E3630023002123642000E1
:105DE0004B461232FEF734F9002806D104231E2256
:105DF000022120000095FEF7A5F9330001222000C2
:105E00006349FEF795FA5F4B9E4200D1B6E0614BC5
:105E1000F7187B425F4104225F492800EDF766FDD9
:105E2000482300220821E75408270133E2540133B4
:105E3000E2540133E254238AA16301335749238298
:105E40001B040B43FF37E36322644B460021200011
:105E500067631832FEF7FCF8002806D108233A00E1
:105E6000022120000095FEF76DF9002E18D04C4B52
:105E70009E4200D114E1022332009A43494B9A42D8
:105E800000D197E03F4B9E4200D10CE1464B474981
:105E90009E4200D12CE1002301222000FEF748FAA7
:105EA00001236E226364238A62636A3A0133A26328
:105EB0003A4A23821B041343E3630023142223641E
:105EC00000214B462000FEF7C3F8002806D104232A
:105ED0006E22022120000095FEF734F90922344990
:105EE0002800EDF703FD4D231622E25400220D2178
:105EF00008260133E2540133E2540133E254238A89
:105F0000A1630133254923821B040B43FF36E3635E
:105F100022644B460021200066631D32FEF798F88C
:105F2000002806D10D233200022120000095FEF743
:105F300009F901234E226364238A62634A3A0133DA
:105F4000A263164A23821B041343E3630023142233
:105F5000236400214B462000FEF77AF8002806D182
:105F600004234E22022120000095FEF7EBF80020CA
:105F700002B0E0BCBA46B146A846F0BD02274AE7E7
:105F80001033051004000001A8B1011064B3011022
:105F900070B30110FCFFBFFE58B3011002100000E7
:105FA0000200200004004000040040017CB3011006
:105FB000A0B301108423614901222000FEF7B8F943
:105FC0000A9B9A461F0A44235146E1540133E75481
:105FD0002700012201334837E252002138003F32C6
:105FE000EDF77EFC0A9A0B993800EDF77FFC022052
:105FF00001F0DAF94422238AA2630133504A238252
:106000001B0413438627E36300237F002364542289
:106010004B46002120006763FEF71AF8002806D1DE
:1060200044233A00022120000095FEF78BF8454BEF
:106030001E40454B9E4200D032E7112243492800C2
:10604000EDF754FC5523012200210826E2540133C8
:10605000E1540133E1540133E154238A1432013312
:10606000A2633B4A23821B041343FF36E3632522CA
:106070004B46200066632164FDF7EAFF002800D04C
:106080000EE715233200022120000095FEF75AF892
:1060900006E70A9B802B00D852E60520404267E7BE
:1060A0000423264988E78023200001222349DB02BC
:1060B000FEF73EF944230A9A2600E2544523463669
:1060C000120AE254002180223000EDF709FC0A9AFE
:1060D0000B993000EDF70AFC022001F065F901236D
:1060E0008222009320002B001A49FEF7DBF8A4E778
:1060F00020000122184BFEF71BF944230A9A0021C5
:10610000E2544523170AE75401339C46A444E04671
:10611000604692468022EDF7E3FB0A9A0B994046CF
:10612000EDF7E4FB022001F03FF901238222009306
:1061300020002B000749FEF7B5F844E77CB30110B7
:1061400002100000FFFFBFFF040000018CB301102C
:106150000250000048B301108000040070B5050033
:10616000443504000E000422174982B02800EDF7E0
:10617000BDFB012300220C21A3644B33E654013301
:10618000E2540133E2540133E254238AA163013320
:106190000A3923821B040B430826E3632300FF36DE
:1061A000226400212000666328331C32FDF750FF73
:1061B000002806D10C233200022120000095FDF7B3
:1061C000C1FF002002B070BDACB3011010B5006873
:1061D00000F01AFA013843425841C0B210BDC0461F
:1061E0000B4B10B583610B4B3A2243610A4B040001
:1061F00003863923C25402000233C15C3232303983
:10620000406A00F075FB382306220020E25410BDDE
:106210001D620110850C0110DC05000010B50B009B
:106220000A893B210124415C82B0406A30390094E4
:1062300000F002FB0023002802D1180002B010BDBC
:1062400001000348EFF730F90C235B42F5E7C04645
:10625000B0B3011030B50B015B180A0029499B004F
:106260005C18050089B00419002A29D10022264BA8
:1062700004A904920593254A254B06920793254BC2
:10628000254AC252254B05AA0293254B0090019343
:10629000200006ABF2F762FE2000F2F7CDFF2000EF
:1062A000F2F7D0FF002007A9F2F77CFA1D4B20007F
:1062B000E918F9F7C9FC2000F9F7E8FC09B030BD8E
:1062C00019481149EB1804900591174810493032CC
:1062D0000690079177200F495854144920005A54CA
:1062E0000E4B05AA02930E4B04A90193009506AB31
:1062F000F2F734FE2000F2F79FFF2000F2F7A2FF32
:10630000DCE7C046D4080000FFFFFF00C0A8000182
:10631000080808080E09000077300000DD2701108A
:10632000E16101105C090000C0A804010F09000030
:106330000B01104A5B189B009B1870B5C41800290C
:1063400014D00D4B1B68002B06D0002539269C422B
:1063500003D01B68002BFAD170BD2000F2F728FF94
:106360006560A5552368002BF1D1F5E72000F9F70A
:1063700063FFE6E7D4080000EC770020F8B5474655
:10638000CE4680B50C0164189846A400134B06193C
:10639000F35C05005B0703D4C0BCB946B046F8BD4A
:1063A00097B2C122390000205200F3F705F8814668
:1063B0000028F1D00A4A4146A4182D1904003A00D9
:1063C000F3F734FB074A29002000B3589847002808
:1063D000E2D04846F3F754F9DEE7C0460D09000065
:1063E000D4080000E408000010B50B01034A5B1854
:1063F0009B009B18C018F2F735FF10BDD4080000B1
:1064000010B50B01034A5B189B009B18C018F2F7EC
:106410003DFF10BDD408000010B50B015B18094A00
:106420009B00C3189A5C140005222240052A05D15E
:10643000054A9858431E9841023010BD00F00CFCEC
:10644000FBE7C0460D090000D808000010B5284B36
:1064500082B01B68002B17D0264C2000FFF7B6FE39
:1064600000283CD1244BE25C002A2BD1234BE25C78
:10647000002A1DD1224BE25C002A0CD1214B1B6863
:10648000002B03D000F0DAFE02B010BD0121200085
:10649000FEF744FBF6E700222000E254FFF7D8FBAA
:1064A0000122194BE250174B1B68002BEAD1EDE794
:1064B00000222000E254FFF7A7FB114BE25C002A08
:1064C000DCD0E8E700226921E2542000002300929A
:1064D000FEF7E6FA094BE25C002ACBD0E8E72000A1
:1064E000FEF7B4FA044BE25C002ABFD0EAE7C046EC
:1064F000FC1D0020041E0020690800006B0800003D
:106500006A080000001E00205C08000070B58023AF
:10651000D025802604002D065B04AB6236040022E1
:1065200000211820EBF7EEF86E6200220021172000
:10653000EBF7E8F8AE6121002000FEF747FA85226C
:10654000002303211201A354064AA350064AA35074
:106550001432A152054AA354054A13600122054B87
:10656000E25070BD580800005C080000720800008E
:10657000FC1D002068080000F8B5040000F0D2FE01
:106580001C4E3368002B32D000212000FFF7D0FED4
:1065900001212000FFF7CCFE2000FEF725FAD025D0
:1065A000802380275B042D06AB6200220021182087
:1065B0003F04EBF7A7F80022002117206F62EBF7EA
:1065C000A1F821002000AF61FEF700FA8522002328
:1065D00003211201A354084A3360A350074AA35071
:1065E0001432A152064AA3540122064BE25000F095
:1065F000A3FEF8BDFC1D0020580800005C08000048
:106600007208000068080000D0231B065868C0010B
:10661000C00F70473222014B1A607047001E0020E5
:10662000774B70B5C35804000D00DB0712D46B68BC
:10663000452B05D0312B07D8724A9B00D3589F4673
:10664000714AA358012B3FD0704BE358704A9342D4
:1066500022D070BDECF70AFA002925D0FA220023D7
:106660009200ECF7A9FD6A8801006A48EEF71CFF6A
:106670006968582924D8684B8A00D358002B1FD04A
:1066800019006648EEF710FF2E23EA68EB5CA96854
:106690006348EEF709FFCAE701225C4B00212000A6
:1066A000E250FFF7A1FED4E7FA218900ECF746FD9E
:1066B0006A8801005748EEF7F7FE69685829DAD969
:1066C0005848EEF7F1FEDFE7A968082974D04F4B70
:1066D000E3580029BAD10231A150B7E70122524B49
:1066E0005248E25200F0B2FDAEE7AB68062B6ED026
:1066F000042B03D002229343082B59D1EB680F2BB4
:1067000056D1494B2CE0AB68002B9DD1EB68082B90
:106710009AD10222444BFF32E2E7AB68002B00D053
:1067200092E72E33E95C6B88DB075DD5002961D1E8
:106730008023364ADB00A1580B43A35086E7002193
:106740002000FFF75DFE0022304BE25081E7AB688E
:10675000002B00D078E7EB68022B00D074E7344BB5
:1067600001223248E25400F071FD284BE3586DE7F6
:10677000AB68002B19D1254BE2580F2319001140AB
:10678000042902D19A430E3B1A4380239B001343F2
:106790001E4AA3505AE7AB68002B00D154E7032BE5
:1067A0001CD00222194BE25053E7062B00D14BE7D5
:1067B0000422164BE2504CE7862329001B01E058C7
:1067C0001C4B3031E3589847104BE3583EE7802389
:1067D0000E4A1B01A1580B43A35037E7EA68002A71
:1067E000DFD10A4AA35034E72000FFF709FE074B28
:1067F000E3582BE72000FFF7F7FD044BE35825E7AC
:106800005408000030330510580800005C080000F0
:10681000010E0000D4B30110F8330510E8B30110E5
:10682000F0B30110ECB301106A0800004D640110D0
:106830006908000064080000F0B5DE464E46454693
:106840005746E0B5050083B09B460CAB1B788946E4
:106850009246984600F066FD214E002134682800DB
:10686000002C14D0FEF75AF943465246009349468D
:106870005B462800FEF7BCF8040000F05DFD200038
:1068800003B0F0BCBB46B246A946A046F0BDFFF738
:106890004FFD01212800FFF74BFD85231B01EC5420
:1068A0008023D0241B041F002406A361142000F0C1
:1068B0007BFD3220676100F077FD00212800FEF7A4
:1068C00079FA041ED9D1074B2800E918FEF738FAE7
:1068D0003222054B05481A60306000F0B7FCC3E770
:1068E000FC1D0020A4090000001E00204D640110C2
:1068F00010B50020110000F00BFD002010BDC046B7
:10690000F0B54746CE4680B585B0160004000D00B0
:10691000984600F007FD002E14D085231B01E35C90
:10692000002B2AD0012D64D085231B01E35C0122BA
:106930002B411A424DD000F0FFFC05B0C0BCB94657
:10694000B046F0BD012DF6D100F0ECFCB94B0021B2
:106950001D681F002000002D00D101E1FEF7DEF8C8
:1069600000212000FFF7FAFB00F0E6FC852202215F
:106970001201A35C8B43A354DDE700F0D3FCAD4BC5
:10698000002199461B6820001E1E69D0FEF7C6F83C
:1069900041462000FEF7DCF8060000F0CDFC002E9A
:1069A000C9D100F0BFFC4B461B6800211E0020002F
:1069B000002B00D1A9E0FEF7B1F80A230193093BAF
:1069C0001422022120000093FEF746FE00F0B4FCE2
:1069D000A8E729002000FFF7ABFC29002000FFF703
:1069E00039FC01238521AB400901625C13436354E8
:1069F000A1E700F097FC8F4B00211D68994620000D
:106A0000002D57D0FEF78AF88B4A8C4BA15C013AD7
:106A1000A25CE35802928A4A2000A2180192894A95
:106A2000A25C0092884AA218FFF73EF900F084FCAD
:106A300085231B01E35C9B0700D4ECE000F072FCB3
:106A40004B461D6800212000002D00D1B2E0FEF76A
:106A500065F801212000FFF781FB00F06DFC6AE77B
:106A6000FFF766FC01212000FFF762FC85231B0174
:106A7000E654D02380271B061E003F0414209F618C
:106A800000F092FC3220776100F08EFC00212000A3
:106A9000FEF790F90028E0D16C4B2000E118FEF7DA
:106AA0004FF932226A4B6B481A604B46186000F06F
:106AB000CDFB6DE78527FFF73BFC01212000FFF7A9
:106AC00037FC80233F01E555D0251B041E002D0611
:106AD0001420AB6100F068FC32206E6100F064FCB1
:106AE00000212000FEF766F9002800D08DE0574B0A
:106AF0002000E118FEF724F93222554B55481A6060
:106B00004B46186000F0A2FB7EE7FFF711FC012165
:106B10002000FFF70DFC85231B01E654D0238027BE
:106B20001B061E003F0414209F6100F03DFC322034
:106B3000776100F039FC00212000FEF73BF90028C6
:106B400000D043E7414B2000E118FEF7F9F832226C
:106B50003F4B40481A604B46186000F077FB2CE72B
:106B6000FFF7E6FB01212000FFF7E2FB85231B0175
:106B7000E5548023D0251B041E002D061420AB6194
:106B800000F012FC32206E6100F00EFC00212000AB
:106B9000FEF710F9002800D0E6E62C4B2000E118A3
:106BA000FEF7CEF832222A4B2A481A60386000F0ED
:106BB0004DFBD5E6FFF7BCFB01212000FFF7B8FB3A
:106BC00085231B01E5548023D0251B041E002D06C0
:106BD0001420AB6100F0E8FB32206E6100F0E4FBB2
:106BE00000212000FEF7E6F8002800D035E7174B1B
:106BF0002000E118FEF7A4F83222154B15481A6060
:106C00004B46186000F022FB23E700F095FBE35DA4
:106C10009B0700D512E701212000FFF789FB012126
:106C20002000FFF717FB852202211201A35C0B4312
:106C3000A35403E7FC1D0020710800006C0800004D
:106C4000930800007208000073080000A409000007
:106C5000001E00204D640110002910D10C4BC058BB
:106C60000F231840012809D002280DD0032808D08E
:106C70000438434258410223404298437047002061
:106C8000FCE702204042F9E701204042F6E7C04617
:106C90005C080000F0B5D6464F4646468525040000
:106CA000C0B52D0184B09A468846914600F03AFB63
:106CB000635DDB0751D52B4E002137682000002F84
:106CC00021D0FDF72BFF0F9B4A4603930E9B4146B5
:106CD00002930D9B200001930C9B00935346FEF7FB
:106CE00047FD051E08D000F027FB280004B0E0BCDB
:106CF000BA46B146A846F0BD0D9B002B29D11A4BD0
:106D00001A4AE250EFE7FFF713FB01212000FFF7DB
:106D10000FFB6755D02580272D063F041420AF6157
:106D200000F042FB32206F6100F03EFB00212000AA
:106D3000FEF740F8051ED6D10D4B2000E118FDF7F7
:106D4000FFFF32220B4B0C481A60306000F07EFAD5
:106D5000B9E70122044BE250C5E7042500F0ECFA44
:106D60006D42C2E7FC1D00205C0800000108000025
:106D7000A4090000001E00204D640110F0B5DE469D
:106D800057464E464546E0B51600DC22924685B091
:106D90004B0001935B18DB00C518AA4452461268E9
:106DA0000E9C93462A00CC32126800921B4AAB1804
:106DB000802292021A60002C1ED08023DB049946A8
:106DC000012398463300D8352E0055469A46144F75
:106DD000029003912000ECF783F94A4643011343E4
:106DE0002B6053464246C34013403B433360631E0F
:106DF0001C40EFD102980399019B5B18DB00C3187C
:106E00001A005946DC321160009ACC331A6005B082
:106E1000F0BCBB46B246A946A046F0BDCC3000004F
:106E200080E00000F0B54E46DE4657464546E0B5E8
:106E300083B00C0089460CA9844608781F2A42D8E2
:106E40006100019109196446C90064182500DC3508
:106E50002E68B2462600CC363668B3461B4EA119C2
:106E60008026B6020E60411E884141421F20084024
:106E700017494018052B0CD9A0271F267F05D834A9
:106E8000510139430532053B296032402060052B12
:106E9000F6D852019B061343019A4A44D200624439
:106EA0001100DC310B601300D833186053460B60BF
:106EB0005B460020CC32136003B0F0BCBB46B24648
:106EC000A946A046F0BD05204042F5E7CC300000C1
:106ED00080E00000F0B54E464546DE465746E0B538
:106EE000022689B00592584A06939146574A0500F2
:106EF0000292574A0C0002239346B046554A00219D
:106F00009B181B05544A23609B0C9E18534A484605
:106F10009B18029A00923200EAF756FDB0427CDBE1
:106F2000801B43B29A46000677D40127EAF70EFD8C
:106F3000052329795A468F400490EB5620689C46D9
:106F4000474BC3181B0D9B00D6587A1E0392202274
:106F5000571A6246002A3ADB674552DB6746039AB6
:106F6000BA4016424DD1AA79002A4AD12A68039F15
:106F70000792624697403A003240374241D13C0086
:106F8000B04680260700B601081E6146A4460FD011
:106F90009946030007985400055BB54200D26D186E
:106FA0008C181234A4000132E5519342F3D84B46B9
:106FB0006046424602435846C2505246059B0498DA
:106FC0001A60069B1960EAF7CDFC01202FE020290A
:106FD00017DC3A0007908C462000039F1C0001E05C
:106FE000013A2BD33B00934011001E42F8D1624678
:106FF0008C461100AA792300039704000798002A01
:10700000B4D00498EAF7AEFC2168154B4846C9187D
:10701000090D89005144EAF71BFD42460123012A6C
:1070200002D00122904669E700230020236009B0C6
:10703000F0BCBB46B246A946A046F0BD0400049889
:10704000EAF790FCE0E7C046C41D00209CB40110A4
:107050001418002001050000F8EBFFFFFBEBFFFF19
:107060000000E0AF70B50125160002790C009540D4
:10707000013D9D40EAF76AFC074B084AE418240DDD
:10708000A400A358AB43A350EAF76CFCA119044831
:10709000EAF7DEFC70BDC0460000E0AF1418002027
:1070A000C41D002010B501000148EAF7D1FC10BD55
:1070B0004C89002000B5054B83B0010000930022ED
:1070C0000B230348EAF780FC03B000BDC0B40110F5
:1070D0004C890020104B8201D3181968C3024B4021
:1070E0000E4910B50B400E49A02451180B60012326
:1070F0008340180080210B4BE40518600A4B4904BB
:1071000018600A4BE0500A4BD21813680B42FCD1AE
:107110008023DB00E05010BD10000050017800001B
:107120001010005004340050143400504404000087
:107130000C00005010B5036801495B6A984710BD08
:107140002C120020802010B5402207494004EAF7A5
:107150007FFB012202211820EAF7F8FA0D20012115
:10716000EAF7E4FC002010BD8D71011010B500227B
:1071700002211820EAF7EAFA802003494004EAF7DE
:1071800087FB002010BDC0468D710110D0231B0667
:107190001B6810B55A4253412F225B429343094A60
:1071A0009B18DB6A9B0700D410BD00220221182027
:1071B000EAF7CCFA044B0549186803685B6A9847FC
:1071C000F2E7C04630410140F81D00202C1200209B
:1071D000154B70B51B680500002B0ED0134C2268B0
:1071E000002A01D0013A226098472368002B05D17C
:1071F0002B6828000E499B69984770BDEBF736FC59
:1072000000230C4A0A4C8018594102000B1E02DA76
:107210000122094B5242E3602B68210028005B6980
:10722000A2609847E9E7C046FC1D0020001E002030
:107230004012002050C30000FFFFFF7F10B5012265
:1072400002211820EAF782FA10BDC046034B10B5A0
:107250001868034903685B6A984710BDF81D002051
:107260002C12002010B504000848FFF74FF9084B16
:1072700000221C602368200006491B699847236888
:1072800020000549DB699847012010BD041E00203D
:10729000F81D0020457101102C12002070B50D4D15
:1072A00004002B68002B13D003680B499B69984797
:1072B00023680A491B6A20009847236800221B693B
:1072C0000749200098470748FFF756F900232B602D
:1072D00070BDC046F81D0020401200202C12002076
:1072E0006D710110041E002010B582B068460C00BC
:1072F000EEF7B2FB6B460622991C2000ECF7F6FA7B
:1073000001222378934302221343237002B010BD5D
:1073100010B5080006220249ECF7E8FA10BDC04695
:10732000A8270020034B10B5186803685B689847CE
:1073300010BDC046F81D0020034B10B51868036847
:107340009B68984710BDC046F81D002070B5EFF34C
:107350000583134A040000251668002B10D1EBF7B3
:1073600085FB02000B0012196B41002B04DB316816
:107370003000096B884770BD01220A4B5242F6E784
:10738000EBF774FB02000B0012196B41002B02DAC1
:107390000122044B524231683000C96A8847EAE74B
:1073A000F81D0020FFFFFF7FF8B50E4B07001C689B
:1073B000EBF75CFBFA2205000E0000239200380078
:1073C0000021ECF735FA2A00330012184B41002B4C
:1073D00002DA0122044B524221682000C96A884720
:1073E000F8BDC046F81D0020FFFFFF7F70B5050007
:1073F000084B1C68EBF73AFB2A00002312184B419C
:10740000002B02DA0122044B524221682000C96A93
:10741000884770BDF81D0020FFFFFF7F10B530309A
:1074200002F08EF810BDC0460022452310B50C00B6
:10743000CA54013BC85CEAF797FB2000383002F0E1
:1074400047F80020002110BD012310B504000B7285
:107450004333C05CEAF788FB2000383002F038F88C
:1074600010BDC046F0B5304BD6464F4646461A686A
:107470005B6804009A462D4B904645259946C0B559
:1074800084B02000F0F7A2FC06000F00EBF7EEFA44
:1074900032003B00121A8B41002B29DD46452DD0CE
:1074A000635D002B08D0A26AE36A30003900801ABD
:1074B0009941002927DC33D0236C002B03DD216C9C
:1074C000206AEBF723F90123A662E76263550023E4
:1074D000206A02934B463200009301943B00EBF785
:1074E00051F82064236C002B0DDC00236355C8E7A2
:1074F000002BC6D1002AC4D04645D1D15745CFD1A3
:10750000236C002B05DC04B0E0BCBA46B146A846AB
:10751000F0BD216C206AEBF7F9F800232364F2E751
:107520000028C9D0EFE7C04618B80110297401102F
:10753000F8B5040016003034050020000F0001F0FB
:10754000FFFF3000B84763790600012B04D020000C
:1075500002F02EF83000F8BD2800FFF783FFF6E7B1
:1075600070B544250400405D002814D1236C002B25
:1075700003DD216C206AEBF7C9F8250030352800BF
:1075800001F0DEFF280002F013F84822002120005D
:10759000ECF7A6F970BD0021EAF7C8FA0449605D6E
:1075A000EAF70AFC605DEAF759FD00236355DDE761
:1075B000B575011070B5EFF305830D4A2A3B9B00AA
:1075C0009C58002C0FD030239C46A44465460021D3
:1075D000280001F0A5FF002805D06B79012B03D00E
:1075E000280001F0E5FF70BD2000FFF73BFFF7E743
:1075F000841C002010B5383001F0EAFF10BDC046F1
:1076000010B5EFF305811000002903D01900EBF746
:1076100037FA10BD1900EBF7B5F8FAE710B53030BE
:107620004379002B08D0D02300221B069A5604234E
:10763000C3569A4200D110BD0148EAF76FF9C0461F
:10764000E0B4011010B5040030346379012B03D08D
:10765000200001F0ADFF10BDFFF704FFF8E7C046C2
:1076600070B504000E0005003034200001F068FF02
:1076700031002800F0F798FB63790600012B04D055
:10768000200001F095FF300070BD2800FFF7EAFEF2
:10769000F6E7C04670B504000E0005003034200047
:1076A00001F04EFF31002800F0F76CFB6379060013
:1076B000012B04D0200001F07BFF300070BD2800BA
:1076C000FFF7D0FEF6E7C04670B504000E000500D7
:1076D0003034200001F034FF31002800F0F740FB87
:1076E00063790600012B04D0200001F061FF300017
:1076F00070BD2800FFF7B6FEF6E7C04670B504007F
:107700000E0005003034200001F01AFF310028007F
:10771000F0F712FB63790600012B04D0200001F082
:1077200047FF300070BD2800FFF79CFEF6E7C0461B
:10773000FF230370002343607047C04670B5040008
:107740000D00442200210430ECF7CAF81B4B2360E3
:1077500003232383D0231B061B68A37668680028B5
:1077600028D020622000012201213830EAF794FC61
:1077700020003030EAF7DEFC00202E78EAF778FCB3
:1077800003000020002B14DB190044250C4A1A3991
:107790008900FF308C50184063550A49EAF7FCF91C
:1077A0000121605DEAF7C2F9605D3100EAF7E8FBAC
:1077B000012070BDEAF7E2FED3E7C0465C35051054
:1077C000841C0020B575011070B504000E0000285F
:1077D00032D0C068002811D00021F2F735FF002117
:1077E000E068F2F74DFFE0680021F2F73BFFE06848
:1077F000F3F754FB00281BD10023E360A369002B9F
:1078000004D01A001B681260002BFAD10025210059
:107810000B48A561F6F776FFA37A002B07D06369C2
:10782000A572002B03D0320020002169984770BD5B
:10783000E068F3F783F8DFE70248EAF76FF8C0463D
:107840004978011000B5011070B5041E00D193E015
:10785000837A022B02D0032B0ED070BD0388013334
:107860009BB29A000380D318632B68DC2200444942
:107870004448F6F715FFF0E705268569002D11D07D
:10788000EB899E4271D3F61A2B68F6B2A3616B683E
:10789000002B4FD00321A868494298472D60A56965
:1078A000002EEBD16288002AE0D0A38801339BB27E
:1078B0009900A380C91853089B18994244DC238877
:1078C00001339BB299002380CB189A42CEDC012071
:1078D000B62380255B00E118E25A4B886D02D31A6B
:1078E000AB4202D38025AD005B19FF251B041B0CA6
:1078F0006D00AB421AD83F3D8B18FF3D1D71531CE4
:10790000AC359BB263539435AB4231D2CB180021D6
:10791000023219711C4B92B2D318591E8B415B4233
:107920001A40B6235B00E25200232380002800D1D6
:1079300093E79BE72D60A569002E9FD1B2E7022156
:10794000FF31FFF741FF88E702212000FF31FFF7F9
:107950003BFF2388002001339BB29A002380D31879
:107960006288934200DA78E7B2E79B1BEB8199E7E4
:10797000002301220B71D4E70448E9F7CFFFC0468A
:10798000497801108813000000FEFFFF1CB50110AC
:107990008022F8B50E000388418805005B1A520268
:1079A000934202D3802292009B1864228024B75A0B
:1079B000A4001A04120C641AA24244DA9CB2002FEA
:1079C00040D0002C3ED004316918BC4233D29BB267
:1079D00027009C422FD2032322003000F5F74AF9FA
:1079E00000282FD18022920094424DD26B88E31858
:1079F0009BB2934202D3264A9B189BB264228021F9
:107A00006B80B75A2A884902D21A8A4202D380214F
:107A10008900521880241004191D000CA40089B29A
:107A20008446E41A6918A04200DDA446BC451EDC69
:107A3000A04224DA97B201233A003000F5F71AF990
:107A4000002802D0F8BDA4B2B9E780239B009F4272
:107A50001AD280226B889200FB189BB2934201D30A
:107A60000B4A9B1830006B80F6F74CF9EAE70123CC
:107A70003A003000F5F7FEF80028E3D1E9E7802767
:107A8000BF00FF1ABFB2D6E70248E9F747FFC0467A
:107A900000FEFFFF40B5011070B5837A0500032B8F
:107AA00001D0002070BD0023AC69002603808380D4
:107AB000002C1ED0002103E02100002B19D01C0057
:107AC000A2892368002AF7D1002919D00B60236806
:107AD000002B03D0DA89E1895218DA8163682660C5
:107AE000002B02D00021A06898472460AC69002CCC
:107AF000E0D128006D30E968FF30FFF749FFD0E79B
:107B0000AB61E4E7F0B5C64604001E00B62380254D
:107B100000B56D345B00FF349446C35A62886D0231
:107B20009A1AAA4202D38025AD005219FE251204EA
:107B3000120C6D00AA4224D8760009013143E218E4
:107B40001171614605000E0A80215A1C6D3592B2F2
:107B5000FF3589008A4217D20227AA1817719A1C8A
:107B600092B28A4217D163465ABAB8235B00C25216
:107B70006F3BFF3BB62252008352C1682000FFF7E3
:107B800007FF80BCB846F0BD02232B7163466E71BF
:107B9000AB710323EEE7DF1CAA18BFB216718F4248
:107BA00003D163462B710123E4E762460433ED19E8
:107BB0009BB22A718B42DDD10023DBE7F0B545464D
:107BC000DE4657464E46E0B51400826E05009846E4
:107BD00083B0914200D91AE18023081926005B0086
:107BE00098421FDC943BEB5C9C461B09022B1CD08B
:107BF0000D2B1DD0032B34D0012C13D90C9A1178E6
:107C0000527812020A430DD00121A920994052BA9C
:107C1000000192B2014200D0B1E0062B00D1A8E0F1
:107C2000052B50D08020400003E0AB7A022B07D018
:107C3000002003B0F0BCBB46B246A946A046F0BD4A
:107C4000012CEFD90C9B58780028F2D10323AB729A
:107C50006B692880002BEBD0002228002969984707
:107C6000E6E767467F101F40824232D0002C21D1C8
:107C70004346002BDCD100232E6EA1469A46002EEF
:107C80000CD042464946534253410C9AE86D89183C
:107C9000DBB25246B0474346002BC9D1002FC7D0B4
:107CA000791E4B1E9941280000232A890431FFF7D1
:107CB00029FFBDE70023A2469946B442B2D32E6EF7
:107CC000002EDED1E7E706212800043BFFF71AFF6C
:107CD000AEE70323002F00D101239BB2A342A1D220
:107CE0003800431E98410C9B40001A785B781B02B9
:107CF00013435BBA821C9BB2A21A934292DCFE220F
:107D0000521A121A934200D98CE780225200521A5A
:107D1000991C89B28946002F57D002318A4200D27D
:107D200080E78C4200D27DE74A460C990C98895C2A
:107D30001218527809025218191D89B289460C99F5
:107D40002A810231CE18CB5C9B46002333704B4610
:107D5000E31A9AB26B6E9246002B02D0E86D424451
:107D600098475B4633705346002B47D04E46F61873
:107D7000A3E7002307212800FFF7C4FE58E7AE69F8
:107D8000002E00D154E7002005E0316830000029C2
:107D900000D14DE70E00B1899142F6D1326800283A
:107DA0002AD002603268002A03D0D189F0890918EC
:107DB000D18100223260092B0DD07368002B02D0D4
:107DC0000021B0689847366032E701318A4200D21C
:107DD00028E70022B3E7022C00D123E77368002BC9
:107DE000F1D002210C9AB0689278914289410C221C
:107DF0009143984736601BE7AA61D3E74346002BBF
:107E000000D015E7A14500D90CE74C4633E70148FF
:107E1000E9F784FD80B50110F0B54F46D6464646D9
:107E2000C0B5050017001C0082B0002800D1B6E0E4
:107E3000C068884200D0B5E0002A00D1A9E0002B3C
:107E400000D099E01189F2F713F800223B8991469E
:107E5000002B57D00024AB6E00269C4267D22B1912
:107E60006C3318780134E4B2012C5AD97F23A11E57
:107E7000CA000340521A93401E43000651D4002EFC
:107E800000D16CE08022AB6E5200121BE31A92B25A
:107E90009E1990464B463989494533D94A46891A35
:107EA00089B2B14200D3B1B24246884500D90A1C1A
:107EB00092B29246AA6EFF2A4AD97A899146D21A7C
:107EC000924545DD92B2924629006C31424609192D
:107ED000009338005346F1F74FFDAB6E52465344C2
:107EE000AB665346F61A0090330021002800FFF7D6
:107EF00065FE8246002844D1002E2ED1AE663B8915
:107F00004B45A7D83800F1F7BBFB6B88002B01D09D
:107F10000023AB80002002B0E0BCBA46B146A846C0
:107F2000F0BD3B894B45EDD9AB6E9C4297D3012305
:107F300049464B4438009846F1F72CFEAB6E5A1C6C
:107F4000EB186C33AA66187043469BB2994689E7D2
:107F50005246D21892B29146B6E74B469BE70023B1
:107F60000022210028000096FFF728FEAE663B891C
:107F70004B45C7D90024DAE71000F1F781FB200058
:107F8000C9E73800F1F77CFB51462800FFF71CFCDD
:107F9000BBE7802128004900FFF716FCBAE7034839
:107FA000E9F7BCFC0248E9F7B9FCC046A4B50110EA
:107FB000C8B5011070B5041E1CD00023C3608369CE
:107FC000002B04D01A001B681260002BFAD1002588
:107FD00021000A48A561F6F795FBA37A002B08D08B
:107FE0006369A572002B04D0802220002169520011
:107FF000984770BD0248E9F791FCC04649780110E6
:10800000F0B50110F0B54646D6464F460400C0B55F
:1080100015000E00002A05D02800E0BCBA46B14683
:10802000A846F0BD826655493000F2F70DFB3000DE
:108030005349F2F717FB022230005249F2F72EFBA8
:10804000022322005049A3725048F6F729FBE36847
:1080500025809846B6235B009C46A4446346598815
:10806000B62380225B00E35AE2465B1A5202934237
:1080700002D3802292009B1840466422825A180440
:10808000170080229200000C521A90425FDA9AB2D6
:108090009146002FC0D048460028BDD0043151443D
:1080A000B84238D29BB20700984234D203234A46E2
:1080B0004046F4F7DFFD0028AED1802292009145C2
:1080C00058D253465B884B449BB2934202D3304A0A
:1080D0009B189BB252464146538064228A5A8021A3
:1080E0001700B6225200A25A4902D21A8A4202D37B
:1080F00080218900521880241004191D000CA4004E
:1081000089B28446E41A5144A0422CDC674521DB45
:10811000A0422ADA97B201233A004046F4F7AAFDBA
:10812000002800D078E780239B009F4222D253464C
:1081300080225B889200DB199BB2934201D3144AE0
:108140009B18524640465380F5F7DCFD64E792B237
:1081500091469EE701233A004046F4F78BFD002844
:1081600000D059E7E3E7A446D0E780229200D31A73
:108170009FB2D0E70748E9F7D1FBC046197E01104E
:10818000997A011099810110497801108813000033
:1081900000FEFFFF40B50110F8B5CE46474680B55A
:1081A000837A04000E00032B04D00020C0BCB94623
:1081B000B046F8BD6A33FF339C4684446346598811
:1081C000B62380225B00C35AE1465B1A52029342F7
:1081D00002D3802292009B186422B25A180417001E
:1081E00080229200000C521A90425FDB92B29046BD
:1081F000002FDAD040460028D7D004314944B84295
:1082000038D29BB20700984234D203234246300052
:10821000F4F730FD0028C8D180229200904556D254
:108220004B465B8843449BB2934202D3294A9B1836
:108230009BB24A4653806422B25A80211700B6226C
:108240005200A25A4902D21A8A4202D380218900DE
:10825000521880241004191D000CA40089B2844611
:10826000E41A4944A04200DDA446674521DBA04250
:1082700028DA97B201233A003000F4F7FBFC00281B
:1082800000D092E780239B009F4220D24B46802261
:108290005B889200DB199BB2934201D30D4A9B1875
:1082A0004A4630005380F5F72DFD7EE79AB290469E
:1082B0009EE701233A003000F4F7DCFC002800D0F0
:1082C00073E7E3E780229200D31A9FB2D2E7024815
:1082D000E9F724FB00FEFFFF40B50110F0B54E4664
:1082E0004546DE465746E0B587B0049310AB1B7891
:1082F0000500019311AB1B780E0002920593002834
:1083000000D185E1002900D17FE1837A002B00D1E3
:1083100078E1080001F0A8F8C04B8346984200D9E4
:108320006BE1049B821CD21800230393019B002B5A
:1083300000D02DE180235B029A4200D35DE12B0047
:10834000E9691C33994214D0E96A1033994210D07C
:10835000E96B103399420CD0E96C1033994208D084
:108360000120404207B0F0BCBB46B246A946A04639
:10837000F0BD00230B60129B92B24B60139B541C08
:108380008B60039B8B8113000134A4B2DB09FBD10A
:1083900028006D336D30FF33FF30EB5A47889A4623
:1083A000DF1B80235B029F4200D3FDE03F043B0CB8
:1083B0008027BF00FB1A9C4200DD21E15B469BB297
:1083C0009C465346C3189946019B5B001C0006233C
:1083D0001C4023003024234398460123059C1C4065
:1083E00043461C434B461C71534601339BB2BB4270
:1083F000A44123407F248946A046AA4605E00233D3
:1084000099B2D2092300002A11D09045A4414546D3
:108410006442E40115402C43C1180C715C1CA4B2E9
:10842000BC42ECD1002301210024D209EDD10A0085
:108430004946914662460419120A2271B6225546EF
:108440004C465200AC529432914500D1B0E0021932
:108450005C4602331471724A9BB29A18541EA241B0
:1084600052421340B62252009246AB526246002A54
:1084700030D00024A3460134894600223100A046B2
:1084800066468F5C0597C7183C00059F013327712E
:1084900080249BB2A400A34214D153465C46EC5204
:1084A000531C9FB2BE4200D886E0CB5C5446037199
:1084B000434602322B5393B29E4200D88BE08B5C32
:1084C00043710223B624013264002B5394B2A642B6
:1084D000D7D84946019A002A0FD0039EC218360AFF
:1084E0001671B62480265A1C92B26400B600B242BD
:1084F00078D1039B037101232B53029A002A31D0B8
:10850000049E002E2ED08027BF00B8460027B62438
:10851000BA46013789460022BC4631006400029EFB
:10852000B65C3700C61801339BB23771434511D191
:1085300053462B53531C9EB2B14212D9029E0232B3
:10854000F35C037163462B5393B2994209D9B35C30
:1085500043710223B62601327600AB5396B2B14284
:10856000DDD84946AB690024002B37D0DA891E00DC
:108570001B68121914B2002BF8D11E2C4BDC1E23E1
:108580009B1ACB813160E968FFF702FA0020E9E627
:10859000EB8802320133191C9BB2002B00D1012160
:1085A0008BB20393E980C5E680239B00FF18FDE6AC
:1085B0005B460371012355E7019B4946002B1AD006
:1085C000039B5ABAB8235B00EA526F3BFF3BB622CB
:1085D0005200AB5291E7494601237BE71E23CB8132
:1085E000A961D0E7039F023382189BB21771B3428F
:1085F000EDD100232B5300237FE710204042B1E64A
:108600000960ADE60B204042ACE60648E9F786F982
:108610000548E9F783F90548E9F780F9FDFF00000F
:1086200000FEFFFF30B6011010B601104CB601106D
:10863000DC2110B501208900F0F71AFC10BDC046FE
:10864000F0B54E46DE4645465746E0B587B00400D5
:108650000E0093469946119D002800D1AEE30029F3
:1086600000D1AEE3002D01D100F02BFC2B68002BD4
:1086700001D100F023FC837A9846002B00D06FE3F1
:10868000426E036E9246DC2200219200C76D009379
:10869000EBF726F9009B52462366109B6266236126
:1086A0004B46E7656361AB892869638023001C330F
:1086B000E3611033E3621033E3631033E3640028B3
:1086C00000D1ACE16B699946002B00D18AE11823F7
:1086D0006A7ED2001340AA7E002A00D0A4E10422C0
:1086E0001343984600F0C0FE431E0700FE2B00D93E
:1086F000F2E12B7E0093002B07D1484600F0B4FE38
:10870000FF2800D9E8E1C3B20093FBB20293009BBB
:108710000E37FF18BFB26868002800D169E100F089
:10872000A3FEC34B421E9A4200D9D5E10237BFB225
:108730003F1802339F4200DBCEE1802342465B427A
:108740001A4383B2A86890460393BFB2002800D1B1
:1087500055E100F089FEB64B421E9A4200D9BBE1BA
:1087600002373F1802339F4200DBB5E14023424607
:108770001A43904683B20193BFB2286800F074FE9A
:10878000802382465B02984200D3A5E102373F185E
:108790009F4200DBA0E1BFB23A007B1C01339BB2D9
:1087A000D209FBD180229200934200D9BFE200207F
:1087B000F2F7AEF9E060002800D1B8E22100F1F74D
:1087C0003FFF00229B49E068F1F7A8FA81460028A4
:1087D00000D017E15A463100974BE068F1F794FB5F
:1087E0008146002800D00DE1022342461A43534639
:1087F00092499BB2E06893460493F1F741FF01234D
:10880000A3726C33FF33E15A230010206D33FF3322
:108810005A1810718022013189B29200914292411E
:1088200011407F22944605E0023188B2FF09110011
:10883000002F13D0BC45924166465242D2013E40C1
:1088400058183243027180204A1C92B28000824242
:10885000EAD1002101200022FF09EBD19A181771FB
:1088600080229200904200D1ECE004261818067194
:10887000881C80B2904200D00DE303207049903AEA
:10888000A1521D3AFF3A9A7154211A18117180228F
:10889000B626411C920089B294467600914200D0DF
:1088A0009EE2FD3AFF3A1A715A465A710222A253C9
:1088B000AE89320A9A7103220592013A0599023271
:1088C00058180671802092B28000824200D29CE249
:1088D000B62200215200A152524651BAB82252008B
:1088E0002E68A1526F3AFF3AB62149008A46625279
:1088F0000499002930D000200021844611952500DC
:108900001C00049B0597775C3800A71838718020FD
:10891000013292B28000824213D1624650462A52FE
:108920004A1C97B2BB4200D8C3E0B25C023122714C
:1089300001222A528AB2934200D8C7E0725C627167
:108940000222B62701317F00EA538FB2BB42DAD848
:108950002300059F2C00119D4146490700D514E1D5
:108960005946090600D5BEE1414649064FD5019E4C
:108970009918300AAD6808718020511C89B28000B6
:10898000814200D0ACE001271E71B620019A400060
:108990002752002A3BD0002100228C46AE5CD91918
:1089A0000E7180210137BFB289008F4211D161461B
:1089B000019F2152511C8EB2B74228D9695C023204
:1089C00019710121215291B28F4220D90227A95C4D
:1089D0005971B62101324900019E675291B28E420F
:1089E000DCD814E068680A2700930293002800D0BE
:1089F00095E60023A8680393002800D0A9E6002389
:108A00000193BAE6E068F1F799FF0023E360484676
:108A100007B0F0BCBB46B246A946A046F0BD002355
:108A20000A270093029376E62422134359E6C046B0
:108A3000FEFF0000D4BF011005800110B57F0110BA
:108A40004D510000B822E0495200A152DF490232E4
:108A5000A152DF490232A15205216F3AFF3A059235
:108A60005E46059AB6209A18167180268A1C92B224
:108A70004000B600B24200D0F0E10022B8212252FC
:108A8000AA89490052BA625202222252049A2E68DE
:108A9000120A9A7103220592013A05990232581876
:108AA00051460171802192B289008A4289410A406F
:108AB0001AE742462300059F2C00119D520700D55E
:108AC000A4E05A46120614D400224DE723000122E6
:108AD0002C00059F119D3FE706235B42994696E7D0
:108AE0000232591892B20E71824200D14DE717003E
:108AF0004BE76A6803989346020A1A710121002223
:108B0000591808710232B34992B25118481E814176
:108B100049420A40B621039E49008A466252002E0D
:108B200000D121E7002000971195002125008446FF
:108B30001C005F4633007E5C3000A6183071802038
:108B4000013292B28000824213D1624650462A52CC
:108B50004A1C96B2B34200D8EDE0BA5C02312271F1
:108B600001222A528AB2934200D8F3E07A5C627101
:108B70000222B62601317600AA538EB2B342DAD869
:108B80002300009F2C00119DEEE600262969B246C5
:108B90008C4699180E718026511C89B20298B60035
:108BA000B14200D0F7E0B6210122490018716252AB
:108BB0006C39FF39002800D1E3E0B62604971195FF
:108BC0006746250000229C46029C760011E00023A7
:108BD0000132AB5393B2A34200D39DE06146BB5C2C
:108BE0000B71002301219A46013293B2A953A3428B
:108BF00070D26046BB5C401803718023481C80B271
:108C00009B009842E3D08A460100EDE72A690221E1
:108C1000944600221A71029A5A710022B62040002E
:108C2000215202980028C8D1033292B29246002203
:108C300058186E69027180208000824500D093E050
:108C4000009A1A710122B62149008A46625200999F
:108C5000002900D184E600201195002184463500CA
:108C600002971F00009B6E5C3000BE1830718020A0
:108C7000013292B28000824211D1624650462252A5
:108C80004A1C96B2B34215D9AA5C02313A7101224C
:108C900022528AB293423AD96A5C7A710222B6268B
:108CA00001317600A2538EB2B342DCD83B00119D55
:108CB000029F55E65A463B00119D029F120600D4C2
:108CC00002E7B8216A6849009346039A52BA625291
:108CD00002221FE75246023292B22C0063469246AD
:108CE000049F119DA3E76968039E8B46300A99187B
:108CF0000871B620511C400089B2215230008026F4
:108D0000B600B14200D0FBE60122187102E73B0039
:108D10000122119D029F23E6634600222C00119D33
:108D2000049F6E691A71009A5A7102228BE701231F
:108D30005B4299466BE6424623002C00119D520689
:108D400000D464E6B821019A490052BAAD680227FE
:108D500062521AE6230001222C00009F119D03E6B7
:108D60000A235B42994652E6524600989A1802310D
:108D700010718AB217495118481E814149420A4070
:108D800061E76E6901325871013000999A181171CA
:108D9000821C92B257E759180871911C89B2B142EE
:108DA00000D03BE7B62251465200A152002800D025
:108DB00003E700226E691A710122E6E70648E8F728
:108DC000ADFD0648E8F7AAFD044D0000515400002F
:108DD0005404000000FEFFFF84B60110A8B6011085
:108DE000821C92B20592042258180271059A6245BB
:108DF00000D035E65A461A710122A253AA89110AF7
:108E0000597102219A71032205910599023188B2A4
:108E1000B6214900625204990590090A0800991880
:108E20002E680871802105988900884200D234E6B6
:108E300052461A71012257E51E1851203071081D43
:108E400080B2904240D1B82228495200A1526D3AD6
:108E5000FF3A9A715A460221DA710422B620033190
:108E6000400089B205912252AE898446310A981891
:108E70000171802005998000814200D01EE5012209
:108E800061461E716252049A2E68120A5A71524645
:108E90009A71032228E51E184D203071C81C80B23B
:108EA0009042C9D1B82212495200A152114902324E
:108EB000A1525A4603211A720522CFE70E48E8F75D
:108EC0002DFD0E48E8F72AFD5426181805310671C5
:108ED00088B2904200D0D7E4B82206495200A1528D
:108EE0005A4601219A710322B8E7C0465454000043
:108EF0005154000054040000FCB60110D0B601101B
:108F000001230121084A1360084A1360084A080037
:108F100013689843FBD1074A116080214900136808
:108F20000B42FCD07047C04600E0004000F000401B
:108F300008C0004000C00440F0B54E464546DE463D
:108F400057468446E0B585B098460EAB91461A78F0
:108F50006346080019680023CB6601334860CB667E
:108F600043460392002B4EDD01275E1E634680249C
:108F700057401A79A24680254C46920200201023C1
:108F80009146AD000194841B62426241019C3A40CB
:108F9000245C520222434C462243019C0A614A6BE4
:108FA0001342FCD052468A5801949146002A10D1AF
:108FB000B04223D00022013091468045E3D1634680
:108FC000039A1A7105B0F0BCBB46B246A946A0464A
:108FD000F0BD4A6D012293464A6B2A42FCD00A6ECC
:108FE0005A460194002AE5D04C46002C03D00923B0
:108FF0002340082BE3D001204042E0E7039A002AF7
:10900000D8D19346E8E70020D9E7C046F0B5D64668
:109010004F4646468246C0B505200C00E9F726FEBD
:109020000500600821004019EAF788F847003F185A
:10903000060005213800EAF781F8A0461C4B321AD9
:10904000040068009146401998452BD81949EAF761
:1090500075F80130534600221B68DA66196804323D
:10906000514002320A408021490159180A604A469B
:10907000DA6101221C624F2F00D92209A0215A5027
:10908000DA6F310050400C4A00049A18000C10604E
:1090900001222800DA66EAF751F8E0BCBA46B14688
:1090A000A846F0BD0549EAF749F80130D2E7C046C5
:1090B0003F420F00809698007C10000040787D01B0
:1090C0000F4A70B5821A531E9A410E4BD2000832D5
:1090D0001A600D4B0D4C1A60150023689D432B1E22
:1090E000FAD166240268FF340571D5661460633CCA
:1090F0008833FF3CD5639563D450FFF787FF70BD7D
:109100006012002000E0004000F0004008C0004075
:1091100010B582B06C46247C0094FFF70DFF02B0BE
:1091200010BDC046092010B5E9F7A0FD8022074B0D
:1091300012021A60064B07491A6014000B689C4320
:10914000FBD1054B0138186010BDC04600E000405F
:1091500000F0004008C0004000C005400300F0B52A
:109160000022805EC6468022198800B552019142D5
:1091700044D202241C57621ED2B20B2A3ED80322CC
:109180009A569446013AD2B21E2A37D804229A56E9
:1091900015001A79062A31D805229A5616005A79EE
:1091A000172A2BD806229A5617009A793B2A25D8D7
:1091B00007229A56DB7990463B2B1FD800230221C9
:1091C000104AD360D3681942FCD1634600032402DD
:1091D0002043184331042B060B4341460B4339020D
:1091E0000B43506093601023D3600F3BD360022287
:1091F0000449CB681A42FCD0012000E0002080BC6A
:10920000B846F0BD00C00540114B10B5DA689207B2
:109210001CD5D9699B690A0C9C464B015B0F0371F5
:109220001F231A4042713F220C0A14400A40C271A7
:1092300062461202120D028062461205120F8270FF
:10924000624613408471C370012010BD0020FCE70A
:1092500000C0054030B50400032A18D90B000343B1
:109260009B070BD00023013A02E09A4211D0013350
:10927000E05CCD5CA842F8D0401B0BE020680B6896
:109280009842EFD1043A04340431032AF6D8002A74
:10929000E8D1002030BDC046F0B5C6460D0016002E
:1092A00000B5884212D9891881420FD98418032A3F
:1092B00056D8731E002E06D0DA438918A418CA5C4B
:1092C000E254013BFBD280BCB846F0BD032E0BD864
:1092D0000400711E002EF6D000230131EA5CE25436
:1092E00001339942FAD1EEE703242A002100024318
:1092F00003001140144230D10F2E4BD91027BC4629
:109300002A003409013C2401A0460419A44414682D
:109310001C6054685C6094689C60D4681032DC60A7
:1093200010336345F3D10F221C000C23103532405B
:10933000334045441600002BCBD06B5863500431AA
:10934000531A032BF9D8032616409208013A9200CB
:1093500004350434AD18A418BBE70400711EBBE744
:1093600023000B439B0701D0531EA5E72B1F9C46F0
:109370001300051F6246D258EA50043B032BF9D86C
:109380000322B308013B9B00C91AE41A16400439B2
:10939000043C8EE732000400CFE7C04610B5002A37
:1093A0002AD003000B439B0715D1032A13D9144B72
:1093B0009C460CE0043A002A1ED0124C1C199C4317
:1093C00063461C4218D104300431032A03D90368D0
:1093D0000C68A342EED003780C78013A8218A342BD
:1093E00008D00BE0002B07D043784C7801300131D6
:1093F000A34203D19042F5D1002010BD181BFCE719
:1094000080808080FFFEFEFE70B50C0001430300EB
:10941000890718D1032A16D911498C466646256852
:1094200010496918A94331420DD1043A043420C3CC
:10943000032AF3D8002A08D02578013A1D70013498
:109440000133002D02D0002AF6D170BD0021D418BE
:10945000002AFAD0197001339C42FBD1F5E7C046CF
:1094600080808080FFFEFEFE030084469B070BD0B9
:109470000300032102E001330B4206D01A78002AD0
:10948000F9D16246981A7047030019680C4A0D48D2
:109490008A188A4302420FD15968094A04338A184C
:1094A0008A43024208D15968054A04338A188A431C
:1094B0000242F1D000E001331A78002AFBD1E0E744
:1094C000FFFEFEFE80808080F8B5C04600000000F0
:1094D00001B40248844601BC604700BF3901002046
:1094E00001B40248844601BC604700BFA5040020C7
:1094F00001B40248844601BC604700BF85030020D8
:1095000001B40248844601BC604700BF810D0020C1
:1095100001B40248844601BC604700BFB51000207A
:1095200001B40248844601BC604700BFA902002084
:1095300001B40248844601BC604700BFB51000205A
:1095400001B40248844601BC604700BF810100208D
:1095500001B40248844601BC604700BFD10100202D
:1095600001B40248844601BC604700BFF9020020F4
:1095700001B40248844601BC604700BFA90D002029
:1095800001B40248844601BC604700BFC905002001
:1095900001B40248844601BC604700BF11020020AC
:1095A00001B40248844601BC604700BF350E00206C
:1095B00001B40248844601BC604700BFAD030020EF
:1095C00001B40248844601BC604700BFE50D00209D
:1095D00001B40248844601BC604700BFE10000209E
:1095E000BD2E0010E92E0010D1300010D13800102F
:1095F0006537001071380010F92F0010052F00108A
:10960000252F0010392F0010C9200010412F001005
:10961000A5240010852E0010E51A0010495A0010EC
:04962000B102001083
:10962800E907010103073B324C6F73617274616E85
:10963800612035306D6700004D6574666F726D6925
:109648006E61203530306D670000000041415320C5
:109658003130306D670000004D454449424F580095
:10966800494E494349414E444F00000050524F581B
:10967800494D4F004D45444943414D454E544F00D7
:10968800253032643A25303264000000484F524198
:1096980020444F2052454D4544494F004120205415
:1096A8004F4D4549000000004220204144494152A5
:1096B80000000000484953544F5249434F000000EE
:1096C80030383A303020544F4D41444F00000000AC
:1096D80031323A30302041444941444F00000000C3
:1096E80031393A3330204E414F20544F4D0000005D
:1096F800436F6E65637461646F0000004465736353
:109708006F6E65637461646F000000005B4D5154B7
:10971800545D2025730A00005B4D5154545D20466A
:10972800616C686120616F207075626C6963617239
:109738003A2025640A0000005B576946695D2046A7
:10974800616C686120616F20696E696369616C6929
:109758007A6172005355415F52454445000000004C
:109768005B576946695D20436F6E656374616E641B
:109778006F20612025732E2E2E0A00005355415F5D
:1097880053454E48410000005B576946695D2046D5
:10979800616C68613A2025640A0000005B576946DD
:1097A800695D20436F6E65637461646F210000001A
:1097B8006D656469626F785F7270323034300000B2
:1097C80062726F6B65722E686976656D712E636F54
:1097D8006D00000070656E64656E746500000000C1
:1097E8005B4D5154545D2053656D20636F6E6578F1
:1097F800C3A36F2C206576656E746F2064657363F0
:1098080061727461646F00007B226D6564223A2284
:109818002573222C22686F7261223A222530326425
:109828003A25303264222C22737461747573223A9B
:10983800222573227D0000006D656469626F782FB0
:109848006576656E746F73005B4D5154545D20509E
:1098580075626C696361646F3A2025730A000000C1
:1098680061646961646F00006E616F5F746F6D6140
:10987800646F00000A2A2A2A2050414E4943202AB0
:109888002A2A0A004E6F207370696E6C6F636B73BF
:109898002061726520617661696C61626C650000A7
:1098A8004E6F20757365722049525173206172653D
:1098B80020617661696C61626C6500004861726460
:1098C8007761726520616C61726D20256420616C1E
:1098D800726561647920636C61696D65640000007C
:1098E8004861726420617373657274006D69737383
:1098F800696E6720646F75626C652066756E637447
:10990800696F6E0052656C6561736500626F6F7494
:10991800325F77323571303830000000322E322E07
:10992800300000007069636F5F7700006D656469DF
:10993800626F780041707220313220323032360046
:10994800666E692B00000000666E69006E616E002D
:10995800666E692D000000005553422073746469D7
:109968006E202F207374646F7574000052617370D9
:109978006265727279205069000000005069636F57
:1099880000000000426F61726420434443000000FD
:109998005265736574000000556E68616E646C658D
:1099A800642049525120307825780A0065702025B6
:1099B8003032582077617320616C72656164792058
:1099C800617661696C61626C6500000043616E27B5
:1099D8007420636F6E74696E756520786665722091
:1099E8006F6E20696E6163746976652065702025E5
:1099F80030325800646E7320736572766572206F1A
:109A08007574206F6620617272617900756E6B6E75
:109A18006F776E20646E735F7461626C6520656E2B
:109A28007472792073746174653A00006D656D5FB6
:109A3800667265653A20696C6C6567616C206D6556
:109A48006D6F7279000000006D656D5F6672656507
:109A58003A20696C6C6567616C206D656D6F727911
:109A68003A20646F75626C65206672656500000057
:109A78006D656D5F667265653A20696C6C656761D6
:109A88006C206D656D6F72793A206E6F6E2D6C6902
:109A98006E6B65643A20646F75626C6520667265EA
:109AA80065000000706C75675F686F6C65733A20BD
:109AB8006D656D203C2072616D5F656E640000000D
:109AC8006D656D5F7472696D3A206C6567616C20B5
:109AD8006D656D6F727900006D656D5F7472696D8B
:109AE8002063616E206F6E6C7920736872696E6B8B
:109AF800206D656D6F727900696E76616C6964209E
:109B08006E65787420707472000000006D656D5F7A
:109B18006D616C6C6F633A20616C6C6F6361746526
:109B280064206D656D6F7279206E6F742061626F4D
:109B380076652072616D5F656E642E006E6574696E
:109B48006620616C72656164792061646465640093
:109B5800746F6F206D616E79206E65746966732C01
:109B6800206D61782E20737570706F727465642033
:109B78006E756D626572206973203235350000009C
:109B8800706275665F667265653A20702D3E726513
:109B980066203E203000000070632D3E63757374AC
:109BA8006F6D5F667265655F66756E6374696F6E0B
:109BB80020213D204E554C4C00000000696E766116
:109BC8006C696420706275662074797065000000A5
:109BD800706275665F616C6C6F633A206572726F54
:109BE8006E656F75732074797065000070627566B4
:109BF8005F7265616C6C6F633A207020213D204E66
:109C0800554C4C00706275665F7265616C6C6F6371
:109C18003A207120213D204E554C4C006D656D5FFA
:109C28007472696D2072657475726E656420722035
:109C38003D3D204E554C4C006D656D5F7472696DED
:109C48002072657475726E6564207220213D2071E2
:109C5800000000007020213D204E554C4C000000B3
:109C68007062756620726566206F766572666C6FC5
:109C7800770000004372656174696E6720616E2029
:109C8800696E66696E697465206C6F6F700000009C
:109C9800702D3E746F745F6C656E203D3D20702D95
:109CA8003E6C656E20286F66206C6173742070624C
:109CB800756620696E20636861696E29000000007E
:109CC8006F66667365745F746F203C3D20705F74C7
:109CD8006F2D3E6C656E00006F66667365745F6617
:109CE800726F6D203C3D20705F66726F6D2D3E6C0B
:109CF800656E0000706275665F74616B653A206915
:109D08006E76616C696420706275660064696420AF
:109D18006E6F7420636F707920616C6C206461745D
:109D280061000000706275665F636F70792066611C
:109D3800696C65640000000070636220213D204E5C
:109D4800554C4C007463705F667265653A204C49E7
:109D58005354454E000000007463705F7570646171
:109D680074655F7263765F616E6E5F776E643A20CA
:109D7800696E76616C696420706362006E65775FF6
:109D88007263765F616E6E5F776E64203C3D203053
:109D98007866666666000000646F6E2774206361EB
:109DA8006C6C207463705F72656376656420666F9F
:109DB80072206C697374656E2D70636273000000A5
:109DC8007463705F736C6F77746D723A206163743B
:109DD800697665207063622D3E7374617465202115
:109DE8003D20434C4F534544000000007463705FAE
:109DF800736C6F77746D723A20616374697665204D
:109E08007063622D3E737461746520213D204C4956
:109E18005354454E000000007463705F736C6F7795
:109E2800746D723A20616374697665207063622D7F
:109E38003E737461746520213D2054494D452D576A
:109E4800414954007463705F736C6F7774696D7205
:109E58003A2070657273697374207469636B696EF4
:109E680067207769746820696E2D666C6967687405
:109E780020646174610000007463705F736C6F77B5
:109E880074696D723A2070657273697374207469AD
:109E9800636B696E67207769746820656D70747983
:109EA8002073656E64206275666665720000000046
:109EB8007463705F736C6F77746D723A206D696448
:109EC800646C652074637020213D207463705F6149
:109ED80063746976655F7063627300007463705FB2
:109EE800736C6F77746D723A206669727374207040
:109EF8006362203D3D207463705F616374697665B9
:109F08005F706362730000007463705F736C6F77D7
:109F1800746D723A2054494D452D5741495420706B
:109F280063622D3E7374617465203D3D2054494D34
:109F3800452D5741495400007463705F736C6F7707
:109F4800746D723A206D6964646C65207463702066
:109F5800213D207463705F74775F706362730000E3
:109F68007463705F736C6F77746D723A2066697290
:109F7800737420706362203D3D207463705F747752
:109F88005F706362730000007463705F7365675F7E
:109F9800636F70793A20696E76616C6964207365C5
:109FA80067000000696E76616C696420736F636B8B
:109FB800657420737461746520666F7220726563BE
:109FC800762063616C6C6261636B0000696E766118
:109FD8006C696420736F636B657420737461746556
:109FE80020666F722073656E742063616C6C6261A9
:109FF800636B0000696E76616C696420736F636BD4
:10A00800657420737461746520666F72206572725E
:10A018002063616C6C6261636B000000696E76613D
:10A028006C696420736F636B657420737461746505
:10A0380020666F7220706F6C6C0000007463705F34
:10A048007063625F72656D6F76653A20696E7661DE
:10A058006C696420706362007463705F7063625F30
:10A0680072656D6F76653A20696E76616C696420F9
:10A078007063626C69737400756E73656E742073B7
:10A0880065676D656E7473206C65616B696E6700DA
:10A09800756E61636B6564207365676D656E747357
:10A0A800206C65616B696E67000000006F6F7365F7
:10A0B80071207365676D656E7473206C65616B697B
:10A0C8006E670000646F6E27742063616C6C207487
:10A0D80063705F61626F72742F7463705F61626135
:10A0E8006E646F6E20666F72206C697374656E2D76
:10A0F80070636273000000007463705F636C6F7359
:10A10800655F73687574646F776E3A20696E7661FF
:10A118006C696420706362007063622D3E666C61D6
:10A12800677320262054465F5258434C4F5345448A
:10A13800000000007463705F667265655F6C697328
:10A1480074656E3A20214C495354454E0000000076
:10A158007463705F6E6578745F6973733A20696EB3
:10A1680076616C6964207063620000007463705FDC
:10A178006566665F73656E645F6D73735F6E657445
:10A1880069663A20696E76616C6964206473745FED
:10A19800697000007063622D3E736E645F7175654F
:10A1A80075656C656E203E3D20706275665F636CF8
:10A1B800656E286E6578742D3E7029007463705F33
:10A1C800726563656976653A2076616C69642071A9
:10A1D80075657565206C656E677468007463705F7B
:10A1E800726563656976653A2077726F6E6720736A
:10A1F8007461746500000000696E7365672E7020D5
:10A20800213D204E554C4C00696E73616E65206F80
:10A2180066667365742100007062756620746F6FDE
:10A228002073686F727421007463705F7265636570
:10A238006976653A207365676D656E74206E6F7414
:10A24800207472696D6D656420636F7272656374E2
:10A258006C7920746F207263765F776E64000000FB
:10A268007463705F726563656976653A20736567C4
:10A278006D656E74206E6F74207472696D6D65649F
:10A2880020636F72726563746C7920746F206F6FCE
:10A298007365712071756575650000007463705F82
:10A2A800726563656976653A207463706C656E20C3
:10A2B8003E207263765F776E640000007463705F9F
:10A2C800726563656976653A206F6F73657120748E
:10A2D80063706C656E203E207263765F776E6400F3
:10A2E8007463705F696E7075743A20696E76616C1C
:10A2F8006964207062756600702D3E6E6578742002
:10A30800213D204E554C4C00702D3E6C656E203D15
:10A318003D203000702D3E746F745F6C656E203D7B
:10A328003D20702D3E6E6578742D3E746F745F6CA1
:10A33800656E00007463705F696E7075743A2061B1
:10A348006374697665207063622D3E737461746509
:10A3580020213D20434C4F53454400007463705FF7
:10A36800696E7075743A20616374697665207063EC
:10A37800622D3E737461746520213D2054494D451A
:10A388002D574149540000007463705F696E707501
:10A39800743A20616374697665207063622D3E7338
:10A3A8007461746520213D204C495354454E00008A
:10A3B8007463705F696E7075743A207063622D3EC5
:10A3C8006E65787420213D2070636220286265667E
:10A3D8006F72652063616368652900007463705F4C
:10A3E800696E7075743A207063622D3E6E6578747C
:10A3F80020213D20706362202861667465722063A5
:10A4080061636865290000007463705F696E707528
:10A41800743A2054494D452D574149542070636280
:10A428002D3E7374617465203D3D2054494D452D82
:10A4380057414954000000007463705F696E70757D
:10A44800743A207063622D3E737461746520213DF7
:10A4580020434C4F534544007063622D3E736E6435
:10A468005F71756575656C656E203E203000000073
:10A478006E6F207365676D656E7420746F206672E9
:10A48800656500007063622D3E6C697374656E6566
:10A49800722D3E61636365707420213D204E554CDA
:10A4A8004C0000007063622D3E72656675736564CA
:10A4B8005F64617461203D3D204E554C4C000000A6
:10A4C8007463705F6372656174655F7365676D65FA
:10A4D8006E743A20696E76616C69642070636200FC
:10A4E800702D3E746F745F6C656E203E3D206F70FA
:10A4F800746C656E000000007463705F7772697435
:10A50800653A207062756673206F6E207175657587
:10A5180065203D3E206174206C65617374206F6E08
:10A5280065207175657565206E6F6E2D656D70742B
:10A53800790000007463705F77726974653A206E01
:10A548006F207062756673206F6E20717565756512
:10A55800203D3E20626F74682071756575657320B3
:10A56800656D7074790000006D73735F6C6F636163
:10A578006C20697320746F6F20736D616C6C0000C0
:10A58800696E636F6E73697374656E74206F766538
:10A598007273697A652076732E2073706163650023
:10A5A800696E636F6E73697374656E74206F766518
:10A5B8007273697A652076732E206C656E000000D0
:10A5C8006E65656420756E636861696E6564207088
:10A5D800627566007463705F77726974653A2052B9
:10A5E8004F4D2070627566732063616E6E6F7420C4
:10A5F8006265206F76657273697A65640000000091
:10A60800756E73656E745F6F76657273697A6520AF
:10A618006D69736D6174636820287063622D3E757F
:10A628006E73656E74206973204E554C4C2900007A
:10A63800707265765F73656720213D204E554C4CDE
:10A64800000000007463705F77726974653A206374
:10A65800616E6E6F7420636F6E636174656E617492
:10A6680065207768656E207063622D3E756E736530
:10A678006E7420697320656D707479007463705FFF
:10A6880077726974653A20657874656E73696F6E60
:10A69800206F66207265666572656E6365207265F7
:10A6A800717569726573207265666572656E63653A
:10A6B800000000007463705F77726974653A2076F1
:10A6C800616C6964207175657565206C656E677469
:10A6D800680000007463705F73706C69745F756EF6
:10A6E80073656E745F7365673A20696E76616C692D
:10A6F800642070636200000043616E2774207370E9
:10A708006C6974207365676D656E7420696E746F0B
:10A71800206C656E677468203000000073706C6987
:10A7280074203C3D206D7373000000007463705FFB
:10A7380073656E645F66696E3A20696E76616C69EE
:10A7480064207063620000007463705F656E7175E9
:10A758006575655F666C6167733A20696E76616CD2
:10A768006964207365676D656E74206C656E6774C7
:10A77800680000007463705F656E71756575655F6C
:10A78800666C6167733A20696E76616C69642071E2
:10A7980075657565206C656E677468007463705FB5
:10A7A800656E71756575655F666C6167733A206E75
:10A7B80065656420656974686572205443505F5309
:10A7C800594E206F72205443505F46494E20696E9F
:10A7D80020666C616773202870726F6772616D6D97
:10A7E80065722076696F6C617465732041504929E0
:10A7F800000000007463705F656E71756575655F54
:10A80800666C6167733A20696E76616C6964207062
:10A81800636200007463705F656E71756575655F6E
:10A82800666C6167733A20636865636B207468615E
:10A838007420666972737420706275662063616E35
:10A8480020686F6C64206F70746C656E0000000087
:10A858007463705F7265786D69745F72746F5F702E
:10A868007265706172653A20696E76616C69642000
:10A87800706362007463705F7265786D69743A2002
:10A88800696E76616C696420706362007463705FDE
:10A898007265786D69745F666173743A20696E7663
:10A8A800616C696420706362000000007463705F0B
:10A8B8007273743A20696E76616C6964206C6F6398
:10A8C800616C5F69700000007463705F7273743A42
:10A8D80020696E76616C69642072656D6F74655F5E
:10A8E80069700000636865636B2074686174206632
:10A8F8006972737420706275662063616E20686F78
:10A908006C6420737472756374207463705F686418
:10A91800720000007463705F73656E645F656D70CC
:10A9280074795F61636B3A20696E76616C69642043
:10A93800706362007463705F6F75747075743A2029
:10A94800696E76616C69642070636200646F6E275B
:10A95800742063616C6C207463705F6F75747075BC
:10A968007420666F72206C697374656E2D706362F3
:10A9780073000000525354206E6F74206578706520
:10A988006374656420686572652100006F7074697E
:10A998006F6E73206E6F742066696C6C656400005E
:10A9A8007463705F7265786D69745F72746F5F63EA
:10A9B8006F6D6D69743A20696E76616C6964207098
:10A9C800636200007463705F7265786D69745F72AA
:10A9D800746F3A20696E76616C69642070636200F6
:10A9E8007463705F6B656570616C6976653A206940
:10A9F8006E76616C69642070636200007463705FD6
:10AA08007A65726F5F77696E646F775F70726F6275
:10AA1800653A20696E76616C696420706362000033
:10AA28007379735F74696D656F75743A2074696DB5
:10AA3800656F757420213D204E554C4C2C20706F4D
:10AA48006F6C204D454D505F5359535F54494D45E8
:10AA58004F555420697320656D70747900000000AB
:10AA680054696D656F75742074696D6520746F6FB6
:10AA7800206C6F6E672C206D6178206973204C57AD
:10AA880049505F55494E5433325F4D41582F342059
:10AA98006D736563730000007564705F696E70752F
:10AAA800743A20696E76616C69642070627566001C
:10AAB8007564705F696E7075743A20696E76616C42
:10AAC8006964206E657469660000000070627566CE
:10AAD8005F72656D6F76655F686561646572206633
:10AAE80061696C6564000000636865636B20746865
:10AAF8006174206669727374207062756620636180
:10AB08006E20686F6C64207374727563742075644A
:10AB1800705F686472000000646863705F637265E8
:10AB28006174655F6D73673A20636865636B207451
:10AB38006861742066697273742070627566206338
:10AB4800616E20686F6C642073747275637420641E
:10AB58006863705F6D736700646863705F696E63D4
:10AB68005F7063625F726566636F756E7428293AF9
:10AB7800206D656D6F7279206C65616B0000000057
:10AB8800646863705F6F7074696F6E3A206F707479
:10AB9800696F6E735F6F75745F6C656E202B203202
:10ABA800202B206F7074696F6E5F6C656E203C3D62
:10ABB80020444843505F4F5054494F4E535F4C45D3
:10ABC8004E000000636865636B206465636F6465AD
:10ABD8005F69647800000000444843502073686F40
:10ABE800756C6420626520656E61626C65642061C5
:10ABF80074207468697320706F696E742C20627594
:10AC080074206974206973206E6F7421000000003D
:10AC18006E6574696620213D204E554C4C0000003D
:10AC28006468637020213D204E554C4C00000000A4
:10AC38006E6574696620616C72656164792068610B
:10AC48007320612073747275637420646863702064
:10AC580073657400646863705F7063625F726566D1
:10AC6800636F756E7428293A20726566636F756E16
:10AC780074206572726F7200696E76616C69642007
:10AC8800646863702D3E7374617465006172705FEF
:10AC98007461626C655B695D2E71203D3D204E5587
:10ACA8004C4C00006172705F7461626C655B695D39
:10ACB8002E7374617465203D3D20455448415250BF
:10ACC8005F53544154455F454D50545900000000AE
:10ACD800636865636B207468617420666972737455
:10ACE80020706275662063616E20686F6C642073E3
:10ACF8007472756374206574686172705F686472D9
:10AD0800000000006E657469662D3E6877616464B2
:10AD1800725F6C656E206D7573742062652074684F
:10AD2800652073616D65206173204554485F4857FD
:10AD3800414444525F4C454E20666F7220657468EA
:10AD480061727021000000006172705F7461626C52
:10AD5800655B6172705F6964785D2E737461746598
:10AD6800203E3D204554484152505F53544154457C
:10AD78005F535441424C45006970616464722021FC
:10AD88003D204E554C4C00006574685F7265742018
:10AD9800213D204E554C4C006E657469662D3E6809
:10ADA80077616464725F6C656E203D3D2045544850
:10ADB8005F4857414444525F4C454E006E6F2070C7
:10ADC80061636B65742071756575657320616C6C62
:10ADD8006F776564210000007120213D204E554C9D
:10ADE8004C00000069636D705F696E7075743A207D
:10ADF8006D6F76696E6720722D3E7061796C6F6138
:10AE08006420746F2069636D702068656164657281
:10AE1800206661696C65640069636D705F696E7056
:10AE280075743A20726573746F72696E67206F72F9
:10AE38006967696E616C20702D3E7061796C6F6115
:10AE480064206661696C656400000000636865637E
:10AE58006B207468617420666972737420706275FF
:10AE6800662063616E20686F6C642069636D702072
:10AE78006D6573736167650070637220213D204EB4
:10AE8800554C4C007072657620213D206970720027
:10AE9800707265762D3E6E657874203D3D20697030
:10AEA8007200000070627566735F66726565642083
:10AEB8002B20636C656E203C3D20307866666666A4
:10AEC8000000000073616E69747920636865636BC4
:10AED800206C696E6B6564206C69737400000000F7
:10AEE80069705F72656173735F70627566636F75B1
:10AEF8006E74203E3D2070627566735F667265658C
:10AF08006400000073616E69747920636865636B1F
:10AF18000000000076616C69646174655F64617447
:10AF2800616772616D3A6E6578745F7062756621EB
:10AF38003D4E554C4C00000069705F72656173733B
:10AF48005F70627566636F756E74203E3D20636C3A
:10AF5800656E00006E6F74206669727374616C743C
:10AF6800686F756768206A75737420656E7175659A
:10AF78007565640074686973206E65656473206123
:10AF8800207062756620696E206F6E652070696535
:10AF980063652100702D3E6C656E203E3D20706F0C
:10AFA80066660000702D3E726566203D3D203100CA
:10AFB800636865636B207468617420666972737472
:10AFC80020706275662063616E20686F6C64207300
:10AFD80074727563742069705F68647200000000A1
:10AFE800756E68616E646C65640000006163645F1F
:10AFF800636F6E666C6963745F63616C6C626163D6
:10B008006B20213D204E554C4C0000006163645F6D
:10B0180072656D6F766528293A20616364206E6FCA
:10B0280074206F6E206C6973740A00006E65746911
:10B03800662D3E6877616464725F6C656E206D751D
:10B048007374206265203620666F722065746865A7
:10B05800726E65745F6F75747075742100000000FE
:10B0680063797734335F726561645F62797465739D
:10B07800206572726F722025640000005B43595787
:10B0880034335D2063797734335F6B736F5F736537
:10B0980074282564293A206661696C65640A000091
:10B0A8005B43595734335D20427573206572726F64
:10B0B8007220636F6E646974696F6E20646574656D
:10B0C8006374656420307825780A00005B4359571B
:10B0D80034335D206572726F723A20686472206D35
:10B0E80069736D617463682025303478205E20258B
:10B0F8003034780A000000005B43595734335D2030
:10B108005354414C4C2825753B25752D2575293AF6
:10B118002074696D656F75740A0000005B435957A8
:10B1280034335D20646F5F696F63746C3A20676FB6
:10B138007420756E657870656374656420706163EA
:10B148006B65742025640A005B43595734335D20CE
:10B15800646F5F696F63746C2825752C2025752CC6
:10B16800202575293A2074696D656F75740A000089
:10B178005B43595734335D20636F7265206E6F747B
:10B1880020696E2072657365740000006275733AF9
:10B198007478676C6F6D00006170737461000000F3
:10B1A800616D7064755F62615F7773697A650000CD
:10B1B800616D7064755F6D7064750000616D7064B9
:10B1C800755F72785F666163746F72006273736330
:10B1D80066673A6576656E745F6D73677300000025
:10B1E8005B43595734335D204661696C656420744C
:10B1F8006F20737461727420435957343300000010
:10B2080056657273696F6E3A200000005B435957A8
:10B2180034335D20636F756C64206E6F74206669CB
:10B228006E642076616C6964206669726D776172FC
:10B23800650000005B43595734335D2074696D65C0
:10B248006F75742077616974696E6720666F722004
:10B25800414C5020746F20626520736574000000B3
:10B268005B43595734335D20636F7265206E6F748A
:10B27800207570005B43595734335D204854206E65
:10B288006F74207265616479000000005B43595750
:10B2980034335D204632206E6F74207265616479A4
:10B2A800000000005B43595734335D20434C4D2068
:10B2B8006C6F6164206661696C6564006375725FB8
:10B2C800657468657261646472000000706D325F55
:10B2D800736C6565705F72657400000062636E5F11
:10B2E8006C695F62636E000062636E5F6C695F64C5
:10B2F80074696D006173736F635F6C697374656EF5
:10B30800000000006273736366673A7375705F7755
:10B31800706100006273736366673A7375705F7774
:10B328007061325F65617076657200006273736385
:10B3380066673A7375705F7770615F746D6F000050
:10B348007361655F70617373776F726400000000EA
:10B358006D6670006A6F696E000000006273736347
:10B3680066673A73736964006273736366673A77F2
:10B37800736563006273736366673A7770615F61D0
:10B38800757468007361655F6D61785F7077655F7C
:10B398006C6F6F700000000032675F6D72617465DA
:10B3A80000000000627373005B43595734335D201B
:10B3B80073656E645F65746865726E657420666136
:10B3C800696C65643A2025640A0000005B25203812
:10B3D800645D204153594E4328253034782C0000B1
:10B3E80025730000257500002C25752C25752C2546
:10B3F80075290A005345545F53534944000000001F
:10B408004A4F494E000000004155544800000000D2
:10B418004445415554485F494E4400004153534FF9
:10B42800430000004449534153534F430000000078
:10B438004449534153534F435F494E440000000071
:10B448004C494E4B0000000050534B5F5355500081
:10B45800455343414E5F524553554C54000000003C
:10B468004353415F434F4D504C4554455F494E440B
:10B47800000000004153534F435F5245515F494517
:10B48800000000004153534F435F524553505F49FA
:10B49800450000004E6F2050494F20737461746559
:10B4A800206D616368696E657320617265206176DD
:10B4B80061696C61626C65004E6F20444D41206388
:10B4C80068616E6E656C7320617265206176616972
:10B4D8006C61626C650000006173796E635F636F15
:10B4E8006E74657874206C6F636B5F636865636BFB
:10B4F800206661696C6564006D7174745F636C6F5C
:10B5080073653A20636C69656E7420213D204E5541
:10B518004C4C00006D7174745F6379636C69635F90
:10B5280074696D65723A20636C69656E7420213D9B
:10B53800204E554C4C0000006D7174745F72696E3A
:10B54800676275665F616476616E63655F6765747F
:10B558005F6964783A206C656E203C204D515454E4
:10B568005F4F55545055545F52494E474255465FB8
:10B5780053495A450000000066697865645F68644D
:10B58800725F6C656E203C3D20636C69656E742D3E
:10B598003E6D73675F696478000000006D717474B4
:10B5A8005F7463705F726563765F63623A20636C91
:10B5B80069656E7420213D204E554C4C00000000FA
:10B5C8006D7174745F7463705F726563765F6362D4
:10B5D8003A20636C69656E742D3E636F6E6E203D14
:10B5E8003D207063620000006D7174745F74637055
:10B5F8005F6572725F63623A20636C69656E74207E
:10B60800213D204E554C4C006D7174745F7075620D
:10B618006C6973683A20636C69656E7420213D20FB
:10B628004E554C4C000000006D7174745F7075626B
:10B638006C6973683A20746F70696320213D204EED
:10B64800554C4C006D7174745F617070656E645F09
:10B65800726571756573743A2074696D655F6265AA
:10B66800666F7265203C3D204D5154545F524551E0
:10B678005F54494D454F5554000000006D71747476
:10B688005F636C69656E745F636F6E6E6563743A51
:10B6980020636C69656E7420213D204E554C4C002A
:10B6A8006D7174745F636C69656E745F636F6E6EE1
:10B6B8006563743A2069705F6164647220213D207B
:10B6C8004E554C4C000000006D7174745F636C69DA
:10B6D800656E745F636F6E6E6563743A20636C6940
:10B6E800656E745F696E666F20213D204E554C4C27
:10B6F800000000006D7174745F636C69656E745F3F
:10B70800636F6E6E6563743A20636C69656E745F0F
:10B71800696E666F2D3E636C69656E745F6964203F
:10B72800213D204E554C4C00000000000000005FF9
:10B7380000003E5149453E00427F40004261514968
:10B74800462141454B311814127F1027454545398C
:10B758003C4A4949300171090503364949493606C9
:10B768004949291E00363600007E1111117E7F4995
:10B778004949363E414141227F4141221C7F494986
:10B7880049417F090909013E4149497A7F0808086A
:10B798007F00417F41002040413F017F0814224142
:10B7A8007F404040407F020C027F7F0408107F3EAC
:10B7B8004141413E7F090909063E4151215E7F0909
:10B7C800192946464949493101017F01013F404055
:10B7D800403F1F2040201F3F4038403F631408145B
:10B7E800630708700807615149454300AE200040CF
:10B7F800A1C8DA1281CFD9F1DB40A4A6AF000000BE
:10B8080074980110689801107098011000000000E9
:10B81800FFFFFFFFFFFFFF7F06005250D3F0754286
:10B828000C99011006005250E182887F149901108A
:10B8380006005250ABB360532499011006005250D1
:10B84800BBFF3CB62C99011006005250861C03021F
:10B8580034990110060052505422A29D3C990110BF
:10B8680005005250DE65F46848480510444600104B
:10B87800FC450010FC4500103C460010FC4500103B
:10B88800FC450010FC450010FC450010FC4500106C
:10B89800FC450010FC45001034460010FC45001023
:10B8A8002E460010FC450010FC45001026460010EE
:10B8B80038480010564600102C4800105646001014
:10B8C8001A480010564600105646001056460010FA
:10B8D80056460010564600105646001056460010B0
:10B8E8004C460010564600105646001056460010AA
:10B8F80056460010564600104C460010CC48001022
:10B90800BA450010BA450010BA450010BA450010F3
:10B91800BA450010BA450010BA450010BA450010E3
:10B92800BA450010BA450010BA450010BA450010D3
:10B93800BA450010BA450010BA450010BA450010C3
:10B94800BA450010BA450010BA450010BA450010B3
:10B95800BA450010BA450010BA450010BA450010A3
:10B96800BA450010BA450010BA450010BA45001093
:10B97800BA450010BA450010BA45001048480010F2
:10B988008448001048480010BA450010BA45001015
:10B99800BA450010BA450010BA450010BA45001063
:10B9A800BA450010BA450010BA450010BA45001053
:10B9B800BA450010BA450010BA450010BA45001043
:10B9C800BA450010BA450010644A0010BA45001084
:10B9D800BA450010BA450010BA450010BA45001023
:10B9E800BA450010BA450010BA450010BA45001013
:10B9F800644A0010DC480010644A001048480010EF
:10BA08008448001048480010000000000000F03F83
:10BA18000000000000002440000000000000594021
:10BA28000000000000408F40000000000088C34074
:10BA380000000000006AF8400000000080842E41E9
:10BA480000000000D01263410000000084D7974135
:10BA58000000000065CDCD410D0A00000000000087
:10BA6800C154001000000000C5540010D15400104B
:10BA7800FD540010F9540010000000000A000000F6
:10BA880000000306A6000800020002009C00140043
:10BA9800030057494E5553420000000000000000C3
:10BAA80000008000040001002800440065007600C2
:10BAB80069006300650049006E007400650072004B
:10BAC80066006100630065004700550049004400B6
:10BAD80000004E007B00620063003700330039002D
:10BAE8003800630031002D00370033006300640024
:10BAF8002D0034006300620037002D003900380043
:10BB0800620038002D003900310033006100380030
:10BB180066006300610037006200660036007D0041
:10BB280000000000050F2100011C100500DF60DD8A
:10BB3800D88945C74C9CD2659D9E648A9F000003A6
:10BB480006A60001000000000600525053B4F4A1FC
:10BB58006099011000000000749901108499011087
:10BB6800348900208C990110989901100902540019
:10BB7800030100807D080B00020202000009040096
:10BB8800000102020004052400200105240100012F
:10BB98000424020605240600010705810308001095
:10BBA80009040100020A0000000705020240000023
:10BBB800070582024000000904020000FF00010599
:10BBC80012011002EF0201408A2E0A000001010250
:10BBD80003010000F260001058620010A862001013
:10BBE8003062001042620010206200109261001062
:10BBF8003E6100103261001012660010F8650010F6
:10BC0800C663001032660010C6630010E0650010BD
:10BC1800CC650010C6630010B8650010C064001041
:10BC2800C66300109E6800109068001084680010B9
:10BC3800C6630010C66300106E680010906800109C
:10BC4800C6630010C6630010C6630010C663001008
:10BC5800C6630010C6630010C66300102668001093
:10BC6800000F0020000F00204A0F00206A0F00205C
:10BC7800B00F0020C20F0020F80E002000000000C6
:10BC8800216E0010916E0010C16E0010096F001037
:10BC9800B16F0010A170001000000000000000004B
:10BCA80099710010F57100101172001039720010AE
:10BCB800595500103D7300100000000048BD0110E8
:10BCC8003CBD011030BD011024BD011018BD01108C
:10BCD8000CBD011000BD0110F4BC0110E8BC01103E
:10BCE8005E02180050360020CC77002010001000AB
:10BCF800206F0020C877002010000700C0700020C7
:10BD0800D477002018000F00E8340020C477002002
:10BD18002000050020700020D077002010002000AF
:10BD280044750020E07700201C00080030710020D6
:10BD3800DC770020A400050010720020D8770020CE
:10BD48002000040044770020E477002018890020B0
:10BD5800108900200C8900202089002003060C1877
:10BD68003060780001020304050607070707070784
:10BD780007000000F6C40010F6C40010C4C5001087
:10BD880048C70010A2C50010ECC6001098C60010E5
:10BD9800A2C5001054C600102EC60010FA000000FC
:10BDA8007DAE0010E8030000B1150110E8030000A3
:10BDB8007D07011060EA0000FDFF0010F40100009B
:10BDC800C101011064000000E9240110E80300002B
:10BDD800C987001024F800105AF90010EAF700107B
:10BDE80044F90010EAF70010EAF7001020F90010F3
:10BDF800EAF70010EAF70010EAF70010EAF7001077
:10BE0800EAF70010EAF70010EAF70010EAF7001066
:10BE1800EAF70010EAF70010EAF70010EAF7001056
:10BE2800EAF70010EAF70010EAF70010EAF7001046
:10BE3800EAF70010EAF70010EAF70010EAF7001036
:10BE4800EAF70010EAF70010EAF70010EAF7001026
:10BE5800EAF70010EAF70010EAF70010EAF7001016
:10BE6800EAF70010EAF70010EAF70010EAF7001006
:10BE7800EAF70010EAF70010EAF70010EAF70010F6
:10BE8800EAF70010EAF70010EAF70010EAF70010E6
:10BE9800EAF70010EAF70010EAF70010EAF70010D6
:10BEA8000EF90010F6F80010E4F80010CEF80010B3
:10BEB800EAF70010EAF70010EAF70010B8F80010E7
:10BEC80028F8001024F80010D6F90010F8F7001030
:10BED800D6F90010F8F70010F8F70010F8F700107E
:10BEE800F8F70010F8F70010F8F70010F8F700104E
:10BEF800F8F70010F8F70010F8F70010F8F700103E
:10BF0800F8F70010F8F70010F8F70010F8F700102D
:10BF1800F8F70010F8F70010F8F70010F8F700101D
:10BF2800F8F70010F8F70010F8F70010F8F700100D
:10BF3800F8F70010F8F70010F8F70010F8F70010FD
:10BF4800F8F70010F8F70010F8F70010F8F70010ED
:10BF5800F8F70010F8F70010F8F70010F8F70010DD
:10BF6800F8F70010F8F70010F8F70010F8F70010CD
:10BF7800F8F70010F8F70010F8F70010F8F70010BD
:10BF8800F8F70010F8F70010F8F70010F8F70010AD
:10BF9800D6F90010D6F90010D6F90010D6F900101D
:10BFA800F8F70010F8F70010F8F70010D6F90010AD
:10BFB800D6F900100E230110D6230110C423011056
:10BFC800E82301100C240110FFFFFFFF0000000010
:10BFD8000000000000000000FFFFFFFFFFFF00005F
:10BFE800F0BF011006FF00000160401080E042B081
:10BFF8000140841000000000651400009113000047
:10C008009113000091130000911300009113000098
:10C018009113000091130000911300009113000088
:10C028009113000091130000911300009113000078
:10C038009113000091130000911300009113000068
:10C048009113000091130000911300009113000058
:10C058009113000091130000911300009113000048
:10C068009113000091130000911300009113000038
:10C07800911300000048004765140000000000000C
:10C0880000000000000000000000000000000000A8
:10C098000000000000000000000000000000000098
:10C0A8000000000000000000000000000000000088
:10C0B8000000000000000000000000000000000078
:10C0C8000000000000000000000000000000000068
:10C0D8000000000000000000000000000000000058
:10C0E80000000000444250501860010000000000A9
:10C0F80000000000C51B0000C51B0000C51B000098
:10C10800C51B0000C51B0000C51B0000C51B0000A7
:10C11800D9130000D513000015140000DD3D000000
:10C12800793900003B330000D93D0000C9350000D3
:10C13800B13900001D3E00004FD50100D93A00007A
:10C14800133400007F340000893E00008B3E00005D
:10C15800FB380000AD3D00004DD50100C51B0000B7
:10C16800C51B0000C51B0000C51B0000C51B000047
:10C17800C51B0000C51B0000C51B0000C51B000037
:10C18800C51B0000C51B0000C51B0000C51B000027
:10C19800C51B00009FDC0000C51B0000C51B00007C
:10C1A800C51B0000C51B0000C51B0000C51B000007
:10C1B800C51B0000C51B0000C51B0000C51B0000F7
:10C1C800C51B0000C51B0000C51B0000C51B0000E7
:10C1D80047FC0000C51B0000A3FD0000C51B0000B4
:10C1E800C51B00009FFD00002BFC0000C51B0000C4
:10C1F800C51B0000C51B0000772E01005B33010042
:10C208001B3501006F340100DF3301001F320100CC
:10C21800C51B0000C51B0000C51B0000BD35010083
:10C22800C51B0000C51B0000C51B0000C51B000086
:10C23800C51B0000C51B0000C51B0000C51B000076
:10C24800C51B0000C51B0000C51B0000C51B000066
:10C25800C51B0000C51B0000C51B0000C51B000056
:10C26800C51B0000C51B0000C51B0000C51B000046
:10C27800C51B0000C51B0000C51B0000C51B000036
:10C28800C51B0000C51B0000C51B0000C51B000026
:10C29800C51B0000C51B0000C51B0000C51B000016
:10C2A800C51B0000C51B0000C51B0000C51B000006
:10C2B8007916000081160000191F0000352E0000B5
:10C2C800892E0000ED3F0000F93F00006951000091
:10C2D800D1B10000B9DC0000B1FB0000C13501009C
:10C2E800691600008D1600009D1700009D180000BB
:10C2F800E51B0000851C0000F51C0000791D0000EE
:10C30800251F0000A12E0000953F000005400000F9
:10C3180005490000474C00009D4D0000A54D000058
:10C32800A94D0000C51B0000C54D0000FD4D0000D3
:10C33800054E00005B4E00005F4E00006D4E000091
:10C34800956C0000C51B000085510000C51B00004E
:10C35800056D00003D94000081A2000059A3000073
:10C36800C9A30000C5CA0000E5CA0000E1CE00006C
:10C37800C1DC0000D1DC00002FE2000049E400002D
:10C3880091E8000083FB000089FB00001D170100F5
:10C39800010000000000000820000000000200006A
:10C3A80004000000FF03000050000000010000002E
:10C3B800010000000A070801000000000800000052
:10C3C800010400000100000004000400080001004E
:10C3D8000000000000000000000000000000000055
:10C3E8000000000000000000000000000000000045
:10C3F8000000000000000000000000000000000035
:10C408000000000000000000000000000000000024
:10C418000000000000000000000000000000000014
:10C428000000000000000000000000000000000004
:10C4380000000000000000000000000000000000F4
:10C4480000000000000000000000000000000000E4
:10C4580000000000000000000000000000000000D4
:10C4680000000000000000000000000000000000C4
:10C4780000000000000000000000000000000000B4
:10C4880000000000000000000000000000000000A4
:10C498000000000000000000000000000000000094
:10C4A8000000000000000000000000000000000084
:10C4B8000000000000000000000000000000000074
:10C4C8000000000000000000000000000000000064
:10C4D8000000000000000000000000000000000054
:10C4E8000000000000000000000000000000000044
:10C4F8000000000000000000000000000000000034
:10C508000000000000000000000000000000000023
:10C518000000000000000000000000000000000013
:10C528000000000000000000000000000000000003
:10C5380000000000000000000000000000000000F3
:10C5480000000000000000000000000000000000E3
:10C5580000000000000000000000000000000000D3
:10C5680000000000000000000000000000000000C3
:10C5780000000000000000000000000000000000B3
:10C5880000000000000000000000000000000000A3
:10C598000000000000000000000000000000000093
:10C5A8000000000000000000000000000000000083
:10C5B8000000000000000000000000000000000073
:10C5C8000000000000000000000000000000000063
:10C5D8000000000000000000000000000000000053
:10C5E8000000000000000000000000000000000043
:10C5F8000000000000000000000000000000000033
:10C608000000000000000000000000000000000022
:10C618000000000000000000000000000000000012
:10C628000000000000000000000000000000000002
:10C6380000000000000000000000000000000000F2
:10C6480000000000000000000000000000000000E2
:10C6580000000000000000000000000000000000D2
:10C6680000000000000000000000000000000000C2
:10C6780000000000000000000000000000000000B2
:10C6880000000000000000000000000000000000A2
:10C698000000000000000000000000000000000092
:10C6A8000000000000000000000000000000000082
:10C6B8000000000000000000000000000000000072
:10C6C8000000000000000000000000000000000062
:10C6D8000000000000000000000000000000000052
:10C6E8000000000000000000000000000000000042
:10C6F8000000000000000000000000000000000032
:10C708000000000000000000000000000000000021
:10C718000000000000000000000000000000000011
:10C728000000000000000000000000000000000001
:10C7380000000000000000000000000000000000F1
:10C7480000000000000000000000000000000000E1
:10C7580000000000000000000000000000000000D1
:10C7680000000000000000000000000000000000C1
:10C7780000000000000000000000000000000000B1
:10C7880000000000000000000000000000000000A1
:10C798000000000000000000000000000000000091
:10C7A8000000000000000000000000000000000081
:10C7B8000000000000000000000000000000000071
:10C7C8000000000000000000000000000000000061
:10C7D8000000000000000000000000000000000051
:10C7E8000000000000000000000000000000000041
:10C7F8000000000000F459B200000000FFF75E9F3F
:10C808000000000000F463B100000000FFF7419D44
:10C8180000000000FFF76D9C00000000F3F7AE98E1
:10C8280000000000E9F7679E00000000E5F7989D0A
:10C8380000000000E4F7829F00000000D3F77C9B13
:10C8480000000000CFF7EC9900000000C9F7D89E5F
:10C8580000000000C8F75A9F00000000C8F7B49C09
:10C8680000000000C2F7549F00000000C0F7449C7D
:10C8780000000000C0F7329A00000000BFF78C9D4E
:10C8880000000000BFF7569F00000000C2F71E9D81
:10C8980000000000E1F7C29C00000000BFF7049808
:10C8A80000000000BEF7A69E00000000BDF77C9FB8
:10C8B80000000000BBF76D9C00000000A2F73E9D41
:10C8C80000000000B7F7E29A00000000DDF7329B95
:10C8D80000000000B9F7889E00000000B2F7669BD0
:10C8E80000000000B2F7F69A00000000B2F77C9949
:10C8F80000000000B1F7869A00000000DAF7669C95
:10C9080000000000B0F76E9E00000000C1F7FE9A1C
:10C9180000000000AEF73B9B00000000A0F7F69D6A
:10C9280000000000A0F7169C00000000ABF7F09E86
:10C9380000000000A2F7E09C00000000A2F7DE9AC9
:10C9480000000000A0F7FB98000000009FF7AE9FD2
:10C95800000000009EF7B699000000009DF77C9D3E
:10C96800000000009BF7329D000000009AF7F89F36
:10C9780000000000A0F7E09E00000000A0F70F9F55
:10C988000000000099F7DE9A00000000A0F7939CD1
:10C9980000000000D7F7289F00000000D7F71C9A76
:10C9A80000000000D7F7169C00000000D9F78A9C09
:10C9B8000000000093F7709A0000000093F7769942
:10C9C8000000000093F7CD9D0000000093F77D9BC9
:10C9D8000000000093F7B89A0000000092F7649FE7
:10C9E8000000000092F7029D0000000092F7D29A22
:10C9F8000000000092F700990000000092F71498D8
:10CA08000000000092F7129B000000008FF72499A5
:10CA180000000000D7F7449B00000000D7F7129BE6
:10CA280000000000D6F7989E000000008CF7539C89
:10CA3800000000008CF7939D000000008BF74B9FCF
:10CA4800000000008CF78E990000000089F7749EA2
:10CA580000000000000000000000000000000000CE
:10CA680000000000000000000000000000000000BE
:10CA780000000000000000000000000000000000AE
:10CA8800000000000000000000000000000000009E
:10CA9800000000000000000000000000000000008E
:10CAA800000000000000000000000000000000007E
:10CAB800000000000000000000000000000000006E
:10CAC800000000000000000000000000000000005E
:10CAD800000000000000000000000000000000004E
:10CAE800000000000000000000000000000000003E
:10CAF800000000000000000000000000000000002E
:10CB0800000000000000000000000000000000001D
:10CB1800000000000000000000000000000000000D
:10CB280000000000000000000000000000000000FD
:10CB380000000000000000000000000000000000ED
:10CB480000000000000000000000000000000000DD
:10CB580000000000000000000000000000000000CD
:10CB680000000000000000000000000000000000BD
:10CB780000000000000000000000000000000000AD
:10CB8800000000000000000000000000000000009D
:10CB9800000000000000000000000000000000008D
:10CBA800000000000000000000000000000000007D
:10CBB800000000000000000000000000000000006D
:10CBC800000000000000000000000000000000005D
:10CBD800000000000000000000000000000000004D
:10CBE800000000000000000000000000000000003D
:10CBF800000000000000000000000000000000002D
:10CC0800000000000000000000000000000000001C
:10CC1800000000000000000000000000000000000C
:10CC280000000000000000000000000000000000FC
:10CC380000000000000000000000000000000000EC
:10CC480000000000000000000000000000000000DC
:10CC580000000000000000000000000000000000CC
:10CC680000000000000000000000000000000000BC
:10CC780000000000000000000000000000000000AC
:10CC8800000000000000000000000000000000009C
:10CC9800000000000000000000000000000000008C
:10CCA800000000000000000000000000000000007C
:10CCB800000000000000000000000000000000006C
:10CCC800000000000000000000000000000000005C
:10CCD800000000000000000000000000000000004C
:10CCE800000000000000000000000000000000003C
:10CCF800000000000000000000000000000000002C
:10CD0800000000000000000000000000000000001B
:10CD1800000000000000000000000000000000000B
:10CD280000000000000000000000000000000000FB
:10CD380000000000000000000000000000000000EB
:10CD480000000000000000000000000000000000DB
:10CD580000000000000000000000000000000000CB
:10CD680000000000000000000000000000000000BB
:10CD780000000000000000000000000000000000AB
:10CD8800000000000000000000000000000000009B
:10CD9800000000000000000000000000000000008B
:10CDA800000000000000000000000000000000007B
:10CDB800000000000000000000000000000000006B
:10CDC800000000000000000000000000000000005B
:10CDD800000000000000000000000000000000004B
:10CDE800000000000000000000000000000000003B
:10CDF800000000000000000000000000000000002B
:10CE0800000000000000000000000000000000001A
:10CE1800000000000000000000000000000000000A
:10CE280000000000000000000000000000000000FA
:10CE380000000000000000000000000000000000EA
:10CE480000000000000000000000000000000000DA
:10CE580000000000000000000000000000000000CA
:10CE680000000000000000000000000000000000BA
:10CE780000000000000000000000000000000000AA
:10CE8800000000000000000000000000000000009A
:10CE9800000000000000000000000000000000008A
:10CEA800000000000000000000000000000000007A
:10CEB800000000000000000000000000000000006A
:10CEC800000000000000000000000000000000005A
:10CED800000000000000000000000000000000004A
:10CEE800000000000000000000000000000000003A
:10CEF800000000000000000000000000000000002A
:10CF08000000000000000000000000000000000019
:10CF18000000000000000000000000000000000009
:10CF280000000000000000000000000000000000F9
:10CF380000000000000000000000000000000000E9
:10CF480000000000000000000000000000000000D9
:10CF580000000000000000000000000000000000C9
:10CF680000000000000000000000000000000000B9
:10CF780000000000000000000000000000000000A9
:10CF88000000000000000000000000000000000099
:10CF98000000000000000000000000000000000089
:10CFA8000000000000000000000000000000000079
:10CFB8000000000000000000000000000000000069
:10CFC8000000000000000000000000000000000059
:10CFD8000000000000000000000000000000000049
:10CFE8000000000000000000000000000000000039
:10CFF80000000000D41B80000400000000080000AE
:10D00800B422800004000000080800007823800093
:10D018000400000010080000C4278000040000007D
:10D0280018080000302880000400000020080000D4
:10D03800D8178100040000002808000000D08100F3
:10D0480004000000300800001C14820004000000E6
:10D05800380800002838820004000000400800005A
:10D068006C6683000400000048080000ACAD830033
:10D0780004000000500800000808840004000000B4
:10D08800580800001C1A8400040000006008000012
:10D098009822840004000000680800002C8A84009C
:10D0A8000400000070080000D8BE840004000000DE
:10D0B80078080000C0BF8400040000008008000059
:10D0C80010C38400040000008808000078C98400A8
:10D0D80004000000900800002C9184000400000067
:10D0E800980800000C4C820004000000A008000012
:10D0F800FCD9840004000000A808000084E3840030
:10D1080004000000B008000018EC840004000000CF
:10D11800B80800000C19850004000000C0080000D1
:10D1280084C0860004000000C8080000446685002A
:10D1380004000000D008000010A2820004000000D3
:10D14800D8080000003B850004000000E00800004B
:10D1580084B6850004000000E8080000E8B68500F1
:10D1680004000000F0080000CCBA850004000000AC
:10D17800F8080000F8C88500040000000009000055
:10D18800B0BE82000400000008090000ACD485008D
:10D198000400000010090000E09B84000400000067
:10D1A80018090000B8FB85000400000020090000F1
:10D1B80038E3860004000000280900006CEA8600B5
:10D1C8000400000030090000282586000400000043
:10D1D80038090000F0C08600040000004009000083
:10D1E8003CC38600040000004809000018F98600C6
:10D1F800040000005009000064FA860004000000E2
:10D208005809000044098700040000006009000074
:10D21800101387000400000068090000103387001D
:10D2280004000000700900005C3B87000400000057
:10D2380078090000A0D986000400000080090000D9
:10D2480058DA86000400000088090000B8608700EA
:10D25800040000009009000018E0860004000000A7
:10D2680098090000ACE4820004000000A009000056
:10D2780058EF820004000000A8090000E4F18200D1
:10D2880004000000B0090000C0F2820004000000A1
:10D29800B8090000D4D1870004000000C0090000CC
:10D2A800D4D4870004000000C8090000BCD6870059
:10D2B80004000000D0090000F4D987000400000031
:10D2C800D8090000C0DA870004000000E009000067
:10D2D800DCDC870004000000E8090000F8DC8700B7
:10D2E80004000000F009000088DD87000400000049
:10D2F800F80900007CE2870004000000000A000032
:10D30800CCE3870004000000080A0000F4E5870069
:10D3180004000000100A00009026880004000000A5
:10D32800180A0000A40B830004000000200A000073
:10D338007C0E830004000000280A000008198300FE
:10D3480004000000300A0000505888000400000063
:10D35800380A00002059880004000000400A000034
:10D36800D462880004000000480A0000846988002C
:10D3780004000000500A0000DC9888000400000047
:10D38800580A00006846836941690BB503695A4623
:10D3980051460EB44A46414606B4C368826841689D
:10D3A800FEB40368C269EFF303810EB48269EFF338
:10D3B800058106B4034801680029FED068468847FD
:10D3C80014B000BD3C14000062B6704772B67047D6
:10D3D80004490840002803D003490A6802430A6048
:10D3E80070470000FFFF000000E100E0044908402A
:10D3F800002804D003490A68C04302400A60704705
:10D40800FFFF000080E100E0024909689022885887
:10D418007047000044140000024909689C228850A3
:10D428007047000044140000DDBAADBB00000000E6
:10D4380000000000000000000000000000000000E4
:10D448000000000000000000024A11681060081C7B
:10D45800704700003C1400005648574900220A5003
:10D468000168564A0A40564F0F403F4206D150467F
:10D47800004202D04046004229D1FEE7FC21415833
:10D488000A680F2313400F2BF1D0012B01D0043170
:10D49800F6E708314B4B13404B4CA34206D100F042
:10D4A800C1F8804600F0CAF88146E9E7474CA34234
:10D4B800E6D10B1F1B68464C23401824E3409C46CA
:10D4C80000F0B0F8824600F0B9F88346D8E7414941
:10D4D80021224250374A40498958FF23194219D01E
:10D4E80051683E4B194215D01168344B1940D36A24
:10D4F80010E0A3420ED0C0460CE0394989581942C1
:10D5080008D03849895819409942FAD1364B1169DF
:10D518001942FCD049463F4204D19823CB581024E5
:10D52800E34001E0314BCB581C242340002B01D0B1
:10D5380000F092F840462E49086048462D49086098
:10D5480050462D49086060462C4908602C490F60F8
:10D558002C4D2D490D602D482D49002204C08142D3
:10D56800FCD8043DAD46009DEC431023DD41AC42A0
:10D5780010D1240CA400274D2C606B461B1B264899
:10D58800264D2860002C05D01D6805600433043042
:10D59800043CF9DC81B0224B1B490D68ED1A0D6083
:10D5A8006C46E41AA546684600090001854600F065
:10D5B800D7FCFEE70000001814060000FFFF00007B
:10D5C800000000F000FF0F00002A0800000E08000D
:10D5D800000000FFE0010000040600000000380021
:10D5E800180600000C0600000010000008040000E7
:10D5F80044140000481400004C14000050140000AB
:10D608004014000000000800945C0100BC5F0100A9
:10D618009C6601009C5C01008C750200985C01000E
:10D628000000010008680F2204310240052AF9D1E0
:10D63800014A1040F746000000F0FFFF08680F227B
:10D6480004310240052AF9D180221042F6D0014A5D
:10D658001040F74600F0FFFFFEE700000048704763
:10D66800BC5F010000487047FC5F0100004870473C
:10D6780060600100004870470860010003F04ABA82
:10D6880001238B402DE9F74FB3F5001F28BF4FF456
:10D698000013042B38BF04230330019320F0030444
:10D6A800FFF7E0FF354B0022D3F800B0154694464B
:10D6B800134627E0D1F800A0A24522D301F10807BC
:10D6C800019E07EB0A08C6F10009C4EB080609EA3F
:10D6D8000606BE4215D3DDF8049009F1FF3919EAB0
:10D6E800070FCDF8009002D0F71B072F09D9C4EB1C
:10D6F8000A075F4505D2424635466FB1BB468446A8
:10D708000B46084641680029D4D13BB91C4A184643
:10D718001168013111602FE084460B46521B111B22
:10D72800072909D918682A19401A0839186029518F
:10D73800596851605A6022461968891A072903D81E
:10D748005A68CCF8042004E05A50A1F108021A6083
:10D758005B180C48002219685A6002688A1802602F
:10D7680009480168083101608918084A106881422F
:10D7780088BF116003F10800BDE8FE8FF4030000C4
:10D78800F0030000140400004804000004600100D5
:10D7980038B5194B50F8082C196805468A1A1A60CA
:10D7A800164BA0F108041A68083A1A60FFF75AFFE6
:10D7B80002E0A34203D218464368002BF9D155F87A
:10D7C800082CA9188B4205D119685B6852180832D1
:10D7D80045F8082C6360036803F108028218A24226
:10D7E80007D155F8082C9B18083303606368436019
:10D7F80000E04460002038BD140400004804000024
:10D8080010B500214022044605F04ADC104B236085
:10D81800104B6360104BA360104BE360104B236107
:10D82800104B6361104BA361104BE361104B2362F3
:10D83800104B6362104BA362104BE362104B2363DF
:10D84800104B6363104BA363104BE36310BD00BF21
:10D8580000000000F8370100F8370100915C010072
:10D86800945C0100BC5F0100BC5F01009C66010084
:10D878009C660100FCB60200FCB602008C6A03003C
:10D88800FC00000000010000000000000000000093
:10D89800F0B52D4D91B06846FFF7B2FF2978002901
:10D8A80037D10898099C241A06D0224605F0F8DBDF
:10D8B8000898214609F06EDD22462449244805F0DF
:10D8C80015DC244B00241C7001232B70224D09F019
:10D8D80091DC2B68002B33D01A78002A30D09F892E
:10D8E8005E890CE02B681D4AD98910680AF076DC3D
:10D8F8000134014630B1184B186806F0B1DBA319A2
:10D90800BB42EFDB164B29681868012206F0ECDBF6
:10D9180016E0144E317899B90A980B9C241A06D04F
:10D92800224605F0BDDB0A98214609F033DD084898
:10D938000D49224605F0DADB00232B7001233370F2
:10D9480009F058DC11B0F0BDFC0300009AFB880018
:10D9580055390100146001004404000090040000DF
:10D968002C0400006C600100521E8900014B1868ED
:10D97800704700BF945C0100002070472DE9F04F0C
:10D988009DB00AA8FFF73CFFFFF7F0FF0446FFF73A
:10D99800F3FF0A9B0B9A0F99D21A0E9B0D9DC3EBAE
:10D9A80001091199109B6E4ECB1A0C99DFF8008271
:10D9B800C1EB050B93443268D8F8001002F5005209
:10D9C800521A4A44D2185A44141924180994DFF8F0
:10D9D800E4A1644C644F2268DAF800506348AD183B
:10D9E8003A680893C5EB020CCDF81CC005F07EDB45
:10D9F800089B09F57E71019303F57E7307339B0A33
:10DA080007310BF57E72890A073202930823920ABE
:10DA18000091039359464B46554805F067DB336838
:10DA280020683968DDF81CC00190039300F57E700A
:10DA380003F57E730CF57E7601F57E7207300733A9
:10DA4800800A9B0A07320736B60A920A02900493A4
:10DA580048486346009605F049DB099905F57E724A
:10DA680001F57E7307339B0A0732920A0093294611
:10DA7800099B414805F03ADB404B414F1968414842
:10DA880005F034DB3968404B0A6846469A4203D0B1
:10DA98003E4805F02BDB25E01A910B4604E015689B
:10DAA8003948131D854203D11A461BAB9A42F6D357
:10DAB80033681AAD009336482B461A9205F016DBE8
:10DAC8003B681A9AE91A3348D31A0A46009305F0B4
:10DAD8000DDB33681A9A591B2F489B1A0A46009384
:10DAE80005F004DB2D4B1B684BB31A783AB3598900
:10DAF800DD891A8901FB05F638354D4306F57E7335
:10DB080007339B128DE8280005F57E7307339B12B7
:10DB180002932348334605F0E9DA2368DAF800204F
:10DB2800991B9B185B1B03F57E7001F57E7207300D
:10DB3800800A07320090920A1A4805F0D7DA1A4B81
:10DB48001D6809F081DD044609F078DD29460346A1
:10DB58002246164805F0CADA1DB0BDE8F08F00BFAE
:10DB68000460010014040000F40300008839010077
:10DB780097390100D63901001B3A0100F003000073
:10DB880068600100563A01004B415453713A010054
:10DB9800953A0100CC3A0100F13A01004404000032
:10DBA800173B0100443B0100040400006C3B0100EA
:10DBB800106001004804000008B57146034805F0EC
:10DBC80095DA0120BDE8084009F0249E9A3B01003F
:10DBD80000487047186001002DE9F34107460C46DC
:10DBE80009F032DD10B909F035DD3AE000262046AB
:10DBF8000DF106016A46ADF80660009607F10308C4
:10DC08000AF072D9009D28F00308454440F638030D
:10DC18009D4226D82DB328463146FFF731FD0446EC
:10DC2800F8B13146009A05F03BDA009BA781ED1A5E
:10DC3800E218C8EB050802EB0803A3606368013D1E
:10DC480062F3140363601B0C65F34F13E3802046F3
:10DC580009F0DEDC01232080A370BDF80630E381E3
:10DC680004E0044B00241A6801321A602046BDE81B
:10DC7800FC8100BF4C04000038B50446E38959060E
:10DC880021D4A278013AD2B2A270002A27D1E27830
:10DC980062B1134B204653F82250E9890AF0D4D9CF
:10DCA80028462146BDE8384006F0509ADA0516D4D1
:10DCB8000C4B2046A360218809F0D4DC2046BDE83F
:10DCC8003840FFF765BD074B2046A3602188A56B48
:10DCD80009F0C8DC2046FFF75BFD2C46CEE738BDCF
:10DCE80050610100EFBEADDEF8B51F4E01220D46B2
:10DCF8003068002102F0AAFF002108220746306898
:10DD080002F0A4FF022D014610D107EA000414F422
:10DD1800806406D0306821F48061002202F096FF0A
:10DD28002C46FA041ED544F004041BE0052D10D13E
:10DD380007F40064D4F1010438BF0024BB0511D5F1
:10DD4800306841F48061002202F080FF44F0200432
:10DD580008E035B9306829460522BDE8F84002F0E8
:10DD680075BF00242046F8BD0004000029B9034B04
:10DD780011461868072202F069BF704700040000C6
:10DD88002DE9FF470446FFF723FF2368C462032BEE
:10DD980003D1474B18680FF0EFD92368A3F110029D
:10DDA8000F2A04D804B0BDE8F04709F0CF9B032B35
:10DDB8000FD1404AE36C22F00102934209D1626C10
:10DDC80006339361636C4FF0FF321A6004B0BDE80C
:10DDD800F087656CFFF7CAFD374E636CF169C3EBDA
:10DDE800000A3268354805F081D9A36C2168009390
:10DDF800636C22460193A36831480293E3680027C5
:10DE08000393E36C05F072D9E36904F11001009300
:10DE1800236A2C480193636A4FEA9A0A0293A36A19
:10DE2800B94603930EC905F061D9A36B04F12C011F
:10DE38000093E36B24480193236CB84602930EC900
:10DE480005F054D9EB682148009395E80E0005F0D9
:10DE58004DD9EB6905F1100100931D480EC905F075
:10DE680045D918E07A59D3070FD5FF2A0DD9194B90
:10DE78009A4204D902F16243B3F5801F05D81648C7
:10DE8800394605F033D909F101090437B9F10F0F03
:10DE980008F1010801D8D045E4D13368002043F4E3
:10DEA800806386E8180004B0BDE8F04709F0B29C2A
:10DEB80000040000D1C0800070600100C63B010072
:10DEC800DC3B0100113C0100443C0100733C0100B3
:10DED800913C0100F8370100AF3C0100036810B520
:10DEE800022B044603D0084B18680BF0BDDE204611
:10DEF800FFF746FF2368022B05D0034B1868BDE8DF
:10DF080010400BF0F19E10BD00040000014B186892
:10DF1800704700BFB46001002DE9F04104464C2071
:10DF28000E46154698460AF0D1D80746A0B10021FA
:10DF38004C2205F0B5D84FF4F0637B634FF47A7345
:10DF4800FB631C233B640C237B640423C7F80C800D
:10DF58003E607D60BC60BB643846BDE8F0817047B8
:10DF680010B515F04BFF15F059FF15F0B3F816F082
:10DF780005F8044615F06CF820461BF0D9FCFFF7AD
:10DF880087FC2046BDE8104009F0AE9A002301E066
:10DF9800013340080028FBD1C3F120007047C017A7
:10DFA8007047431E23EA0000FFF7F9BF4840FFF718
:10DFB800F8BF22EA000208401043704708B5FFF78F
:10DFC800F8FFC0B208BD2DE9F843DDF82080064609
:10DFD8000D4614469946002707E0E95DE25D3046A4
:10DFE800FFF7ECFF08F8070001374F45F5D1BDE80A
:10DFF800F8830379013BDBB2A3EB511300EB8300F9
:10E008008068D0F1010038BF0020704710F001018E
:10E0180030B51AD002230122591E01249DB214FAE8
:10E0280001F1202D02D09C40013C01E04FF0FF346B
:10E0380000FB02F52C40A14234BF89181146013378
:10E04800212B0A46E8D1084630BD084630BD38B510
:10E05800054600F51770FEF3BDF700240AE004F149
:10E06800760005EB8000436813B10430FFF304F732
:10E078000134A4B2B5F85831A342F0D838BD2DE91F
:10E08800F041061D9AB004460431304604321D465C
:10E09800FEF384F60746002D30D0204601210AAA57
:10E0A800202305F10408FFF3FDF647B92046294669
:10E0B800FFF368F60028D4BF0020012000E001200B
:10E0C8000021FFF773FF3146054642463046FFF30D
:10E0D800FBF4012112AA20232046FFF3E3F602AE47
:10E0E800E8B20AA912AA20230096FFF76CFF63681A
:10E0F8002046012132469B0000F0AEDA1AB0BDE896
:10E10800F081F0B5071D9BB004460431384604324F
:10E118001D46FFF3D9F4064625B320230AAA012198
:10E128002046FFF3BFF630460021FFF73FFF2A1DC8
:10E13800064639463846FEF331F6012112AA202355
:10E148002046FFF3AFF602ADF0B20AA912AA2023C7
:10E158000095FFF738FF6368204601212A469B0097
:10E1680000F07ADA1BB0F0BD2DE9F041B8B01546E1
:10E1780006468846FFF3C4F66A68044602329300EE
:10E18800502B4FD8D8F8043003339B00902B49D834
:10E1980024A9FFF379F50746002844D06A6805F1F9
:10E1A8000801920026A804F0F7DED8F804202046DB
:10E1B80069460332FFF368F50446002833D0284641
:10E1C800FFF3A2F66D686D01451B00E0203515F1DF
:10E1D8001F0FFBDB20464146FFF306F63DB13846EC
:10E1E800294600F079DA2046294600F075DA201D24
:10E1F800391DFFF39FF220463946FFF3C3F5002887
:10E2080005DB204621463A460023FFF77AFF1DB179
:10E218002046694200F060DA30462146FFF3E4F513
:10E22800012000E0002038B0BDE8F08108B528B131
:10E23800FFF36AF6D0F1010038BF002008BD2DE9D0
:10E24800F0410446ACB00D461646FFF359F66B682C
:10E2580062682B94B2EB430F01D3201D08E0012123
:10E268000022DB00FFF3CAF42B9000284ED00430C4
:10E27800291DFFF3DBF23046FFF7D8FF0121FFF736
:10E2880095FE20230BAA012180462046FFF30AF6BB
:10E298002B981BAD201A18BF01200121FFF786FE1D
:10E2A8002B9907462046FFF39FF5012113AA202347
:10E2B8002046FFF3F7F5F8B213A90BAA202300951F
:10E2C800FFF781FE01212A4620232046FFF3EAF5C5
:10E2D800324620462B99FFF747FF0646B8B1012181
:10E2E80023AA20232046FFF3DDF503AE5FFA88F06A
:10E2F80023A92A4620230096FFF765FE32462046CA
:10E3080001212023FFF3CEF5012600E006462B9BD2
:10E318009C4202D02BA8FFF3AFF530462CB0BDE8E5
:10E32800F0812DE9F74FD2F804A007795FFA8AF94E
:10E3380091F80480144600F1080609F1FF390D46EA
:10E3480030460021BA005FFA89F9083404F0A8DEE3
:10E35800013F08F1FF3104EB890B6FEA0909C9B2E3
:10E368004FEA8909FFB208354FEA880805EB8105AD
:10E37800CDF80490002306EB8706C8F100090021B8
:10E388001DE05FFA8AF84FEA88085C46C8EB060881
:10E39800304600270DE03A46076854F804C90023C0
:10E3A800D2196F5843F10003E7FB0C2340F8042906
:10E3B8001F464045EFD1019804393350043E494582
:10E3C800DFD10020BDE8FE8F2DE9F04FBDB08846B3
:10E3D8004699D0F80C900C1D8568039400684C6829
:10E3E80008F10401049109F104010591079011460F
:10E3F80028461A460023FFF794FF98F8042099F856
:10E4080004302E790892002109F108009A00083595
:10E41800069306F1FF3A04F043DE039805EB8A0AF7
:10E42800A50040194FEAC40B0A90CBEB0A0B5146E2
:10E43800A4460020AE462BE00B68079A0A9F534378
:10E448000E4609932546002002910EE057F804393C
:10E4580031680B93002342180B98099943F1000384
:10E46800E1FB002346F80429184615F1FF35EDD2E3
:10E478000299A5004D1B07E01E680023821943F18D
:10E48800000345F804291846AB452B46F4D3043954
:10E498001CF1FF3CD0D2059A069B754602EB830619
:10E4A800CBF80000CEEB0A0A2246002303E05AF814
:10E4B8000310F150043B013A971CF8D10021D9F818
:10E4C8000800FFF773FD0599039A07460498FFF3C0
:10E4D800FBF202212B4640460CAAFFF3E3F4049812
:10E4E800089900EB810303E056F8042943F804294E
:10E4F80014F1FF34F8D202211CAA2B464046FFF340
:10E50800D1F42CACF8B21CA90CAA2B460094FFF746
:10E518005AFD4046022122462B4600F09DD8002095
:10E528003DB0BDE8F08F2DE9F04F04468BB018469A
:10E5380009921F460891FFF3E3F47B6804F5AC7277
:10E5480006929B00002200250590A4F85821079305
:10E558002E4668E004EB8609D9F80410002960D03B
:10E568000698FFF3D7F0804600285AD10121424689
:10E57800079B0598FFF342F305F1200A04EB8A0A8A
:10E58800CAF85C01D9F8040004EB8503C3F85C0100
:10E59800FFF7FCFCC0F11F00C0B204900999DAF83B
:10E5A8005C01FFF321F4C146DDF810A032E04FF022
:10E5B800010B05F1200884F860B204EB8808D8F84C
:10E5C8005C1104F5177C60460A460B46CDF80CC072
:10E5D8000097FFF7F9FE049ADDF80CC053B2C9EBB7
:10E5E80003030BFA03FB04EB86035B681BEA030FC8
:10E5F8000AD0002384F86032D8F85C116046089A83
:10E608000B460097FFF7E0FE0AF1FF3A5FFA8AFA35
:10E6180009F101091AF0800FC9D00135EDB2A4F84B
:10E6280058510136F6B294F84431B34292D80120D9
:10E638000BB0BDE8F08F2DE9F04F8346ADF52F7D87
:10E6480018461C4689469246FFF35AF46768012526
:10E658008046BE0000212422A1A804F021DD29461D
:10E66800002233464046A195FFF3C8F2294600220E
:10E678003346AB904046FFF3C1F2294600223346A9
:10E68800AC904046FFF3BAF202217B198B40AD9063
:10E69800A1AA4046FFF3B2F2AA90AB9800F008D8BE
:10E6A800267904F10805013EF6B255F8260010F067
:10E6B800010000F093804946AA9A2346AC98FFF3DC
:10E6C8002DF72346AB99AA9AAD98FFF327F755F88B
:10E6D8002600FFF79BFC002105464FF41E7203A895
:10E6E80004F0DEDC05236A4221469AA88DF80C3036
:10E6F800FEF37CF4514603A8FEF3DEF3234603A899
:10E70800AC99AD9AFFF70FFF9DF8507107F1FF38EC
:10E718001FFA88F80FFA88F3002B4FDB03A800EBE9
:10E728008303596859A8FEF3BBF61F2846D803A9E6
:10E7380001EB8003D3F8DC11AD98FFF355F3C8F172
:10E74800000800252DE0AD9901238DF86C329AA8B8
:10E758000A460B460094FFF737FEBB1E1BB203A800
:10E76800EA18C3185B1993F8043131460136994207
:10E77800E9DB00EB8203596891B1002359A88DF8B1
:10E788006C32FEF38DF61F2818D803A901EB80031D
:10E79800AD990094D3F8DC219AA80B46FFF714FE34
:10E7A800013D45454FF00006D7D19AA85946AD9A84
:10E7B800AB9B8DF86C620094FFF706FE03A8FFF789
:10E7C80046FCACA8FFF358F3ADA8FFF355F3ABA88C
:10E7D800FFF352F3AAA8FFF34FF301200DF52F7DA5
:10E7E800BDE8F08F2DE9F04FB3B0039018461C46F2
:10E7F8008A469346FFF384F3D4F80490012509F17F
:10E808000107BF0080464FEA890600213A4605A85D
:10E8180004F046DC29460022334640460595FFF3BE
:10E82800EDF12946002233462E904046FFF3E6F1EB
:10E838002946002233462F904046FFF3DFF1294650
:10E848000022334630904046FFF3D8F102213B4680
:10E85800319005AA4046FFF3D1F12D902E98FFF391
:10E8680027F7267904F10805013EF6B255F8260087
:10E87800DAF8047010F0010000F08B8051462D9AF0
:10E8880023462F98FFF34AF62E992D9A234630985F
:10E89800FFF344F655F82600FFF7B8FB7F01424224
:10E8A800214626A8FEF3A2F3013F01E0A6F12007C6
:10E8B800BEB258463146FFF79CFB0028F6D109F155
:10E8C800FF393FB20BF1080AA9EB67175AF827007E
:10E8D800FFF75CFB361A3BE0309901250A460B46E8
:10E8E80026A88DF89C500094FFF76EFD294616AABD
:10E8F80020233098FFF3D6F230994FF000080B46EA
:10E908002F9A26A88DF89C800094FFF75DFD1EAA1B
:10E91800294620233098FFF3C5F206F01F0015FAA8
:10E9280000F0A9EB67175AF8273041461840FFF75F
:10E938003DFB0EAFC0B216A91EAA20230097FFF711
:10E9480042FB309829463A462023FFF385F6013EDC
:10E95800B6B237B2002FBFDA00230399309A8DF888
:10E968009C3026A82E9B0094FFF72EFD26A8FEF3C8
:10E9780031F32FA8FFF380F230A8FFF37DF22EA821
:10E98800FFF37AF22DA8FFF377F231A8FFF374F2C0
:10E99800012033B0BDE8F08F2DE9F04FBFB00390F0
:10E9A80018461D4689469246FFF3AAF26E6802236E
:10E9B8000124B60000278DF8F7300A233C9321463E
:10E9C8003A463346804637973B978DF8F640FFF333
:10E9D80015F121462D903A4633464046FFF30EF195
:10E9E80021462E903A4633464046FFF307F102216E
:10E9F8002F903A4633464046FFF300F121463090C7
:10EA08003A4633464046FFF3F9F0214631903A46FC
:10EA180033464046FFF3F2F0214632903A463346F9
:10EA28004046FFF3EBF0214633903A4633464046E2
:10EA3800FFF3E4F0214634900DF1F60223463398B3
:10EA4800FFF30AF621460DF1F70223463498FFF347
:10EA580003F621463A4633464046FFF3CFF02146B7
:10EA680035903A4633464046FFF3C8F02146369083
:10EA78003A4633464046FFF3C1F0214638903A46BD
:10EA880033464046FFF3BAF0214639903A463346BA
:10EA98004046FFF3B3F021463A903CAA234630980B
:10EAA800FFF3DAF530982B4602462946FFF729FB93
:10EAB80003992A462D98FFF7C2FB2B4630992D9AC9
:10EAC8002E98FFF32BF52E992A462F98FFF7B7FBC0
:10EAD8002E982F9A01462B46FFF7D1FA2E98FFF76A
:10EAE800A5FB2146FFF762FA29468446349A2F98F7
:10EAF8002B46CDF808C0FFF704FB2E992F9A2B461A
:10EB08003198FFF76FFE4A462B4630992E98FFF34F
:10EB180005F52E9829460246FFF374F251462E9ABF
:10EB28002B463598FFF3FAF452462B462E98294681
:10EB3800FFF7E7FA484629462F9AFFF363F22E9823
:10EB48002F9A01462B46FFF3E9F42F983399319A0F
:10EB58002B46FFF794FA2E992F9A2B463698FFF3F7
:10EB6800DDF4202321461DAA3598FFF39BF12023CD
:10EB7800214625AA3698FFF395F1DDF808C00DF176
:10EB8800540B5FFA8CF01DA925AA3346CDF800B0C6
:10EB9800FFF719FA334621465A464046FFF32EF04E
:10EBA8002A46014637902E98FFF749FB2E98379A48
:10EBB80001462B46FFF3B2F44946379A2B462F9865
:10EBC800FFF3ACF42E982F9A01462B46FFF757FA1D
:10EBD800524639982E992B46FFF751FA30992D9ABB
:10EBE8002B462E98FFF39AF42B462E99379A38988D
:10EBF800FFF394F438992A462E98FFF720FB2E98B5
:10EC0800389A01462B46FFF389F44946389A2B4631
:10EC18002F98FFF383F42E982F9A01462B46FFF77F
:10EC28002EFA52463A982E992B46FFF728FA339A2D
:10EC38002B462E982946FFF764FA2E982146FFF3B3
:10EC48004BF52E982B4602463999FFF7CBFD2E98A7
:10EC5800FFF7ECFA214681462E98FFF3AFF22146E2
:10EC680040EA0900FFF7A2F9214681461DAA2023A0
:10EC78003998FFF317F15FFA89F92023214625AA6D
:10EC88003A98FFF30FF148461DA925AA3346CDF857
:10EC980000B0FFF798F921465A4633464046FEF33E
:10ECA800ADF720233B9021461DAA3798FFF3FAF0D1
:10ECB8002023214625AA3898FFF3F4F00DF1140A11
:10ECC80048461DA925AA3346CDF800A0FFF77BF9D1
:10ECD8002023284621461DAAFFF3E4F006F1FF3958
:10ECE8003EAB994419F8843C03F00303032B03D08B
:10ECF800444804F0FBD954E03A464046214633469E
:10ED0800FEF37CF73B4680462946339A2E98FFF758
:10ED1800B6F92E980221FFF3DFF42B463B992E9A81
:10ED28004046FFF75FFD21461DAA20230398FFF305
:10ED3800B9F025AA202321464046FFF3B3F019F87D
:10ED4800840C19F8641C00F0010001F00101FFF7C0
:10ED58002DF929462B46074642462E98FFF7D1F94A
:10ED680021461DAA20234046FFF39CF0214625AAF0
:10ED780020232E98FFF396F00AEB0605F8B21DA99A
:10ED880025AA33460095FFF71EF921465246334619
:10ED98004898FFF361F4499821462A463346FFF321
:10EDA8005BF42DA8FFF368F02EA8FFF365F02FA8F9
:10EDB800FFF362F031A8FFF35FF030A8FFF35CF0D7
:10EDC80032A8FFF359F033A8FFF356F034A8FFF345
:10EDD80053F035A8FFF350F036A8FFF34DF037A8ED
:10EDE800FFF34AF03BA8FFF347F038A8FFF344F0DD
:10EDF80039A8FFF341F03AA8FFF33EF000203FB0F6
:10EE0800BDE8F08FE93C010000487047883D0100EB
:10EE180000487047103D0100004870474C3D010014
:10EE280000487047C43D0100012801D1FFF7F0BF39
:10EE3800022801D1FFF7F0BF032801D1FFF7F0BF87
:10EE4800042801D1FFF7E0BF002070470048704751
:10EE5800DC60010000487047305D0100014B43F859
:10EE68002010704750610100034B53F82000431AEB
:10EE7800584240EB030070475061010042893C2929
:10EE880028BF3C21034691422CBF08461046988172
:10EE98007047000000F13402342A08B5034606D949
:10EEA80005482021054A04F061D9034808BD044AF1
:10EEB800434252F8230008BD306101007F3E010043
:10EEC8000CA2880038B5049C1D467CB1FF2B0DD0E0
:10EED80002B95BB96B1C2070A170637025B1114633
:10EEE800E01C2A4604F058D803356419204638BD7A
:10EEF800C0F3804070470000044B00F440321343D5
:10EF080003420CBF00200120704700BFD09154007D
:10EF180038B50546FFF7F0FF38B10B4B2B4033B936
:10EF280015F4900418BF182402E0044600E01024E9
:10EF3800284605F0BDDF20B1034B2B40002B18BF3E
:10EF48001024204638BD00BFC4D1040000487047D3
:10EF5800685D010000487047785201000020704742
:10EF680008B5FFF7F3FF41780278012313FA01F19E
:10EF780013FA02F20A4381788B4042EA030008BD83
:10EF88002DE9F7434FF0000804460F461646994608
:10EF98004546012303FA08F313EA090F2BD06369E6
:10EFA8002046222B0ADDE3695A0607D540F62701D9
:10EFB80000220EF0AFDA0146204600E000214FF4AF
:10EFC800C4620EF047D9C0F8008063692046222B3E
:10EFD8000ADDE3695B0607D540F6270100220EF03B
:10EFE80099DA0146204600E0002140F224620EF042
:10EFF80031D903681D4308F10108B8F11F0FC8D1C2
:10F008009DF828304BB145B10123009320462B468B
:10F0180039463246FFF7B4FF05432846BDE8FE836C
:10F02800816838B540F63C039942044628D1C36844
:10F038000B2B03D84FF0A871994001D40C2B1FD982
:10F0480049F218239A4205D049F640439A4217D10B
:10F058000C4D00E00C4D63692046222B0ADDE36964
:10F06800590607D540F6270100220EF053DA01466B
:10F07800204600E0002140F2DC620EF0EBD805608B
:10F0880038BD00BF99010100B601010038B54369D8
:10F098000446222B0ADDC3695D0607D540F6270121
:10F0A80000220EF037DA0146204601E02046002112
:10F0B8004FF4C0620EF0CED80568204605F07C05F6
:10F0C800AD08FFF747FF03E08378AB4207D00C3069
:10F0D80010B10388002BF7D12046FFF73FFF0388C4
:10F0E8004FF47A70584338BD70B5044616460D463D
:10F0F8000AF0B0DD94F86023094B002818BF0123FB
:10F10800012A94F8682308BFD4F85C33012A0CBF9D
:10F11800D4F864236FF000422B60326070BD00BFEA
:10F128000100820E2DE9FF471D46436990460022E3
:10F13800222B044689460292039209DDC3695F06C1
:10F1480006D540F627010EF0E5D90146204601E034
:10F15800204600214FF4C4620EF07CD80560236A73
:10F1680020460C2B636916DD222B0ADDE3695E0657
:10F1780007D540F6270100220EF0CCD901462046DB
:10F1880000E000214FF4C5620EF064D807683F0C18
:10F19800BF05BF0D14E0222B0ADDE369590607D528
:10F1A80040F6270100220EF0B5D90146204600E0BE
:10F1B80000214FF4C5620EF04DD807683F0AFFB230
:10F1C8000123AB4000262046494642460096FFF7F9
:10F1D800D7FE0546012212FA06F32B4207D0009209
:10F1E800204649464246FFF7CBFE25EA0005013690
:10F1F8001F2EEFD1204602A903AAFFF775FF029B35
:10F20800002625EA030A35460123AB4013EA0A0F14
:10F2180008D0204649464246EBB2FFF783FF8642B4
:10F2280038BF064601351F2DEED1B81C801904B031
:10F23800BDE8F0872DE9F041069E044615461F46B5
:10F24800FFF78EFE002870D010EA060800EA0707CC
:10F258002CD063692046222B0ADDE3695A0607D5BC
:10F2680040F6270100220EF055D90146204600E05D
:10F27800002140F21C620DF0EDDF63690646222B87
:10F2880020460ADDE3695B0607D540F62701002220
:10F298000EF040D90146204600E0002140F21C62F1
:10F2A8000DF0D8DF036843EA08033360002F2BD042
:10F2B80063692046222B0ADDE3695E0607D540F61E
:10F2C800270100220EF026D90146204600E0002141
:10F2D8004FF4C3620DF0BEDF63690646222B204659
:10F2E8000ADDE369590607D540F6270100220EF02A
:10F2F80011D90146204600E000214FF4C3620DF009
:10F30800A9DF03681F433760079B9A0305D4BDE84C
:10F31800F0810A2008F0C8DB01E040F2DD54D5F89E
:10F32800E0319B0301D4013CF3D1BDE8F081F7B58E
:10F338001E4643690446222B0F4615460BDDC3695A
:10F348005A0608D540F6270100220EF0E3D80097A8
:10F358000146204602E00097204600214FF0FF3387
:10F368004FF4CA620EF026DC6369222B0CDDE369D8
:10F378005B0609D540F62701204600220EF0CAD8C0
:10F3880000960146204602E000962046002140F201
:10F3980054622B460EF00EDCFEBDF7B51E464369DF
:10F3A8000446222B0F4615460BDDC3695B0608D5BC
:10F3B80040F6270100220EF0ADD8009701462046FE
:10F3C80002E00097204600214FF0FF334FF4CB6254
:10F3D8000EF0F0DB6369222B0CDDE369590609D5D1
:10F3E80040F62701204600220EF094D800960146E8
:10F3F800204602E000962046002140F25C622B463F
:10F408000EF0D8DBFEBDF7B51E4643690446222B35
:10F418000F4615460BDDC369590608D540F6270186
:10F4280000220EF077D800970146204602E00097A8
:10F43800204600214FF0FF334FF4CC620EF0BADBC8
:10F448006369222B0CDDE3695A0609D540F62701CA
:10F45800204600220EF05ED800960146204602E0C3
:10F4680000962046002140F264622B460EF0A2DB93
:10F47800FEBD436913B5222B04460DDDC3695B0647
:10F488000AD540F6270100220EF044D84FF48063D5
:10F4980001460093204604E04FF480630093204621
:10F4A80000214FF4C0620EF085DB1CBD2DE9F04F42
:10F4B800013AD2B2082A85B004469A4615D8374B85
:10F4C8009E5C374B9F5C374B13F80290364B9B5C26
:10F4D8000393364B13F802B0354B9B5C0293354BC4
:10F4E80013F80280344B9D5C07E00025A84602957E
:10F4F800AB460395A9462F462E466369222B0DDDA0
:10F50800E3695B060AD540F62701204600220EF083
:10F5180001D8CDF800900146204603E0CDF80090D0
:10F52800204600214FF0FF334FF4CB620EF042DB50
:10F538006369222B0FDDE36958060CD540F62701D5
:10F54800204600220DF0E6DF07EA0A03B340014631
:10F558000093204605E007EA0A03B34020460093DB
:10F56800002117FA06F340F25C620EF023DB039BDE
:10F5780083B148FA0BF208EA0A0848FA0BFB20465E
:10F58800029C2946A2400BFA04F305B0BDE8F04FEF
:10F59800FFF703BF05B0BDE8F08F00BF5C51010065
:10F5A800655101006E510100775101008051010041
:10F5B800EC530100F8510100015201002DE9F84314
:10F5C800044689460DF040DE0021064620460EF02E
:10F5D800EBDB80462046FFF7B9FC074620460EF0D5
:10F5E80055DA4946054642463B782046FFF79AFDDC
:10F5F8000B2302305843074B3146EB18B3FBF5F5A4
:10F60800454320460EF0D0DB0A23B5FBF3F5A8B23C
:10F61800BDE8F8833F420F0038B543690446222B02
:10F628000ADDC3695D0607D540F6270100220DF003
:10F6380071DF0146204601E02046002140F21462B5
:10F648000DF008DE63690568222B20460ADDE369B0
:10F65800590607D540F6270100220DF05BDF014669
:10F66800204600E0002140F214620DF0F3DD03684B
:10F678009D4214D063692046222B0ADDE3695A06AD
:10F6880007D540F6270100220DF044DF0146204649
:10F6980000E0002140F214620DF0DCDD0568284628
:10F6A80038BD38B51C461D68FFF7B6FF0346236012
:10F6B800401B38BD2DE9F743002504460F46164682
:10F6C80098469DF828900195FFF7A6FF0190636979
:10F6D8002046222B0ADDE3695B0607D540F62701A1
:10F6E80000220DF017DF0146204600E000214FF40C
:10F6F800C2620DF0AFDDB9F1010F006801D108B9A0
:10F708000EE050B9B8EB451F09D9204639463246B4
:10F7180001ABFFF7C6FF2D18D9E7002000E0012054
:10F728000B9B6D011D60BDE8FE832DE9F04F00269F
:10F7380085B08046894692460396012503AF404628
:10F748004946524643F6982300950197FFF7B2FFC2
:10F75800044688B98DE88100402340464946524610
:10F76800DDF80CB0FFF7A6FF039B38B99B445E4455
:10F7780043F697239E42E0D9284600E0204605B08C
:10F78800BDE8F08F2DE9F843994643690446222BDA
:10F798000E461546DDF82080099F0ADDC3695A0622
:10F7A80007D540F6270100220DF0B4DE01462046B9
:10F7B80001E0204600214FF4C3620DF04BDD0368E1
:10F7C8002046C9F800306369222B0ADDE3695B062D
:10F7D80007D540F6270100220DF09CDE01462046A1
:10F7E80000E0002140F21C620DF034DD0368204681
:10F7F800C8F80030D5F8E0313B60FFF7B1FB0746A9
:10F80800002872D0D5F8E031990304D42046314657
:10F818002A46FFF78AFF63692046222B0ADDE3693F
:10F828005A0607D540F6270100220DF073DE01467F
:10F83800204600E000214FF4C3620DF00BDD636940
:10F848000646222B20460ADDE3695B0607D540F60B
:10F85800270100220DF05EDE0146204600E000216F
:10F868004FF4C3620DF0F6DC0368FF433B4033609E
:10F8780063692046222B0ADDE3695E0607D540F658
:10F88800270100220DF046DE0146204600E0002157
:10F8980040F21C620DF0DEDC63690646222B20462E
:10F8A8000ADDE369590607D540F6270100220DF065
:10F8B80031DE0146204600E0002140F21C620DF0D6
:10F8C800C9DC036840F2DD541F40376002E00A20BB
:10F8D80008F0EAD8D5F8E0319A0301D5013CF6D111
:10F8E8006420BDE8F84308F0DF98BDE8F88337B531
:10F8F800044601AB4FF400616A460EF063DA6369AF
:10F908002046222B0ADDE3695D0607D540F627016C
:10F9180000220DF0FFDD0146204600E000214FF4F3
:10F92800CE620DF097DC056815F0005316D06369B8
:10F938002046222B0ADDE369590607D540F6270140
:10F9480000220DF0E7DD0146204600E000214FF4DB
:10F95800CE620DF07FDC0560012500E01D462046E3
:10F968009DE806000EF04CD928463EBD70B5044609
:10F978000E460DF069DC0021054620460EF014DA2B
:10F98800314602462046FFF781FB294606462046B7
:10F998000EF00ADA304670BD014B1860704700BFA0
:10F9A80094610100F8B5484F04463A68002A40F0CF
:10F9B80089804369222B09DDC3695B0606D540F6B9
:10F9C80027010DF0A7DD0146204601E02046002171
:10F9D80040F214620DF03EDC63690568222B204674
:10F9E8000ADDE3695E0607D540F6270100220DF01F
:10F9F80091DD0146204600E0002140F214620DF03E
:10FA080029DC03689D4214D063692046222B0ADD55
:10FA1800E369590607D540F6270100220DF07ADD83
:10FA28000146204600E0002140F214620DF012DC8D
:10FA3800056842F2107008F037D863692046222B17
:10FA48000ADDE3695A0607D540F6270100220DF0C2
:10FA580061DD0146204600E0002140F214620DF00D
:10FA6800F9DB63690668222B20460ADDE3695B0639
:10FA780007D540F6270100220DF04CDD014620464F
:10FA880000E0002140F214620DF0E4DB03689E42BE
:10FA980014D063692046222B0ADDE3695E0607D588
:10FAA80040F6270100220DF035DD0146204600E032
:10FAB800002140F214620DF0CDDB0668751B642648
:10FAC80075433D603868F8BD946101002DE9F74F32
:10FAD8000446884691461F460DF0E8DF8346002815
:10FAE80040F0D98020460DF0AFDB594682462046CB
:10FAF8000EF05AD9636905462D2B0CD1D0F8F43095
:10FB0800B9F1000F02D023F0007301E043F0007355
:10FB1800C5F8F430B8E02046FFF718FAC378012694
:10FB28009E4000F0B180B9F1000F5ED063692046B5
:10FB3800222B0ADDE369590607D540F627015A4604
:10FB48000DF0E8DC0146204600E000214FF4C362D6
:10FB58000DF080DB036841463B6043EA060701235A
:10FB6800009320463B462A46FFF70AFA6369074393
:10FB7800222B20460ADDE3695A0607D540F62701FD
:10FB880000220DF0C7DC0146204600E000214FF4BA
:10FB9800C3620DF05FDB414607602A462046FFF747
:10FBA800C4FD4FF47A7007F07FDF40F2DD5702E0C2
:10FBB8000A2007F079DF63692046222B0ADDE36912
:10FBC8005B0607D540F6270100220DF0A3DC0146AD
:10FBD800204600E0002140F20C620DF03BDB036898
:10FBE800334242D1013FE3D13FE03A689AB96369B1
:10FBF8002046222B09DDE3695F0606D540F627017A
:10FC08000DF088DC0146204600E000214FF4C36275
:10FC18000DF020DB026822EA060701230093204644
:10FC28003B4641462A46FFF7ABF96369074337422B
:10FC38000CBF00260126222B20460ADDE36959065F
:10FC480007D540F6270100220DF064DC0146204666
:10FC580000E000214FF4C3620DF0FCDA4146076072
:10FC68002A462046FFF761FD00E0012640F22D17E5
:10FC780002E00A2007F018DF2B6903F48053B3EB86
:10FC8800063F01D0013FF4D12046514603B0BDE8FC
:10FC9800F04F0EF0899803B0BDE8F08FF0B589B049
:10FCA80004460D4606AA07AB4FF400610EF08AD849
:10FCB80029462046FFF75AFE4FF47A760022B0FB19
:10FCC800F6F6134602212046FFF79DFB0022074661
:10FCD800134600F00F0503212046FFF794FB4FF66B
:10FCE80080733B40DF094FF4000320F07F4200930C
:10FCF80003A804A9334603F09DDE05A80399049AD6
:10FD08001823774303F0DADE05B92D60059A4FF41E
:10FD1800006300934FF4805303A804A9BA1893FB17
:10FD2800F5F303F087DE02A80399049A0C2303F085
:10FD3800C5DE20460699079A0DF062DF029809B0E1
:10FD4800F0BD10B504460DF0E7DE01462046BDE8DB
:10FD58001040FFF7A3BF70B504461646FFF7F1FF42
:10FD680063690546222B20460ADDE3695B0607D551
:10FD780040F6270100220DF0CDDB0146204600E0C9
:10FD880000214FF4CC620DF065DA04230360D6F845
:10FD980064364FF47A70DBB2B5FBF3F5684370BD97
:10FDA80070B504460E460DF04FDA00210546204690
:10FDB8000DF0FADF314602462046FFF7CCFF294610
:10FDC800064620460DF0F0DF304670BDFFF7E8BF6D
:10FDD80037B50446FFF7B5FF4FF400616A4601AB3B
:10FDE800054620460DF0EEDF00221346204604218A
:10FDF800FFF709FB00F47F40030A00B91B60B5FB5D
:10FE0800F3F520469DE806000DF0FADE28463EBDD3
:10FE180070B504460E460DF017DA00210546204657
:10FE28000DF0C2DF314602462046FFF77EFC204631
:10FE3800FFF78CF863690646222B20460ADDE36942
:10FE48005A0607D540F6270100220DF063DB01466C
:10FE5800204600E0002140F20C620DF0FBD9F37857
:10FE6800012111FA03F3026829461A420CBF002641
:10FE7800012620460DF098DF304670BD70472DE909
:10FE8800FF47836E002204460D460292039263B137
:10FE9800D0F8CC1000EB8101D1F8D400216E884253
:10FEA80005D1606E9847814602E0994600E0914688
:10FEB80020460DF0C9D90021824620460DF074DF96
:10FEC80002A9804603AA2046FFF70EF9029F0026E2
:10FED8000396F7B13B462046294642460096FFF76F
:10FEE8004FF863693843222B029020460ADDE36904
:10FEF800590607D540F6270132460DF00BDB0146BF
:10FF0800204600E000214FF4C3620DF0A3D9029B04
:10FF18000360039EFEB10027334620462946424629
:10FF28000097FFF72DF863693043222B0390204692
:10FF38000ADDE3695A0607D540F627013A460DF06F
:10FF4800E9DA0146204600E0002140F21C620DF08B
:10FF580081D9039B0360294642462046FFF7E5FB0B
:10FF6800204651460DF020DFE36E5BB1D4F8CC207B
:10FF780004EB8202D2F8D410226E914202D1606E54
:10FF880049469847BDE8FF8710B500220C4608F09F
:10FF9800B1D8A0B90A4B1B688BB11A787AB1DA8943
:10FFA80094420CD8184604F0E1D820B1054B1A68E1
:10FFB80001321A6010BD044B1A6801321A6010BD74
:10FFC80044040000986101009C610100037E2BB18C
:10FFD8004069D0F1010038BF002070470120704708
:10FFE800014B03EBC0007047A0610100014B03EB1C
:08FFF800C0007047C061010068
:020000041002E8
:1000000070B50C46164609F0B3DD80B100252846D0
:10001000FFF7F0FF03681BB980E85000184670BD79
:100020000135EDB2042DF2D14FF0FF3070BD4FF02D
:10003000FF3070BD6FF016007047704770470000CA
:1000400003682DE9F041C0F8203143680022C0F870
:1000500024318368C0F82831C368C0F82C310369A3
:10006000C0F830314369C0F834318369C0F83831A1
:10007000C369C0F83C3100F59073534E1C69DF69C9
:100080009559D3F814C07D194FEAB41787EAF427BD
:1000900087EA7467ED199F6927EA040704EA0C04EC
:1000A0007C402C198D1811F802C0EF78043247EA11
:1000B0000C6795F801C0AD7847EA0C4747EA05257B
:1000C0006419DD61DD68402A2544DD6093E8A010F5
:1000D00087EA0C0808EA05080CEA070C88EA0C070E
:1000E0004FEAB50C8CEA753C8CEAB5553D442C447E
:1000F00043F8044DC1D100F1E00306F13C0500F1E5
:1001000020071A6955F8044FD9695E6961184FEAEA
:10011000B21484EAF22484EA726409199C69D3F85F
:100120005CC024EA0204324062409E6B5C6A664412
:100130004FEA744C8A188CEAF44C996D8CEA94243A
:1001400034194FEAF11686EAB14686EAD101611800
:100150005218D961D9688918D96093E8520084EAA5
:10016000060C0CEA010C26408CEA06044FEAB106A4
:1001700086EA713686EAB1516118891843F8041D80
:10018000BB42BED1036842685918436A0160D31864
:1001900043608268836AD3188360C268C36AD318D5
:1001A000C3600269036BD31803614269436BD318C0
:1001B00043618269836BD3188361C269C36BD318AF
:1001C000C361BDE8F08100BFC0540100F0B5034633
:1001D00096100F46002510E057F8044B01354FEA02
:1001E000146C83F800C04FEA144C83F801C04FEA46
:1001F000142C83F802C0DC700433B542ECDB26EA31
:10020000E67312F0030200EB83000AD051F823409A
:100210001821002334FA01F5C554013308399342FB
:10022000F8DBF0BD0048704764540100D0F8B431E9
:1002300070B5D318934204460E461546C0F8B43143
:1002400004D2D0F8B0310133C0F8B031D4F8AC21C9
:10025000AB183F2B0AD8A21802F5B67031462A46D1
:1002600002F09EDED4F8AC315D1925E0E2B1A018B1
:100270003146C2F1400200F5B67002F091DED4F8CA
:10028000B831201D04F5B6719847D4F8AC31C3F1EC
:100290004002403BB6185D1906E03146D4F8B8314B
:1002A000201D98474036403D3F2DF6DC04F5B670E2
:1002B00031462A4602F074DEC4F8AC5170BD00002D
:1002C000012910B5044640F8041B05D10A4B0B491F
:1002D000C4F8B831142204E0094B0A49C4F8B83113
:1002E000202202F05DDE0020C4F8AC01C4F8B001A9
:1002F000C4F8B40110BD00BF0D430000C05501009B
:1003000045400000A0540100F8B5044600F5AA7667
:100310000D4600F58A7721463046142202F040DE71
:1003200030696649726841183068331F01EBF0612B
:10033000F06820EA020CB06810408CEA000009184E
:1003400046F8041C687895F800C0000440EA0C6088
:1003500095F803C04FEAB20240EA0C0095F802C0DB
:10036000043540EA0C2041189F42306146F8041CD5
:1003700072601E46D4D304F5827530694F497268A5
:10038000411853F80409F76801EBF061B06827EAF7
:100390000207104078400918376BF0694FEAB20243
:1003A0007840B76C72607840376D78404FEAF070F3
:1003B0003061081846F8040C043EAB42DDD804F165
:1003C000B4061A4615693E495068691853F804592D
:1003D000D76801EBF561956845407D404919176B79
:1003E000D5694FEAB0007D40976C50607D40176D35
:1003F0007D404FEAF57515614D1942F8045C043AE9
:10040000B342DFD804F1640C1A4615692D49101D5A
:10041000691853F80459C1C801EBF56186EA07056C
:100420000540374085EA07068919D569166B4FEAFA
:10043000B0007540966C50607540166D75404FEA7F
:10044000F57515614D1942F8045C043A6345DCD832
:1004500004F114061D691C49586869181D68DF6895
:1004600001EBF5619D681A4645407D4049191F6BB7
:10047000DD694FEAB0007D409F6C58607D401F6D84
:100480007D404FEAF57549191D6143F8041C043B92
:100490009E42DFD323685918216013686168CB1826
:1004A00063605368A168CB18A360E1689368CB18B8
:1004B000E3602169D368CB182361F8BD9979825A2A
:1004C000A1EBD96EDCBC1B8FD6C162CA30B5034626
:1004D00085B00C4615466846194607F0B3DE20463F
:1004E0006946102DB4BF2A46102202F059DD05B02E
:1004F00030BD07F0039F08B507F0ECDE002008BD13
:1005000038B504460D46FFF78DFE0346E4B10022E0
:10051000226062600122AA4001680A420AD100F109
:1005200014014069024204D103F128019B6A1A4276
:100530000DD00B4604F1100063602560A0609B683D
:1005400029469847002038BD6FF0010038BD6FF094
:10055000160038BD08B5436813B1DB68806898475A
:1005600008BD08B5436813B11B698068984708BD8A
:10057000013806289ABF024B18560020704700BF6A
:10058000D4550100F8B5044600680E461546FFF73D
:10059000EFFF00284AD0D4F8AC218021A31883F8BB
:1005A0006C11531CA842B8BF0546382BC4F8AC31B7
:1005B00011D9A01800F5B6700021C2F13F02013038
:1005C00002F072DDD4F8B831201D04F5B6719847F9
:1005D0000023C4F8AC31D4F8AC210021A01800F5F8
:1005E000B670C2F1380202F05FDDD4F8B021D4F861
:1005F000B431D20042EA5372DB00C4F8B021C4F82F
:10060000B431082204F5D27004F5D871271DFFF724
:10061000DDFD384604F5B671D4F8B8319847304658
:1006200039462A46BDE8F840FFF7D0BDF8BD072897
:100630000AD84FF0C243834004D44FF0F0538340B4
:1006400004D401E0402070470020704780207047AC
:100650002DE9F0470C46B0B090469A460746002870
:1006600046D00846FFF784FF81462046FFF7DFFFAC
:100670005045064607F1800513DA21462846FFF764
:100680003FFF414652462846FFF764FF284620A90F
:100690004A46FFF766FF4E45B4BFB246CA460DF163
:1006A0008008002309E018F8032082F0360182F068
:1006B0005C020DF80310FA5401335345F3DB2AEAC8
:1006C000EA7A07E036230DF80A305C2307F80A308F
:1006D0000AF1010AB245F5DB21462846FFF710FF73
:1006E000044638B9284669463246FFF733FF01E031
:1006F0006FF00104204630B0BDE8F08710B18030C3
:10070000FFF728BF70472DE9F843DDF82080044645
:100710001546994661B10E46002707E032881AB1A6
:1007200020467168FFF7EAFF01370836AF42F5DB74
:10073000B9F1000F09D0B8F1000F06D020464946A4
:100740004246BDE8F843FFF7D9BFBDE8F8832DE97D
:10075000F0478A4690B09046064600282BD0D0F845
:10076000807000F180043846FFF761FF814638460B
:10077000FFF7FEFE05462A4620466946FFF7F1FED2
:1007800039462046FFF7BCFE204631464A46FFF771
:10079000E1FE204669462A46FFF7DCFE2046694610
:1007A0002A46FFF7DEFE504669464545B4BF2A4655
:1007B000424602F0F5DB10B0BDE8F087F0B5144614
:1007C000ADF5337D07460E461D4602A82346394641
:1007D0003246FFF73DFF044660B9BA9B02A800937A
:1007E0002946B89AB99BFFF78EFF02A8BB99BC9A1D
:1007F000FFF7ADFF20460DF5337DF0BD2DE9F04F3D
:1008000093B01E9F81468B4692461C461F9D002F2B
:1008100068D0002D68D02BB1184602F0F1DC00F151
:10082000010800E098464846FFF7A2FE0646002869
:100830005CD0431EEB1893FBF0F3FF2B079355DCC2
:100840004FF6FF73984551DC1D9A9A424EDC2B4BB4
:10085000ADF83420002C08BF1C461C9B01220E93CF
:1008600012AB03F8012D1093032300930023ADF87E
:100870002400ADF83C2001930293A842D4BF049019
:1008800004955946484652460BAB0C940A97ADF86E
:100890002C800397FFF792FF044600282AD14FF0DF
:1008A000020819E0AD1B002D0A9723DD04230093F5
:1008B000002301930293BF1948465946524609AB9B
:1008C0008DF847800397B542D4BF04950496FFF78F
:1008D00075FF08F1010860B9079A08F1FF339342E8
:1008E000E0DD07E03C4605E02C4603E06FF016042F
:1008F00000E00446204613B0BDE8F08F05EA890009
:100900000B4B10B51A681C46904204D15A689142AC
:1009100001D1184610BD6369054A984206D1906915
:10092000143281420CBF1046002010BD002010BDC3
:100930006C5D010073B504460CF0F6DE14237422DE
:10094000204640F60C410CF04FDE204601210422E7
:100950000DF030D82046022104220DF02BD80125BD
:100960000021204640F61C624FF0FF3300950CF04A
:10097000A7DE112300930021204640F618624FF0B5
:10098000FF330CF09DDE41F202130093002120465C
:1009900040F644424FF0FF330CF092DEF323204642
:1009A0004FF45E614FF0FF320CF01EDE0023204654
:1009B00040F6F8514FF0FF320CF016DE00232046CF
:1009C00040F6E4514FF0FF320CF00EDE08232046D3
:1009D00040F6EC514FF0FF320CF006DE00232046CB
:1009E00040F6E8514FF0FF320CF0FEDDDB232046ED
:1009F0004FF45D614FF0FF320CF0F6DD0C22002366
:100A0000204640F654410CF0EFDD284B00210093C6
:100A1000204640F6BC524FF0FF330CF051DE244B21
:100A200029460093204640F6BC524FF0FF330CF0AD
:100A300047DE204B02210093204640F6BC524FF087
:100A4000FF330CF03DDE2A462B46204640F624615B
:100A50000CF0CADD40F6FF7300930021164E2046CD
:100A600040F6B4524FF0FF330CF02ADE002120464E
:100A700040F6B8524FF0FF3300960CF021DE4BF6F3
:100A8000982300932946204640F6B8524FF0FF3392
:100A90000CF016DE20464FF45C614FF0FF32334617
:100AA00002B0BDE870400CF09F9D00BF1011121302
:100AB0001415161718191A1B1032547613B50C4654
:100AC00002B949B1084913B10B681C4003E00B6837
:100AD0001C4324EA03042240009200217022234692
:100AE0000CF0BADB1CBD00BFA404000013B5144613
:100AF00042690A2A0FDD29B1012905D002290AD14C
:100B0000842202E0782200E07C2200930021234628
:100B10000CF0A2DB01E04FF0FF301CBD2DE9F041ED
:100B200004460CF07BDF00210A460B4607462046B0
:100B3000FFF7C4FF00210A460B4606462046FFF792
:100B4000D5FF00220546022120461346FFF7CEFFBF
:100B5000D4F8788015E0D8F8083083B198F80420EC
:100B6000002AD8F80C200CBF2846384600EA0200BC
:100B700012D03240904202D0D8F800109847D8F8EE
:100B80001080B8F1000FE6D1204641462A462B4698
:100B9000BDE8F041FFF7AABF0028EDD1EFE74FF421
:100BA0008030704738B500251D70D1F8CC304FF437
:100BB000006113602A4604460DF0ECD8054638B1B2
:100BC000D0F8E031DA0103D4204601210DF0BCDC7D
:100BD000284638BD73B504460DF02AD818B920460A
:100BE0000DF0D2D860B3204621466A460DF10703C6
:100BF000FFF7D8FF0646C0B140F22D1502E00A20EB
:100C000006F056DFD6F8D431180706D4013DF6D1E8
:100C100003E00A2006F04CDF01E040F22D15D6F883
:100C2000D431590701D5013DF3D1204600210DF003
:100C30008BDC9DF807301BB9204600990DF0B8D821
:100C40007CBD10B5044607F0CDD82046FFF7C2FFA3
:100C5000012010BDF0B585B004460D4617460DF0D5
:100C600093D8002800F09480A66E6EB1D4F8CC30F2
:100C700004EB8303D3F8D420236E9A4203D1606E31
:100C8000B047064600E000262046214602AA0DF1A4
:100C90000F03FFF787FF002863D0082F61D8DFE834
:100CA00007F005141C2735404A550D0000952046D5
:100CB00000214FF49C724FF0FF334EE00021009171
:100CC00020464FF49C720B4647E04FF0FF330093F1
:100CD000204600214FF49A723FE0002120464FF455
:100CE000EC720B4600910CF0B7DA00F0010539E028
:100CF00025B1202300932046002103E00223009326
:100D0000204629464FF4E872222326E0002120469F
:100D10004FF49A720B4600910CF09EDAC0F3C02596
:100D200020E0002120464FF4E0720B4600910CF0C9
:100D300093DAC5B216E0002120464FF49A720B46B2
:100D400000910CF089DAC0F340250BE0EDB200957C
:100D5000204600214FF4E072FF230CF07DDA0546B7
:100D600000E001259DF80F301BB9204602990DF0D7
:100D70001FD8E36E6BB1D4F8CC2004EB8202D2F81A
:100D8000D410226E914204D1606E3146984700E043
:100D90000546284605B0F0BD00487047C05D01001B
:100DA0000020704710B50C4641B18B6823B9C06F65
:100DB00009680EF029DBA060A06810BDC06F10BDEF
:100DC0001FB5084A03460092074A08460192074A9F
:100DD0000749126802921A68064B02F0D5DB05B08B
:100DE00000BD00BF145601004039010090600100B1
:100DF000E55501000856010008B1D0F88800704799
:100E0000642910DC632921DA4A291FD005DC07296F
:100E10001FDB08291ADD3C2912E0502916D018DB07
:100E20005C39032911E0C32904DCC2290EDAA83990
:100E300002290AE0B1F5847F08D003DCB1F5807F98
:100E400007D103E0A1F58971012902D86FF01600DE
:100E500070470020704700207047C88810F00800D5
:100E600018BF6FF0160070474A6810B593424C885F
:100E700029DBE30603D503681B7E002B26D121075F
:100E800003D503681B7E002B23D0A20602D5437E28
:100E9000002B21D0630722D414F0030322D002993F
:100EA0004CF05EDE00281FD0E10702D58379002BCD
:100EB0001DD114F002041DD08379002B0CBF6FF0FC
:100EC0000500002010BD6FF0010010BD6FF00400A0
:100ED00010BD6FF0030010BD6FF00A0010BD6FF081
:100EE000160010BD184610BD6FF01D0010BD6FF04C
:100EF000060010BD204610BD37B50546900723D526
:100F00008C6A0CB3A168226963680905C3F30043C6
:100F1000117A44BF43F00203DBB211B1D2F80801E9
:100F200001E0D2F804017F228DE80C000022383065
:100F300004F13C01134675F081DB2846214603B0DD
:100F4000BDE830407CF0E69F03B030BD2DE9F04FA6
:100F500087B000230F4610AC159904930593804683
:100F6000934694E87002DDF850A04CF0F9DDB7F933
:100F70000630002B1ADA1BF0010FB9883A890CD021
:100F80004900CDF800900196CDF80890CDF80CA05E
:100F9000D8F810000131334605E08DE86006D8F836
:100FA00010004900234607F0B3FD0FE0032D0BD9D5
:100FB000042204A8214601F0F3DF072D04D905A877
:100FC000211D042201F0ECDF6FF0160007B0BDE830
:100FD000F08F000038B50C4605460846484902F037
:100FE000D3DA4849204602F0CFDA4749204602F0DA
:100FF000CBDA4649204602F0C7DA4549204602F0DE
:10100000C3DA4449204602F0BFDA2046424902F0E2
:10101000BBDAD5F8340137F043DA20B9D5F8380116
:1010200039F0DEDA18B120463C4902F0ADDAD5F8E5
:10103000340137F035DA18B12046394902F0A4DA24
:10104000D5F8380139F0CCDA18B12046354902F02C
:101050009BDAD5F830013AF001DC18B1204632496C
:1010600002F092DAD5F8300105F0ACF918B120465B
:101070002E4902F089DA20462D4902F085DAD5F8AA
:101080004C0165F04FDF18B120462A4902F07CDAA6
:101090002B6893F83B301BB12046274902F074DAE5
:1010A0002649204602F070DA2549204602F06CDA23
:1010B0002B6A186909F020FC820707D521492046D0
:1010C00002F062DA2046204902F05EDA20461F492B
:1010D00002F05ADA20461E4902F056DA20461D492F
:1010E00002F052DA20461C4902F04EDA20461B4933
:1010F00002F04ADA1A492046BDE8384002F0449A24
:101100001D56010021560100265601002B560100F4
:10111000345601003D56010041560100465601007B
:101120004D56010057560100615601006A560100F4
:101130007356010082560100875601008E56010049
:1011400095560100A1560100AA560100B7560100AC
:10115000BC560100C6560100CB560100D056010016
:10116000D856010030B585B0054668460C4602F0F9
:10117000F5D928466946FFF72DFF204605B030BD5A
:101180002DE9F04F03F00103A9B004461493D4F8FD
:101190007C3410691B680E46C358D0F858131B786E
:1011A00091460F93D4F88034B2681B681991C358E4
:1011B00008901B7809921593138860680B9303F0CD
:1011C0000C039B08022B08BF0B9913930B9A0CBFBF
:1011D000C1F3C0130023DBB21A9302F44073A3F5EA
:1011E00040756B4243EB050331461C93379F03F078
:1011F0008DDA369B04300E9083B11B7A0B2B07D10E
:10120000236893F8AD304BB136988379072B05D816
:1012100036990E9A91F90F30D2180E92D4F8B03157
:10122000002B2DDA369B03B31B7A022B1FD194F8C7
:10123000B022F2B90898036D13F008031CD1369957
:101240008A792168D1F8B8108A4217D2032A15D9B1
:101250000B2A13D8B269900010D4339A012A0FD107
:101260000E9B012008330E9304E0369A04E000231D
:1012700004E000200C9005E00C9203E00C9301E0E8
:1012800000210C91B568B389AA1F7633A5F17600C9
:101290001D92B38100217022B060189001F004DF2C
:1012A000B38BD90402D4B269520502D51B051B0DBC
:1012B00020E0D9F80420A04B1340BBB10B9901F0FA
:1012C000FC03882B12D1099A1379D8070ED43398CE
:1012D000F289411E02F007023298583209EB4202AD
:1012E0008842D38806D1591CD18003E01399012983
:1012F00006D111E0139801280ED00021079102E0D9
:1013000010220792002332981B019BB200F00F02BB
:1013100009991343CB8201E000220792099BA06840
:10132000DA8AB38B23F47E6323F01F0343EA12139C
:10133000B38314F003DA010703D5B38B43F40053EE
:10134000B3833498042808D12046089935F82A2C0C
:1013500014F080DEADF8980019E03299339801F06E
:101360000F02B4F85A33411E329842EA03128842FF
:1013700092B202D10133A4F85A333499520147F69C
:10138000E073134001F007021343ADF8983099F869
:10139000D7303BB90B9A02F0FC03802B02D008989F
:1013A00083791BB9079941F020010791634B3B40BA
:1013B000002B40F0828007F04072B2F1807F00F095
:1013C0008180139A012A30D9B369DA062DD4002B13
:1013D0002BDB96F91F30002B27DB226A574BD2F804
:1013E000488008EA030323B908F04073B3F1807F13
:1013F00003D109980379DF0766D4D2F844804F4BB4
:1014000008EA030323B908F04073B3F1807F04D1E5
:1014100009990B7913F0010359D0099A1379D80768
:1014200003D4D9F80830190705D599F8407007F0AA
:101430007F07B84649E002238DF8863027AB00933A
:10144000D4F85C011FAB494626AA7CF053DD0B980B
:10145000DDF87C8000F0FC03482B209F01D0C82BD6
:101460000BD14146089800222AF0F4DE99F840702A
:10147000804607F07F07002308E0B369329943F004
:101480000063B361D1F1010338BF0023BDF89C2094
:10149000D20703D5B26942F40052B261226892F8D1
:1014A000E120BAB1D4F8F8064946BDF89820059372
:1014B0007CF0D4DA059B12900DE00022B84612921F
:1014C000134608E0B84603E04746002300E04746DD
:1014D000129300E012922268D4F8840492F84F200C
:1014E00090F80CB012F0030200F09C818278012A7F
:1014F00009D9216A91F94D10A1F1010EDEF1000127
:1015000041EB0E0100E00021012A5FFA81FA17D9B0
:10151000226A92F94D20013212D1D9F8042012F03A
:1015200080420ED00E300221059302F0E7DC021C4F
:1015300018BF0122059B04E040000100FF0000C02D
:10154000002218F0407FD0B25FFA88F207D01F2A3D
:1015500002D9202A07D0553A072A04D91CE0A0490D
:101560008A56002A18DAB8F1000F15DB28F4801823
:1015700028F4407818F0407209D0BAF1000F03D176
:10158000B2F1807F03D110B148F4801804E0BBF1C0
:10159000010F08BF48F4807817F0407FFAB207D0F7
:1015A0001F2A02D9202A07D0553A072A04D91BE05E
:1015B0008B498A56002A17DA002F15DB27F480178B
:1015C00027F4407717F0407209D0BAF1000F03D129
:1015D000B2F1807F03D110B147F4801704E0BBF172
:1015E000010F08BF47F48077B4F8582402F4605222
:1015F000B2F5C05F2CD118F4E0221FD118F0407F63
:1016000017D0D9F80420120313D5226892F83B2092
:1016100092B1089882797AB1D0F80821528E02F4FA
:101620006052B2F5C05F0CBF4FF400324FF480320D
:1016300004E04FF4803201E04FF4003218F0407FB4
:1016400013D05FFA88F1202908BF4FF400320CE074
:101650005FFA88F2F9B2202A08BF4FF0807820297B
:1016600008BF4FF080774FF4803227F4E02A17F05C
:10167000407F28F4E02848EA020818BF4AEA020A34
:10168000226A08BF4AF4803A516C564A0A40002A3E
:1016900053D101F04071B1F1807F4ED018F0407FFE
:1016A00094F81C2204D0012A02D148F4000802E078
:1016B0000AB928F400081AF0407F94F81C2205D0DB
:1016C000012A03D14AF4000A00F009BE002A40F0C2
:1016D00006862AF4000A00F002BED9F80410C803F6
:1016E0002BD5D9F80810090627D5013225D118F0D5
:1016F000407F0FD05FFA88F2A2F15701012909D982
:10170000632A07D0642A05D0652A03D0662A18BF49
:1017100048F480081AF0407F0FD05FFA8AF2A2F1F5
:101720005701012909D9632A07D0642A05D0652AFF
:1017300003D0662A18BF4AF4800A2046494605931A
:101740001AF060DC18F04072059B45D0159902290B
:1017500008D108F4E02BABF50032D2F1000B4BEBD3
:10176000020B01E04FF0000B5FFA88F21F2A04D849
:10177000072A94BF002101210AE0202A06D0A2F105
:101780005501072994BF0021012100E00021C9B2C1
:1017900039B199F8FE1021B199F8FF10003118BF46
:1017A000012118F4000F11911ED01F2A04D8072A16
:1017B0008CBF0022012209E0202A05D0553A072AD1
:1017C0008CBF0022012200E00122D2B2002A0CBF0D
:1017D000024604220D9208E00D929346119204E015
:1017E00058168900FF0000C00D901AF0407226D0F4
:1017F0001AF4000F25D05FFA8AF21F2A04D8072AAC
:101800008CBF0022012209E0202A05D0553A072A80
:101810008CBF0022012200E00122D2B2002A18BFB0
:1018200004200EE028F4E02827F4E02A48F4803869
:101830004AF4803A10920D929346119202E010926F
:1018400000E0109093B1089A3398D2F8301102EB6F
:10185000C103C2B2C3F838210131089A01F03F0137
:10186000C3F83481C2F83011C9F820A218F04077CB
:1018700003D15FFA88F31B9303E0404674F058DE0F
:101880001B901398022800D088B9B4F868340E99D8
:10189000994202DCB3695B010CD5099A119813795E
:1018A00003F00103002B08BF0120179004E01199F9
:1018B000179101E0119A1792236A597D41B10F9B4C
:1018C00033B12FB9884A5FFA88F3D356002B07DB70
:1018D000236893F84F30980727D037B3159820B373
:1018E000339A012A0ED90F9B002B0CBF4FF0300A00
:1018F0004FF0160AB3694AF4803A23F00063B361EB
:10190000D04612E089B10F9878B167B908F07F032B
:10191000022B0AD0042B08D00B2B06D0162B18BF95
:101920004FF0010B01E04FF0010B18F040710F91E7
:101930001AD108F07F03162B16D86C4A9A4013D59B
:10194000149A62B15FFA88F3022B0BD0D9F81030E9
:1019500093F92C3113F1FF3318BF012300E0149BDE
:101960000D9301E00F980D901AF0407116911BD164
:101970000AF07F03162B17D85C4A9A4014D5149AA4
:101980006AB15FFA8AF3022B0CD0D9F8103093F9C0
:101990002C2112F1FF3218BF0122109204E0169B95
:1019A000109301E0169810901399D9F80430022989
:1019B00008BFC9F8588113F480334AD094F80D3227
:1019C000002B46D094F81132002B42D0159A032AEE
:1019D00030D00F9B4BB908F07F03022B2CD0042B87
:1019E0002CD00B2B2DD0162B2ED00998037913F069
:1019F00001032BD10B9901F0FC02882A29D1349ADA
:101A0000032A26D8B3691C9843F48053B361079B1B
:101A1000099900280CBF18221E2243F4A043079303
:101A20008B5A23F060031B041B0C43F020038B52E2
:101A3000012207E000230CE00F9808E00F990A91BB
:101A400008E00F9A0A9205E00F9B02E000200A903E
:101A500000E00A931D99204600910E9A41460B9B87
:101A600020F08CD922AF204651460E9A0B9B00974E
:101A700020F084D90622A5F14000394601F090DA21
:101A8000169A62B90AF07F03162B08D8174A9A40B3
:101A900005D50E9B05F83C3C1B0A05F83B3CB36999
:101AA0000F995A0512D591B1369A22B1127A042AA9
:101AB00001D00B2A1CD143F40063B361179894F84A
:101AC000DA32002B18BF0120179011E081B9064AC5
:101AD0005FFA88F3D356002B0ADA15F8063C03F0B8
:101AE0000F03149307E000BF581689000002102866
:101AF00015F8062C14920B9BA42B14D0099803798B
:101B0000DB0710D40A9981B9B36920465F054146C5
:101B100002D517F021DD03E00D9A359B20F008D99E
:101B2000099A508014E00A9B53B1414620460D9A11
:101B300040F62A131FF0DCDE099980B2023048809B
:101B40000B9AA42A04D10998438825F83A3C19E055
:101B500009990B79D90701D40A9A2AB1002305F80B
:101B60003A3C05F8393C0DE0B36920465A05514628
:101B700002D517F0F1DC03E0109A359B20F0D8D89D
:101B800025F83A0CB269930509D5B38C25F8343C95
:101B9000F38C25F8323C079B43F4005307933298AB
:101BA00018B9079941F00801079109980379DF07EF
:101BB00012D4D00410D494F810320BB151060BD4C7
:101BC000520505D41A9919B1199A92F828301BB9FF
:101BD000079B43F001030793924B34981399185CC9
:101BE000022915901CD1349A032A19D894F80D3281
:101BF000B3B11B9B042B13D9D4F8340136F062DA4D
:101C000070B91998159900EB41039B8B13B1B36917
:101C10005B0505D5119A1AB9079B43F480530793C6
:101C2000236A186966F018DC00F46050B0F5C05FF4
:101C300003D1079840F4807007900C9919B1079A66
:101C400042F400420792079B25F8763C369810B381
:101C500094F8B03213BB08990A6D12F0080221D132
:101C6000037A0B2B06D1236893F8AD30D3B1837977
:101C7000072B14D8369A93792268D2F8B820934269
:101C80000FD2B26997000FD43698027B02F0070298
:101C900042EA031203E03699079107E00022079217
:101CA00004E00023079301E00020079010994B1EE9
:101CB000DBB2012B04D8079A42F400539BB207937E
:101CC000A5F172000999022201F06AD9002305F8F2
:101CD000703C05F86F3C05F84A3C05F8493C369BDA
:101CE000002B2FD094F8B032002B2BD10898036D25
:101CF000180727D436990B7A0B2B06D1236893F853
:101D0000AD30FBB18B79072B1CD8369B9A792368B1
:101D1000D3F8B8309A4215D2B369990012D41C98FE
:101D200018B9099901F1180202E0099B03F11E029A
:101D30001A9800B102320023009320461899369B6E
:101D40002EF078DC099906220431A5F15000139198
:101D500001F026D9BDF8983025F82A3CD4F8440182
:101D6000089960F0E7DC35F8303C80B243EA0023A4
:101D700025F8303C002305F8283C05F8273C05F8F9
:101D8000263C05F8253C05F8243C05F8233C05F8DD
:101D9000223C05F8213C05F8203C05F81F3C179A29
:101DA0001AB9BBF1000F01D1E1E09B460022414688
:101DB00008982AF04FDA00220690514608982AF037
:101DC00049DA069B089013F04073189306D10699E0
:101DD000154BC8B21B56002B03DA14E0069874F0BA
:101DE000A7DB023818BF012070B1D9F8103093F981
:101DF0002C31012B0AD0079A42F480439BB20793FF
:101E000001230C9304E018980C9001E000210C9140
:101E1000089B13F0407209D1D8B2034B1B56002B1C
:101E200007DA1DE06CE1880058168900089874F004
:101E30007FDB023818BF012078B1D9F8103093F950
:101E40002C31012B0BD0079801216FEA40436FEA38
:101E500053439BB20793119103E0119001E00022DC
:101E6000119235F8763CBBF1000F02D043F40063C9
:101E700001E043F0060325F8763CBBF1000F0CBFF0
:101E80004FF0140C4FF00E0CA5F11E0362460093A8
:101E9000204606990B9BCDF814C01FF06FDFDDF8CC
:101EA00014C024AF62460B9B2046089900971FF090
:101EB00065DF39460622A5F1480001F071D80C987B
:101EC0000D990E9AA5F118030B93009001910292BF
:101ED00000275946069A4346204603971FF06CDFB9
:101EE00025F8160C119B10980E9900930190029101
:101EF00020465946089A534603971FF05DDF25F8A0
:101F0000420CA5F11400BBF1000F09D06FF03B03A8
:101F100005F8183C05F8177C099A02F10A010EE051
:101F20006FF04B0305F8183C05F817BC139906220F
:101F300001F036D8099BA5F10E0003F10A01062233
:101F400001F02ED81498189A81B252B906989F4A77
:101F5000C3B2D356002B04DA15F81E3C03F00F036E
:101F600001E015F81E3C1B02194314911FE059466D
:101F70000622A5F11E0001F097D859461022A5F1BE
:101F8000180001F091D8A5F148005946062201F049
:101F90008BD805F842BC05F841BCCDF820B0CDF88F
:101FA00018B0CDF82CB0CDF844B0CDF830B0B3694E
:101FB0005A050FD50F9969B128AB002223F8022DDD
:101FC0000093D4F83401494642460E9B36F096D829
:101FD00005F8430C079B25F8743C149825F8640C0D
:101FE0001699B1F1807F0BD031B90AF07F03162B1F
:101FF00002D8774A9A4001D4012002E0169800E006
:102000000220069A80B202F04073B3F1807F0BD0B9
:1020100033B902F07F02162A02D86D49914000D4EC
:1020200001239B009BB200E008230899184301F0AC
:102030004073B3F1807F0BD033B901F07F02162AD1
:1020400002D86349914000D401231B019FB200E0F4
:102050002027236A0743186966F0FED9C0B247EA11
:10206000002725F8627C0F9AB2F1807F0CD032B93C
:1020700008F07F03162B02D8554A9A4001D4012359
:1020800000E00F9B9BB200E002230D98ADF89A3060
:10209000421ED2B2012A09D843F01003ADF89A309B
:1020A0002368D3F888309A6901329A614146204604
:1020B000BDF89A707EF080DCB3690743B9B21B01AA
:1020C000ADF89A100ED5236893F8E13053B1236A26
:1020D000186967F099DB236A0DF19A011869129A61
:1020E00067F0ACDBBDF89A30414625F86E3CB4F899
:1020F0005824204627F09AD925F86C0C51462046E2
:10210000B4F8582427F092D925F86A0C179911B918
:10211000BBF1000F0FD00699B4F85824204627F0E1
:1021200085D925F8680C08992046B4F8582427F07A
:102130007DD925F8660C0F9A4AB10D9B042B06D168
:10214000204641460E9A1FF077DC25F8380C169889
:1021500048B11099042906D1204651460E9A1FF025
:102160006BDC25F8360CD9F80430580640F1AE8007
:102170001A9A002A00F0AA801998159900EB4103D9
:102180009B8B002B7BD0B369590500F19F80329A5D
:10219000002A40F09B800E9B204641460D9A1FF07E
:1021A000A7DB0B9B0990ABB106990C9A204617F060
:1021B00041D808990746119A204617F03BD80B9949
:1021C000B1F802B0BB4435F8427C1BE058168900D8
:1021D000000210280A9ABAB941460D9A0A9B204675
:1021E0001FF0A6DD099B514600EB030B109A0E9BD6
:1021F00020461FF07DDB51460746109A20460A9B79
:102200001FF096DDC71902E0DDF824B00B9F1FFA1E
:102210008BF225F8702C25F84A7C1998159900EB5B
:1022200041039B8B0998C3189B1A9BB21A0419D4BB
:10223000204641460D9A16F0FFDFFF2805D9B4F875
:102240005A24904238BF024601E04FF4807234991C
:1022500092B204EB4103B3F85C34934202D02046BF
:1022600018F076D8236893F84430002B2ED0349A97
:10227000032A2BD8D4F8600115995A4623E0236825
:1022800093F8443013B3349B032B1FD81A480B998F
:10229000C75C204639B10C9A069916F0CBDF0B9B30
:1022A0005A8882180CE041460D9A0E9B1FF020DBE5
:1022B0000D9A0546414620460B9B1FF039DD421919
:1022C000D4F8600139464B4650F0F0D8B369BDF8F8
:1022D000980043F08403B36129B0BDE8F08FD4F8CF
:1022E000842428F4800892F913202AF4800A012A11
:1022F0007FF4F3A9FFF7FBB96CE1880070B50B69B7
:1023000012B15478032C01D8002212E04D6845F434
:1023100080744C605679012E8DBF24F4806445F49E
:10232000A0654D604C605478052C2FD9062C03D144
:10233000012283F8A42370BD147A14F0040F4C68B2
:1023400014BF44F0806424F080644C60147A04F07C
:102350000804D4F1010438BF002483F8A4438B6837
:1023600023F004038B605478062C0FD9127AD2061E
:102370000CD5026843F004038B6092F80C21D0075F
:1023800004D592075CBF23F004038B6070BD00008E
:102390002DE9F04FB5B09A463F9B05460B2B894679
:1023A00016463E9F409C40F2E6800C3B04931AF098
:1023B0007DDE0021C8220590204600F075DE314602
:1023C0000622204600F0ECDDFA7ABB7A494643EA61
:1023D000022303F00302012AA4F86230E38808BF55
:1023E00084F83420BAF1000F14BF4FF48072002239
:1023F0001343E38028465BF09BDF60857A7A3B7A63
:1024000007F10C0B43EA022307AFE38500212822E2
:102410000DF14408384600F047DE2DAE0021282299
:10242000404600F041DE4FF0FF3300210C223046E1
:10243000ADF8CE3000F038DE0DF1CE032F93049BC3
:10244000BAF1000F0CBF4FF0600A4FF0700A8DE830
:1024500048002846002152465B462D97CDF8B880AB
:102460001CF0D6DA002840F08680059B4246DEB29A
:10247000284604F1380339461FF0D0DBBDF8CE30D2
:102480004FF6FF72934217D05A1E92B2DE2A75D8C9
:1024900043F480520E2B8CBF4FF440430023D5F8F9
:1024A000580143EA020152F043D858B9D5F86431D3
:1024B0009B889B0506D461E0731E9BB2DE2BADF8B2
:1024C000CE605BD8BDF8CE309E4203D1E28842F0A8
:1024D0000202E280EB1893F83C20494684F8612020
:1024E000284652B25BF0C8DEBDF8CE30A08543F47A
:1024F00080520E2B8CBF4FF440430023134363865E
:1025000000210C2230A800F0CFDD1F4B0DF16C082C
:1025100030931E4B002128224046319325AF32953F
:1025200000F0C2DDBDF8CE300021202238468DF803
:1025300072301B9400F0B8DD049BD5F8940602932A
:102540000021524630ABCDF8B080CDF894908DF894
:10255000A4608DE8800857F011D988B9608E431EB9
:10256000DBB2DE2B0AD802F059DA00280CBF0020BB
:102570006FF0130004E04FF0FF3001E06FF0130044
:1025800035B0BDE8F08F00BF112A8200812B820098
:102590002DE9F04FA5B00446D2F808A18B461546A8
:1025A0000021282205A8984600F07EDD0FA8002112
:1025B000282200F079DDD4F86C3313B104F55B7098
:1025C00008E0236893F82F3073B9236A5B7D052BED
:1025D00004D1694805A973F0EFDF05E0042B03D1AE
:1025E000204605A91FF066DD05AF3B460FAE20462D
:1025F00029460AF138020DF16409009628F090DAB4
:1026000000212422484600F04FDD0021082222A8A4
:102610001A971B9600F048DD94F84135CDF88C9060
:10262000DA0702D52A6DD70708D49E0708D52B6D87
:1026300003F00603023B18BF012302E0002300E081
:102640000123226892F84F2012F003020BD0D5F834
:10265000EC2012F4805205D19DF8BC10002908BF6F
:102660001A4600E0002224AB03F8082D1FFA8BF66F
:10267000009332460023D4F89406294657F056D8E2
:102680002E9A00F10C0913680746994571D8404607
:1026900000210C2200F008DDBAF82E30A8F808302E
:1026A000AB7923B1012388F80A30002306E0D5F87E
:1026B000EC2012F4803204D088F80A3088F80B300D
:1026C00004E0022388F80A3088F80B202A6D40F2D3
:1026D0003713134043B195F858302BB1B8F80A308E
:1026E00043F01003A8F80A30236893F830306BB930
:1026F000236A1B68022B09D1BAF86230980605D507
:10270000B8F80A3043F02003A8F80A30236A5B7D4A
:1027100043B194F872342BB1B8F80A3043F48063B3
:10272000A8F80A30236893F8A9305BB1D5F8EC30EB
:10273000590407D4AB792BB1B8F80A3043F480734D
:10274000A8F80A3022AB009308F10C030193D4F8E7
:102750009406002329463246029756F055DFBBF116
:10276000800F03D1D5F890301C9A5A612E9BC3F884
:10277000009025B0BDE8F08FD40D89002DE9F04F11
:102780004E688FB01746C6F3C0420C46D1F808A079
:1027900002920546002104A82822994600F084DC14
:1027A0002369C6F3004B26F08646039326F4EA1607
:1027B0002AF083036660A360002F00F0BF803B789F
:1027C00097F8018043EA0828A4F80081BB7884F8D0
:1027D000023146F4803363602B6893F84120B2B134
:1027E00093F842309BB146F4A026D4F824316660B9
:1027F00093F85D307BB91AF4007F03D094F824304D
:10280000D90608D52846214636F04EDC03E0284696
:10281000214636F03BDC0622284621462DF05EDFBD
:10282000A26812F0006222D108F00C039B10012B69
:1028300094F8FE0094F8FF1006D0032B09D043B99A
:10284000012284F8FE2001E084F8FE3084F8FF3095
:1028500003E084F8FE2084F8FF2094F8FE308342E1
:1028600007D194F8FF60761A18BF012602E000260F
:1028700000E0012618F4407F03D0636843F08043F2
:10288000636018F0010F03D0A36843F08003A360D6
:1028900018F0200F03D0A36843F00103A36018F0E1
:1028A000400F03D0A36843F00203A360A3680AF0BB
:1028B000030A03F003039A4518BF012618F0100F0E
:1028C00003D1636843F48013636018F4804F03D02E
:1028D000636843F000736360C8F34008B9F1000F08
:1028E00038D005F53E7003304946162200F058DB1B
:1028F000B8F1000F03D099F80180C8F3800899F867
:1029000001301A0703D5636843F08073636099F858
:10291000023013F008030ED0039A41F61001D2F8EA
:10292000083140F608425B8E03F44043B3F5404F54
:1029300014BF0B461346A5F8DC320BE028462146AF
:1029400006222DF0CBDE2846214636F09FDB3E46A0
:10295000B84619E01022F91C0DF1250000F020DB2B
:10296000D5F8843404A8997873F0E4DED5F86812B9
:10297000284624F095DEFF230190002204A800934E
:102980000146134673F05ADEBBF1000F11D06368A5
:1029900013F4803310D009AA0023E11812F8010FB4
:1029A00091F85110884206D10133102BF5D1002344
:1029B00002E05B4600E00123626802F48031C2F36A
:1029C0000042934500D163B104F1510029B10DF1EA
:1029D0002501102200F0E4DA02E0102200F064DBAE
:1029E0000126B8F1000F03D0636843F4002363604D
:1029F000029B434500D146B1D5F8843493F87B302F
:102A00001BB9284621467BF085DA0FB0BDE8F08F70
:102A100000F506612DE9F041093104464AF0D6DFA0
:102A200094F872380546002B74D0002872D06A21C1
:102A3000206948F0CFDC460006F1140841462069C1
:102A400048F0C8DC002207464146206949F004DB13
:102A5000380406D4304831493A46BDE8F04100F028
:102A6000499BD4F88484012388F86D3198F8283183
:102A70003BB1A068D8F8301111F044DE002388F88B
:102A80002831204629460CF0C2F998F81D3153B17F
:102A9000012388F82831A068D8F83011D8F824210B
:102AA000002311F009DE206906F1160148F092DCDE
:102AB000B4F8703883422DD10022134679B22846EB
:102AC000D5F810615BF094DC28465BF0D7DBAB797E
:102AD0008BB9D5F81421D5F80831128A5A852B7C88
:102AE0004BB1D5F8EC30990405D473791BB928465D
:102AF000012144F0E5DA0023B37194F80C22D6F8F2
:102B0000F0309A4206D0284684F80C32BDE8F041F5
:102B100024F04A9ABDE8F0811B5A8900F14D8900E2
:102B20002DE9FF4104460D4616461F460A994BF013
:102B300017D82046294632463B46FEF761F9B0F1E8
:102B40000008C0F2A18023685B7E4BB9206956F073
:102B50002BDC28B1A06811F0DBDD4FF0FF3893E0EB
:102B60003EB1032F05D903A83146042200F018DA3C
:102B700001E000230393342D18D008DC022D11DB73
:102B8000032D13DDA5F11B03012B0BD80EE0D62D71
:102B90000CD001DCA32D04E0FB2D07D040F20B1379
:102BA0009D4203D0002E65D0002F63DD3E2D02D064
:102BB000402D62D135E023681B7E002B60D0D4F815
:102BC0008424039992F81C318BB1CBB282F8463140
:102BD000D4F884241172D4F88424206992F8AC10BB
:102BE000012200920192002249F0C0DB3FE0204622
:102BF00049B27DF095DEB0F1000845DBD4F88434AD
:102C0000039A20461A722CF095DF20467DF028DFCB
:102C10002046D4F8B0141EF051DA204624F038DAF9
:102C200032E0039B5A1C042A2CD8013301D1032320
:102C30000393D4F88434039993F81C2172B1C9B278
:102C400083F8AD10D4F88434002293F8453120691C
:102C500000920122019249F089DB04E0236AC9B2A3
:102C6000186965F07BDAD4F88434039ADA714FF08E
:102C7000000809E06FF0010806E06FF0160803E0B5
:102C8000984601E06FF01C08404604B0BDE8F081B2
:102C90002DE9F341089C07460E46154698460094D8
:102CA000FFF73EFF10F12F0F0CD010F1170F0BD1D3
:102CB000384631462A464346089402B0BDE8F04102
:102CC00018F0B09B6FF0160002B0BDE8F08113B5AC
:102CD00004462CF011D820461CF0B8DBD4F884341C
:102CE000012293F8AD10206993F8463100920192C9
:102CF00049F03CDB206902B0BDE8104056F0669B0D
:102D000037B5036804465B7E002B40F01A810069EA
:102D100056F04ADB002840F01481236893F82030F5
:102D200033B9206947F072DE2368012283F820203E
:102D3000206905F012FE236893F8693113B120462B
:102D40004BF042DCD4F88434032293F851300092E3
:102D50008022002B14BF134600232046042126F0B6
:102D60004FDA2368DB6EE3B9206948F0CFDF093022
:102D700017D12268D36E13F0020512D143F002037B
:102D8000D366D4F86432595941B18B7933B94B7950
:102D900023B10B7C13B120464AF05EDC0435202DB4
:102DA000EFD12368DB6E1BB1204619F087D9C6E04E
:102DB000206948F0F7DC206990F934114D1C03D1EB
:102DC000012148F0EDDC01E048F042DC01236376AC
:102DD000204627F0ABDD23682046596B0323009380
:102DE00021B14FF480720021134602E04FF480724B
:102DF0000B4626F005DAA06811F006DD23680122F3
:102E00001A7694F8CF3173B120462CF093DED4F8C3
:102E100054332046598E2BF0BFD9002384F8CF318C
:102E2000204624F035D9D4F844260321204624F046
:102E300033D9204616F0E8DBB4F83415204629F0E3
:102E400095D9206948F04EDF0323202200932046C5
:102E50001346012126F0D4D9236893F82F301BB1F3
:102E6000D4F818053BF0AADF20461DF08BD8204689
:102E70007AF0D0DD01254FF47A72D4F8E8110123FD
:102E8000A06811F019DCD4F89C0184F82A5280F073
:102E900001DE20467DF0E4DDD4F88434204693F949
:102EA000121017F0F1DD20462DF034DD20462DF014
:102EB0001DDD204629462DF0BFDDE36884F860560D
:102EC000D3F82421294642F04002C3F82421236A82
:102ED0000022186965F048D9236884F88C5693F865
:102EE000693113B120464BF0AFDB6A21206948F00D
:102EF00071DA003018BF012084F873087E21206940
:102F000048F068DA421E92B24FF6FD739A4206D834
:102F1000430001304000A4F85038A4F85208B4F837
:102F2000501821B12046B4F870272DF065DFB4F8B1
:102F3000521849B12046B4F854282DF05DDF002026
:102F400003E06FF0080000E008463EBD2DE9F04FB9
:102F5000B5B0DDF8FC800D93B8F80A700D46ADF8F9
:102F600058701146BFB29146129704461AF09ED887
:102F7000B9F81670C0B21A97B9F8047010900D998C
:102F800048461B9773F056DC419F4FF0000A87F8C4
:102F900000A008F10C071597409F0F900C3F189761
:102FA000109FDDF860B00C97159ECDF844A0CDF8C9
:102FB00024A0CDF864A0CDF828A0CDF838A0CDF895
:102FC0002CA0CDF850A0CDF84CA0CDF820A0CDF885
:102FD0001CA02F464FE03378951C2D2B21D007D80D
:102FE000012B13D043D3032B12D02A2B40D114E052
:102FF0003D2B1DD005D80899322B08BF31460891CA
:1030000036E04A2B1BD0DD2B32D11FE007962FE094
:10301000B2784FF0010A0C922AE0B31C1393149279
:1030200026E0204631462A4658F03ADA0A901FE058
:10303000204631462A4658F009DA0E9018E020461C
:1030400031462A4657F09CD9199011E0032A0FD92E
:10305000B01C04229149FFF38FF7119B002808BF91
:103060002B461193099B08BF3346099300E00B964A
:103070007619C5EB0B0BBBF1010F03DD7278531C06
:103080005B45A8DB3D46099F3FB10A9F2FB920460B
:103090000999119A58F0B8D90A90002D7AD1129F47
:1030A000BE0740F1DA830B9B002B00F0D68320464D
:1030B000991C5A784AF00EDD3190002800F0CD833B
:1030C000037C002B40F0C983037A002B00F0C583FA
:1030D000D0F80831588E01F06FDC0C9F874240F029
:1030E000BC83319F2046394617F054DD002847D075
:1030F000384649460D9A43461DF09ADF00283FD0D6
:1031000040993E9BD7F8046103F1100201912046DB
:1031100049460123CDF800800296FFF739F90028CF
:1031200030D1B6F830B0BBF1000F2ED1216AD4F8FF
:10313000843450315A469B7806F1380073F052D9E6
:103140004099384600910D9A4946434643F034D998
:10315000CDF800B0CDF804B03B7C2046D3F101039C
:1031600038BF002302937D22394607F1DC03CDF8F6
:103170000CB0CDF810B01EF08DD901220B9206E0F4
:103180000B9504E000230B9301E000210B914FB35A
:103190003D4601E000270B971A9F3E9917F4404FD8
:1031A0000CBF4FF0000B4FF0010B01F10A07204656
:1031B00029463A465B467AF04DDB064600BB2B7C3F
:1031C000002B40F04D83204629463A465B467AF074
:1031D00043DC0646002800F04383204631467AF05F
:1031E000ABDA0DE094F88E32002B00F039833E9F6D
:1031F000204607F10A0131AA7AF0D6DA064610B164
:103200007368D80720D4089F27B17878B91C27F0B5
:103210007BDD58B9079F67B1B91C787827F074DD5A
:1032200010F1000B18BF4FF0010B04E04FF0010B41
:1032300001E0DDF81CB066B1BBF1000F07D1736887
:1032400043F00103736004E04FF0000B01E04FF026
:10325000010BCDB1AB79DBB92B7A0BB3D5F80831C3
:103260005B8E079303F46053A3F5C052534243EBC4
:1032700002030798089301F09FDB0C9FC11B484293
:1032800040EB010009900EE00895079509950AE0CA
:10329000002708970797099705E000BFFE37010050
:1032A000089307930993B4F88E32002B7FD0236ADA
:1032B0005B7DC3B10C9FD4F87C040E2F8CBF4FF400
:1032C0004042002247F48051129F114307F020032F
:1032D000D3F1010338BF00230193139A149BCDF857
:1032E00000B071F0CDDE236893F84F309B0712D009
:1032F0000C9FD4F880040E2F8CBF4FF44043002362
:1033000047F48051089F19430E9A0A9BCDF800B0EC
:10331000019772F0D9DB94F88E32002B47D0002150
:103320000C222EA8FFF3C0F6944B1CAF2E93944BA7
:103330003846002128222F933094FFF3B5F6BDF8CC
:1033400058100DF1980CDDF830E0ADF876106046BD
:1033500000212022CDF818C01C968DF874E08DF85D
:1033600078B0FFF3A1F62D970D9F236827973E9F16
:1033700093F84F302897109F03F003038DF8A8703F
:103380000F9FDDF818C02B97159F8DF8B03001976F
:10339000189FD4F89406002190222EABCDF8989077
:1033A000CDF8A480CDF800C0029756F0E7D994F884
:1033B0008C32002B00F05682099F002F00F05282C1
:1033C000236893F84F20970700F08A800E9F002F04
:1033D00000F086800A9F002F00F0828093F8A930C9
:1033E00033B1D4F87801294653F0F2DC002877D1C4
:1033F0000E9F20467A78397824F0ACDC079F03468C
:1034000017F4404F0CBF002201220A3254F8222048
:103410001192D5F8082162B1D28812F0200208D0AA
:103420000A9F3A7812F0020203D00E9F7A78C2F314
:1034300080020992BAF1000F0BD1109FDAB2BA42A2
:1034400007D01846069301F0B7DAB842069B40F061
:103450000982D5F80821002A2DD01846069301F0DC
:10346000ABDA0746079801F0A7DA8742069B22D11C
:10347000D5F80821528E9A4232D0002E30D02A7AC6
:10348000002A2DD0204611992A4625F055DEFF2826
:10349000074600F0E781DDF824E0204629463A4659
:1034A0005FFA8EF315F088DED0B1204629463A4601
:1034B0002DF0C6D914E0BAF1000F11D018460693CA
:1034C00001F07ADA0C9F069BB84200F0CB8103F43E
:1034D0006053B3F5805F03D0B3F5C05F40F0C281A5
:1034E000419F01233B702368D5F818A193F84F3012
:1034F000980716D0AEB10A9F37B1199F20460097A2
:1035000031460A9A0E9B0AE02B7C53B97368D903A3
:1035100007D50A9F2046009731463A463B4617F0AA
:1035200075D92B7C002B00F0BF803E9F0D9B204661
:1035300029464A468DE8800115F02ADF236893F872
:103540003B3043B10D9F2046294632464B468DE81D
:1035500080015EF013DA9AF809301BB12846002189
:103560002BF028D99AF80D30DBB1D4F830371A682F
:103570000AB11F7A37B12846002110E0F1CF81004F
:10358000F5CF810004F020D9D4F830371A69821AB7
:10359000B2F57A7F05D901221A72284639462BF0F6
:1035A00001DCD4F830371B68002B48D01B9F012367
:1035B000C7F3C0120F9920461EF08EDB98F8023038
:1035C00098F801101B0443EA012398F80010B8F89A
:1035D00008700B4398F80310024643EA01633293E4
:1035E00098F8063098F805101B0443EA012398F870
:1035F000041034A80B4398F80710002F08BF642765
:1036000043EA016340F8043D32A900F0E7D93846A7
:10361000329A339980F05ADAD4F83037BF021A68F8
:10362000BA1A90420BD95A68BA1A904207D23F1A76
:103630005F60D4F84401294601225FF0CFDC236AA1
:103640005B7D2BB1129F2046C7F380212CF076DAE8
:10365000D4F85801079950F0B7DD80B1D4F858017B
:10366000079950F0A7D9236A186964F0F5DE079F1F
:10367000B84204D1002120460A4625F079DE4A46A8
:103680000D9BD4F844012946CDF800805FF06ED838
:10369000D5F8EC309A0458D5D4F84C012946424666
:1036A000409B63F0F7DF50E0BBF1000F03D1129FA6
:1036B000C7F3401300E00123DBB23EB1726813B1DF
:1036C00042F0040201E022F004027260226A527D9C
:1036D0004AB10193D4F87C042946139A149BCDF87F
:1036E00000B071F025DD236893F84F309B070AD0B6
:1036F000089FD4F8800429460E9A0A9BCDF800B0A2
:10370000019772F039DA0B9FFFB9D4F868329D4205
:103710000CD0284649460D9A43461DF089DC28B155
:10372000284649460D9A43462CF0BEDA94F88E326C
:103730005BB9D4F868329D4207D1284615F090DE77
:1037400018B1204641461BF02BD800210C222EA890
:10375000FFF3AAF4454B1CAF2E93454B00212822C2
:1037600038462F933094FFF39FF4BDF85810DDF8DE
:1037700030E01C9626AE2022ADF8761030460021AF
:103780008DF874E08DF878B0FFF38EF42D970D9FCF
:10379000236827973E9F93F84F302897109F03F098
:1037A00003038DF8A8700F9F8DF8B0302B97159FED
:1037B00080220197189F2EABD4F894062946CDF8A5
:1037C0009890CDF8A4800096029755F0D7DF9AF82C
:1037D0000230013BDBB2012B13D8AB798BB92A7CC9
:1037E0007AB1D5F8182192F86C20022A09D14FF04D
:1037F000FF3201922046294605F1DC02009329F0B0
:103800007DDD0F9F17F0407F01D1384602E00F9811
:1038100072F08EDE00F07F0002280AD0042808D063
:103820000B2806D0A0F1160CDCF1000040EB0C00D8
:1038300000E001200190B9F80400B9F80610800BEF
:10384000029001200022039099F91C302046090AB9
:10385000009204950BF00DFB04E000270B97C1E4E8
:103860000026D0E435B0BDE8F08F00BFF1CF810075
:10387000F5CF81002DE9F04F91F91530A1B0002569
:1038800004468A461E951F9573B11BF0D7DD58B1CB
:103890002368BAF81C20D3F88830D3F8C8118A18E6
:1038A000C3F8C82100F0A3BCBAF80230606803F086
:1038B0000703052B0B900A9300F2A48463690A990D
:1038C00053F82100002800F09D849AF81820022A5D
:1038D000089200F08984714B0221DB6B9847814686
:1038E00038B920460A9914F0BDDE8146002800F060
:1038F00089842046494611AA23F0FEDF236893F805
:103900009C30012B06D0BAF80220BDF848309A420C
:1039100040F07384B9F80E30614E03F00703099349
:10392000604DF35C4946EB5C11AA0C93189B0D9318
:1039300018881EAB0E90009320461FAB18F094D948
:10394000236893F84F309B0717D011A81BF0A4DC15
:1039500038B12368D3F88830D3F8A4220132C3F8F1
:10396000A42211A81BF0AADC38B12368D3F8883050
:10397000D3F8AC220132C3F8AC22D9F818305D0577
:103980006CD511AD204629462CF040DE08BB5346CD
:10399000D4F834011E994A46009534F05DDB236863
:1039A00093F8E130002B59D01E99002956D0BDF86C
:1039B0005000BAF802200090BDF84E30D4F8F80656
:1039C0007AF086D8D4F85C011E990C9A7AF0D2DB92
:1039D00044E01F99A1B1089A072A11D1D1F8EC301F
:1039E00098030DD4D4F84C0163F0C0DC28B9D4F8A6
:1039F0004C011F9963F01CDD10B11F984AF0F2DAF8
:103A000011AB0093D4F8340153461E994A4634F062
:103A100085DA2368054693F8E13093B11E9981B1A8
:103A2000BDF85000BAF802200090BDF84E30D4F82E
:103A3000F8067AF04DD8D4F85C011E990C9A7AF009
:103A400099DB1F98002800F0D2838379002B40F087
:103A5000CE830AF108016FF0B9DBC8E3204611A953
:103A6000D9F834701BF040DCBAF81C60FF0E07F088
:103A700001070F90BAF81A80E6B12368D3F88830AE
:103A8000DA68013A9219DA601E9B9BB167B1D3F8EC
:103A90002C22013A9219C3F82C220BE010A78800BF
:103AA000BAD588006CE18800D3F83822013A92191F
:103AB000C3F83822B8F1000F06D02368D3F8883055
:103AC000DA68013A4244DA600E98494600F48063AD
:103AD000D3F1010338BF00230B98079300F016DEE3
:103AE000D9F818509AF91930C5F3C06B002B00F0C3
:103AF000868023681E98D3F88830D3F8A821013235
:103B0000C3F8A821D3F8C821013A9219C3F8C821F3
:103B100028B103691BB1DB68DA6B0132DA63012E6D
:103B200005DDD4F88C54013DAD19C4F88C540799C7
:103B300000294DD02368D3F88830D3F8D82101323A
:103B4000C3F8D82128B103691BB1DB685A6B013275
:103B50005A6301230999002208F065F8D4F88C34DF
:103B60007BB12368D3F88830D3F8B4210132C3F88D
:103B7000B4211E9B2BB11B691BB1DB68DA6A0132D1
:103B8000DA62D4F88C34012B14D923681E98D3F848
:103B90008830D3F8B8210132C3F8B82128B10369BD
:103BA0001BB1DB681A6B01321A6309990C220123DD
:103BB00008F039F81E9B5BB12FB1D3F828220132EF
:103BC000C3F8282204E0D3F834220132C3F83422A7
:103BD0001E9B13B12268926A9A621F9B002B00F011
:103BE00015829A79002A40F01482197C002900F08D
:103BF0001482D3F8103101259A7190460FE215F422
:103C0000825543D023681E98D3F88830D3F8A82172
:103C10000132C3F8A82128B103691BB1DB68DA6B54
:103C20000132DA63079A0AB32368D3F88830D3F8ED
:103C3000D8210132C3F8D82128B103691BB1DB6850
:103C40005A6B01325A6301230999002207F0EBFFF6
:103C50001E9B5BB12FB1D3F828220132C3F8282272
:103C600004E0D3F834220132C3F834221E9A002A29
:103C700000F0D8811F9B002B00F0DA819D79002D88
:103C800040F0DC8123689B6A9362D8E1089B032B98
:103C900009D0042B0CD12368D3F88830D3F8102234
:103CA0000132C3F81022A8462F460126AB46DDE1BB
:103CB0000898052829D123685A6BD3F88C103AB19B
:103CC000B9F80E20954802F00702825C9448825CA5
:103CD000143201EBC2014A68D3F8883001324A60DD
:103CE000D3F8A0221E980132C3F8A0220999042219
:103CF000012307F098FFB4F83455002D00F0A3819C
:103D0000204623F0DFDA00259DE10899012916D12C
:103D10001F9B93B19B7983B11E9B73B11A7DD20710
:103D200004D493F824309B0740F16582204649462D
:103D30005246079B3CF09ADC4BE0089E4DE0089A07
:103D4000062AB0D0072A51D11F99002900F05382CA
:103D5000D1F8EC309F0040F14E829E030DD4D4F890
:103D60004C0163F003DB28B9D4F84C011F9963F0D0
:103D70005FDB10B11F984AF035D91E99002900F079
:103D80003A821F9B9B795BB191F824309D0707D540
:103D90008B68580604D50122204613463CF0B4DB5C
:103DA000D9F81830590544BF43F48073C9F8183066
:103DB000D9F8183023F40043C9F818301F9BD3F802
:103DC000EC309A0340F1178220461E994A4625F0AE
:103DD000BBDB0646002800F03A81002520460AF1A8
:103DE00014011BF021DBA8462F465FE7BAF8063026
:103DF00033B12368D3F888309A6B01329A6352E763
:103E00001B9B1B78DB0741D57EB12368D3F8883034
:103E1000D3F8A8210132C3F8A8211E9B2BB11B693E
:103E20001BB1DB68DA6B0132DA63079B002B00F011
:103E3000138123681E98D3F88830D3F8D821013233
:103E4000C3F8D82128B103691BB1DB685A6B013272
:103E50005A6309990022012307F0E5FE002E00F0C5
:103E6000FD8023681E9DD3F88830D3F8AC21013241
:103E7000C3F8AC21002D00F0CD812D69002D00F09C
:103E8000C981EB689A6B01329A63C2E11F9B002BD8
:103E900048D09A79002A45D11B7C002B42D00D983E
:103EA000037CDD073ED53EB12368D3F88830D3F8D4
:103EB000A8210132C3F8A8210799002900F0CC807D
:103EC00023681E98D3F88830D3F8D8210132C3F87C
:103ED000D82128B103691BB1DB685A6B01325A63E0
:103EE00009990022012307F09EFE002E00F0B68003
:103EF00023681E9DD3F88830D3F8AC210132C3F873
:103F0000AC21002D00F086812B69002B00F07C8114
:103F1000DB689A6B01329A6376E100BFBAD58800FC
:103F20006CE188000F9AB4F86A341AB1984503DA44
:103F3000B4F86C349E4261DB22680798D2F888306E
:103F4000D3F8C851AD19C3F8C851002800F08980D2
:103F5000D3F8B0110131C3F8B011D4F8843493F818
:103F60001D1109B3D4F868128979E9B992F864216E
:103F700022B193F86D210AB183F86D11D4F884143D
:103F8000204601F582710BF048F9D4F884340122FF
:103F900083F82821D4F88434A068D3F83011D3F8FA
:103FA0002421002310F088DB1E9860B12FB1D0F8D7
:103FB00030320133C0F8303230E1D0F83C320133D6
:103FC000C0F83C322AE101230999082207F02BFEB0
:103FD0001E9B2BB11B691BB1DB689A6A01329A6286
:103FE000002502238DE8280020461F9914221B9BE0
:103FF0000295039504951DF04DDA33E02368002502
:10400000D3F88830DA690132DA614CE60125984646
:1040100005E001254FF0000801E0012588462F4604
:104020002E4623E00127154690463E4693461DE066
:1040300001271D4698463E469B4617E0002501276E
:10404000A8463E4632E6A8462F4601260EE0054623
:1040500080460746834609E0079DDBE03546B046CB
:10406000D9E0079D4FF001082F464646B4F8343595
:1040700043B1D4F838352BB10899052902D0204630
:1040800023F00ED9BBF1000F4ED01E9B002B4BD05E
:1040900011A81BF001D99DF84E30834603F00303AD
:1040A000023BDBB2012B04D8204611A92CF0B6DA72
:1040B00000E0FF200A9A032A0AD85B498B5C04EBD4
:1040C0004303B3F83622130903F00F03120B03E086
:1040D000B4F86E34B4F87024009200220392BDF854
:1040E0004C200190C2F300320492D4F85C011E9976
:1040F0005246CDF808B07AF0BFD8236893F8E13083
:1041000093B11E9981B1BDF85000BAF80220009019
:10411000BDF84E30D4F8F80679F0DADCD4F85C015A
:104120001E990C9A7AF026D820460A9901222CF082
:10413000E7D81E9860B15EB1E368D3F88021D9F862
:1041400030309A4204D91DB10999D21A07F079FD8D
:104150001F9DB5B10AF1140120462CF03DDB01464C
:1041600028462CF0EFDB0E9A02F0FC03082B01D05E
:10417000882B06D1079B23B11F980AF108016FF025
:1041800025D81E99C9B10B7DD80716D41F9BA3B1A2
:104190009A7992B91A7C82B11A7A72B1D3F8EC206A
:1041A00092040AD4D3F810315B7933B920465246D1
:1041B0003B46CDF8008043F075D97EB10AF1140179
:1041C00020462CF009DB49460246D4F8880463F007
:1041D0001DDE0B984946012203F0B2DF079828B193
:1041E0000025C4F88C5402E0002500E0079D284615
:1041F00021B0BDE8F08F0126EFE50B98494601227A
:1042000003F09EDF0125F2E7D5F868310133C5F8E8
:1042100068310025A84601273E4627E7D0F84C31F3
:104220000133C0F84C31CEE66CE188002DE9F04F47
:10423000002BB5B007930CBF04230A230993079BF7
:1042400015690DF12C0918BF2023044615AF8846C7
:1042500093460021282248460693D5F80C610DF1BB
:10426000B80AFEF321F7002128223846FEF31CF796
:1042700000210C225046FEF317F7336B20468DE8E1
:1042800008042946069AF36ACDF8B8902F9714F0DF
:10429000F3DD002840F0F880B8F80630D80715D5CF
:1042A000216A4B7D93B10A6D0CA854310B92FEF339
:1042B00077F6D5F8EC30990405D5D4F84C012946A9
:1042C0004A4663F08BD90023159308E015AB0093A1
:1042D0002046294608F138020BAB26F021DCF36AB0
:1042E00083B128A800211822FEF3DEF6F36A2D948C
:1042F0002893336B2993674B2B93674B2A93674B18
:104300002C9328AB1FAF0021242238460893FEF3DC
:10431000CBF60BAB00210822219331A815AB2293D9
:10432000CDF87CB0CDF88080FEF3BEF62368294638
:1043300093F84F2034AB12F0030218BFDBF80420CF
:10434000D4F8940618BFC2F3004203F80C2D009372
:10435000069A089B329755F0E9D9099B069900EB1C
:10436000030A33AB02932046424605F1E2038DE88F
:10437000000523F03FD8074630B920463946B5F846
:104380002E2140F015DB80E0204629464246DDF82C
:10439000CC901CF05BDBA9F80000738CA9F802300C
:1043A000339B04333393079B13B9AAF1040A13E038
:1043B00006F124094846FFF3E3F410B9339849465F
:1043C00002E0339805F1F8010622FEF3E9F5339B8C
:1043D000AAF10A0A0633339331AB0093339BD4F826
:1043E000940601932946069A089BCDF808A055F03B
:1043F0000BD9814628B160683946012203F0A0DE5E
:1044000042E0339B0090019002900393204629469E
:1044100057224B46CDF810A01DF03CD8706B18B158
:1044200003F06ADEC6F83490079B23B1339B0AF190
:10443000060A063B3393339B0AF1040A043B339389
:10444000079B504686F83C3003F044DE706308B9A1
:10445000B06305E033995246FEF3A2F5C6F838A0E2
:10446000B8F862300095C3F3401301930023029320
:10447000039339462046D4F8BC255B4626F09AD9EA
:10448000002808BF002700E00027384635B0BDE807
:10449000F08F00BFCDCE8100DDCE8100FDCE81004A
:1044A0002DE9F04F95B0064606910792209C219D7C
:1044B000D0F800909B46002B00F0B380ECB91E9A18
:1044C000012A1CD11F9A931E012B18D8032A16D13A
:1044D000002D40F0AB80C36E5A1C05D01C3350F841
:1044E0002350002D40F0A28048460021B6F82E212E
:1044F00040F0D6DD4FF0000894E0002500E02546AE
:104500004FF0B00806270DF1200A00212422504662
:10451000FEF3CAF51E9B1F9A0893229B099211A8CD
:1045200000210822CDF828B00B930594ADF8304057
:10453000FEF3BAF5CDF848A044B1089B032B0FD188
:104540004C2C0DDB4D2C01DD7E2C09D111AB0093E1
:10455000D9F894063146B022002355F0E7D83F1829
:10456000079B41468DE8880013AB02934846069AA4
:1045700006F1E20322F03EDF8046002852D075B1FA
:104580000023009301932A46139B4846314658F076
:104590000DDC95F90E30139AFF1AD21813921E9B58
:1045A000DDF84CA09AB2AAF800201F9BAAF80230AE
:1045B000059BAAF804300AF1060313933CB1032AC1
:1045C00017D14C2C15DB4D2C01DD7E2C11D111AAFD
:1045D0008DE80C00063F0297D9F894063146B022C8
:1045E000002355F011D824B9BDF830300BB1AAF82A
:1045F0000430B37913B1F368DA6801E0D9F8BC2567
:104600009DF88C30414601930023039348465B4656
:104610000096029526F0CED8002808BF4FF000087B
:1046200000E09846404615B0BDE8F08F95F90E7051
:1046300044F2B008063766E72DE9F0470446A4B017
:1046400090469A460D4600296DD0D1F86433002B70
:1046500069D004AF0EAE33463A460DF1600923F03F
:104660001BD9002124224846FEF31EF5236A0021AF
:104670006533082221A81893CDF864808DF868A0CE
:104680001B971C96FEF310F52368CDF8889093F8DD
:104690004F3013F0030307D0D5F8EC3003F4805308
:1046A000D3F1010338BF002324AF07F80C3D29469E
:1046B00040220023D4F89406009755F037D82D9B5C
:1046C0000190009323AB02938046402120462C9A10
:1046D00005F1E20322F08EDE064620B3239BD4F8D8
:1046E000940601932946402200230097CDF80880C4
:1046F00054F08ADF28B160683146012203F020DDE2
:1047000011E0D5F8EC3013F4005306D0D4F84C0186
:104710002946324663F0D8D905E020463146D4F820
:10472000BC2528F0DDDD24B0BDE8F0872DE9F0439D
:1047300090F8A03787B004462BB1002380F8A0374B
:104740004FF0010800E0984623681A7E32B9B8F1AC
:10475000000F00F03B822046022135E2206954F030
:1047600023DE18B1A0680FF0D3DF27E220461BF04C
:104770005DDB236A20461F69D4F86832D3F8142120
:104780009D79167C1CF0FCD9031C18BF0123384608
:1047900071B22A4663F094DC94F88C36ABB123698D
:1047A000D3F88830D3F8245115F040050DD12046B8
:1047B0002BF0C0D9236A84F88C56186929462A46FA
:1047C00063F0D2DC204622F063DC236820469A6A3C
:1047D00001329A621CF0D4D918B9D4F8843483F821
:1047E000290120460AF0B7FD236A186965F05AD8F6
:1047F0000146204659F028DD236A186965F00CD976
:104800000146204659F0D8DC236893F93D307BB14E
:10481000D4F8240103A9002278F098DB01E00023FA
:10482000C361D4F8240103A978F0A6DB0028F6D1EF
:1048300094F8D4314BB1204616F03EDB28B194F801
:10484000E43113B1013B84F8E431204626F082D8EC
:10485000204617F01DDC204626F0D6D894F8D43137
:1048600013B1204624F068DA2368DA6E002A40F09B
:10487000A58193F8693113B120464BF023D9204626
:1048800047F030DB236893F82F20CAB193F830301B
:10489000B3B120461CF09CD890B1D4F86412002328
:1048A000CA582AB1907918B1507908B112791AB161
:1048B0000433202BF4D103E0D4F818053AF07EDA63
:1048C000D4F828351B68A3B120462AF0CFDCD4F8F1
:1048D00028355A681B68B2FBF3F103FB112313B9A7
:1048E000204615F089D8D4F828355A6801325A6024
:1048F0000AE023689A6A1E23B2FBF3F103FB11233B
:1049000013B920462AF0B2DC94F88C3243B194F803
:10491000F034013BDBB2022B02D8204615F048DE12
:104920000025D4F864325F591FB3BB790BBB3B7AC7
:10493000FBB1D7F818319B7ADBB1384625F090DE11
:10494000B8B13B7CABB1D7F818319B7A8BB13B7ACD
:104950007BB107F1DC063046FFF312F2034640B9A3
:104960004FF0FF320090019220463946324628F03F
:10497000C5DC0435202DD4D1204616F003DB236A94
:104980005B7DB3B123689A6A3C23B2FBF3F503FB6A
:10499000152575B9D4F86432585938B183792BB9D3
:1049A000037A1BB1037C0BB917F028DC0435202DEA
:1049B000F0D120462AF038DC20B9D4F8180539F0B7
:1049C000A9DF38B1236A20211869002264F03ADD9A
:1049D000002604E0236A202118690122F6E7D4F8B2
:1049E00064329D59FDB1D5F8A83013B1013BC5F82B
:1049F000A830D5F8AC701FB1013FC5F8AC7012E01B
:104A0000AB7983B12B6D99070DD595F8A43053B1CF
:104A100002F0DADED5F8B01040F052DE18B1C5F879
:104A2000A87085F8A4700436202ED8D1B4F8503779
:104A30001BB1013BA4F8503702E0204622F076DD9E
:104A4000002635460BE0D4F8C4329B195B6A23B1CB
:104A5000D4F8C82252F82500984701353836236823
:104A600093F8B4209542EEDB93F83B5045B193F8B0
:104A70003C502DB194F8FC5515B1E368D3F8805142
:104A80000026D4F8643253F80690B9F1000F40D0F4
:104A900099F80630002B3CD199F80830002B38D01B
:104AA00099F85633DA0704D52046494699F8542335
:104AB00005E0980705D599F855232046494624F086
:104AC000A7DB94F8FC3523B399F804300BB3D9F87D
:104AD00018314A461978204629F02CDE236893F8CD
:104AE0003B20B2B193F83C309BB194F88E3283B93D
:104AF000D9F80831D4F85001DF8D93F86030BF0247
:104B000001335F4399F844102B463A465CF066DF68
:104B1000ED190436202EB4D1236893F83B206AB1F6
:104B200093F83C3053B194F88E223AB994F8FC359E
:104B300023B1D4F8500101215CF07ADF002384F81E
:104B4000FC352268D4F88434926AB3F89E30B2FB04
:104B5000F3F103FB112313B9204609F095FAD4F8B9
:104B6000683223B1D3F818210AB112781AB1D4F8F7
:104B70006402002202E01B7ACBB9F8E7835893B1B4
:104B80009D79D3F8EC1015B1890405D40BE011F42C
:104B9000005F08D0C90306D4197A21B1D3F81831BF
:104BA0000BB11B781BB10432202AE7D103E0A068C7
:104BB00002210FF027DE204619F0ECDFB8F1000FDC
:104BC00004D02046022100222BF050DF07B0BDE8C0
:104BD000F08300002DE9F04F92F82A301446B2F825
:104BE0001CB08DB006460D46D0F804A00F6952697E
:104BF0002BB1936894F8228003F11A0903E09268BC
:104C0000984602F11809A368072B0DD9304649468A
:104C100013F0E8DC40B1B9F806304FEA132949EA4D
:104C200003291FFA89F901E0B4F8089095F82430B7
:104C300003F01203022B0DD148F68E03994509D1DA
:104C40002068D7F8081110300622FEF395F10028ED
:104C500040F0C88394F82C30EBB9A38B1B051AD510
:104C60003368D3F88830D3F84C230132C3F84C238F
:104C7000D5F824220132C5F8242205EB4802B2F807
:104C8000A410B4F87E20914205D1D3F8BC210132A2
:104C9000C3F8BC21A6E3BB79CBF3802B002B32D128
:104CA000D7F818311A7B92B194F82C207AB9BBF15D
:104CB000000F0CD195F8CA10626A51FA02F2D007BF
:104CC00005D43846A18B029317F05CDB029B326857
:104CD000526BC2B11B7FB3B194F82A309BB194F8E8
:104CE000283083B10021384629F008DAD7F8EC30B3
:104CF000990408D5A28B12F4005204D1D6F84C01C5
:104D0000394662F003D9238C5A0700F16B83A38BD9
:104D100003F4804363633BB93A6D40F237131340A9
:104D2000EBB197F85830D3B10023A3633046234644
:104D300051462A46CDF800807AF042DB636B40B9D9
:104D4000002B00F04F83D5F864310133C5F864318E
:104D500048E323B1D5F860310133C5F8603194F8E8
:104D60002C3043B908F15003B4F87E0005EB43033F
:104D70009A88988000E0002294F82C3043B363694D
:104D800094F82A209B680AB11A3300E01833B9F569
:104D9000006F40F06E81A268072A40F26A811A7A99
:104DA0001209042A40F065819A6912BA002A00F0BB
:104DB00060815B7C012B40F05C8102F07043B3F1B9
:104DC000604F00F05681D2B2FF2A40F00B8350E1D1
:104DD000B4F87E0008F1180910F00F0340F0A3802A
:104DE00005EB8909D9F8041079B11A4650460293A7
:104DF00003F0A6D9029B05EB8802C2F8843008F1C3
:104E00004A02C9F8043045F82230BBF1000F00F027
:104E10003081E3686269039305EB88035A66A16BEE
:104E200031B105F51C70053014311022FEF3B8F0D5
:104E300063699A685868510DC0F3140E9889DB882D
:104E400049058E44C3F34A133168013302EB000C69
:104E50007344C969CCEB0303CEEB020E896803EB04
:104E60000E021018884234DA5046FBF791F808F128
:104E7000180905EB8909C9F80400002800F0B2827E
:104E8000626980689168536821F07F4E2EF4600E4D
:104E90009289C3F31403C3EB0E03C91A9A18FEF3E5
:104EA0007FF061698B684A6823F07F4323F46003D5
:104EB000C2F314029A1AD9F80430986880189860DE
:104EC0009889821A9A81888900229881504603F035
:104ED00037D9D6F8E015039B05EB880259186FF017
:104EE00005035B1A3168A148C96989685B18C2F873
:104EF000843061680822FEF33FF06B6810B943F01C
:104F0000080301E023F008036B60994861680822F8
:104F1000FEF332F0AB6810B943F0200301E023F058
:104F20002003AB60A5E005EB8901496800293ED06C
:104F3000504020F00F0020B902F00F0201329342DE
:104F40000FD00022504603F0FBD808F1180205EB01
:104F500082020023536008F1200205EB82025360B5
:104F600021E0A16B49B105F51C7005301431102208
:104F7000FEF302F0002840F0358208F1200905EB2D
:104F80008909A368D9F8042008F1180C93421DD9A7
:104F900005EB8C0750467968002203F0D1D8002336
:104FA0007B60C9F8043008F14A0845F828303368B6
:104FB000D3F888301A6E01321A662B69002B00F084
:104FC0001182DB685A6D01325A650BE28DE80804E4
:104FD00005EB8C0CDCF80410304609F10402636820
:104FE000CDF808C013F036DF50466169002203F0A7
:104FF000A7D8DDF808C0BBF1000F3AD1DCF80420D7
:1050000008F14A036261CCF804B045F823B0936814
:10501000928903F11801C9F804B06160A2F1180186
:10502000A16094F829102360E26021B103F11E0110
:105030001E3A6160A26094F82A203AB1626884F84E
:10504000228002326260A268023AA2601A785B781B
:1050500042EA0323A383636B5BB1A36B4BB193F968
:105060000E2061688A18626093F90E30A268D31A24
:10507000A360A36B63B11B7A042B04D13046214695
:105080007AF02ADA04E00B2B02D120461AF0ACDBCE
:10509000BBF1000F40F0C481626993695B0613D5D0
:1050A000BB792BB9D4F88010384618316EF08ED801
:1050B00063699B69180640F19581D6F8300129464D
:1050C000224601F0B5F9ABE123689888D988ADF89C
:1050D0001000ADF8121018895989ADF81400ADF818
:1050E00018109889D989ADF81A00ADF81C10188AE3
:1050F000598AADF82000ADF82210988A94F829104A
:10510000ADF8240041B1198B588B9B8BADF828105A
:10511000ADF82A00ADF82C30A38B13F4807F03F494
:10512000007304D104A9616723B108AB05E008A9A5
:1051300061670BB906AB00E00AAB6168236793684F
:105140003046C3EB010813F04DDA6369998988B1E1
:10515000072940F247819A68A8F106084244C8EB43
:1051600001089A60A3F80C80E26615E02C1D890006
:10517000033801000D2940F235819A68A8F10E0824
:105180004244C8EB01089A60A3F80C802389E266C8
:10519000190A41EA03239381A36B6BB11B7A012B9C
:1051A0000AD0032B08D0304651462A46234679F0D0
:1051B000C7DE002800F01681A36B33B11B7A022BE7
:1051C00003D1304621467AF087D997F85C339BB1FA
:1051D000E36E9B891A0A42EA0323934A1BB2934265
:1051E0000AD1304661690622002315F0BBDD18B1F3
:1051F0003046394649F006D9626FE36E118819804E
:105200005088588091889980216F0888D880488874
:10521000188189885981616994F822E0C8890EF063
:10522000070E20F007004EEA0000C8811178C90778
:105230000BD53168D1F88810D1F8D0010130C1F810
:10524000D001F968886D0130886597F8591061B10F
:1052500095F82410C80608D49989080A40EA012163
:10526000714809B2814240F0BD80D6F89811795C4E
:1052700079B195F82410C9060BD49B89190A41EA23
:1052800003236A491BB28B4203D026398B4240F07C
:10529000A980BB79EBB992F8008018F0010818D109
:1052A000D7F81831384693F87420013283F8742007
:1052B000D4F8801018316DF089DF61695046FFF332
:1052C00025F20121034642463846CDF800806DF0B4
:1052D000FDDFD6F8D0361B68FB58002B35D01B6895
:1052E000002B32D0D4F86C80B8F80C301A0A42EA9D
:1052F00003234D4A1BB2934227D197F8A73313B12A
:1053000097F8F6330BB350466169424612232BF0EF
:10531000C1DB00283BD0B8F8103050461A0A42EAE8
:105320000323616908F112029BB22BF0B3DB002862
:105330002DD0636BD6F8D006003318BF0123394651
:1053400042467DF077D900284CD17B69002B2FD0C5
:10535000D4F86C80B8F80C301A0A42EA0323324AB7
:105360001BB2934224D150466169424612232BF06E
:1053700091DB60B1B8F8103050461A0A42EA0323B4
:10538000616908F112029BB22BF084DB30B93368FB
:10539000D3F888305A6E01325A6623E0626B78691E
:1053A000003218BF012241462B4643F0B3DAC8B998
:1053B000D5F89431DB070BD594F8293043B9E36E67
:1053C0009B891A0A42EA0323174A1BB2934209D166
:1053D000636994F82920009330462946636F26F0CC
:1053E00045DC1DE033685A6BAAB161691048CA896F
:1053F000D3F88C3002F00702825C0E48855C504680
:105400000C3503EBC5056B68AE6801336B60FFF3C9
:105410007DF18019A86050466169002202F090DE9B
:105420000DB0BDE8F08F00BF8E88FFFFB488FFFF8E
:10543000BAD588006CE188002DE9F04F4FF0000AE2
:10544000AFB0CDF8B0A0CDF8B4A0D68A98461093EE
:105450009B890446212B0F461546CDF864A08DF894
:105460004EA0CDF850A08DF857A08DF854A08DF81F
:105470008CA08DF858A011922B92CDF888A001D85D
:1054800003684AE0D8F808901046494671F0D2D92E
:1054900009F106030890C8F82C000B93B9F8063000
:1054A0001946ADF8483001F00C02184601F0F0033F
:1054B00001F44071A1F5407E92081B09DEF1000164
:1054C00041EB0E01022A08BF4FEAD30AADF84A2089
:1054D0005FFA8AF2ADF84C308DF855108DF85620F1
:1054E000B5F804E00EF0030EBEF1020F04D100B2D5
:1054F000002801DADB0800E00023D8B28DF857005D
:10550000002914BF2823222302B1023300B104333F
:1055100010988089984206D22368D3F888305A6E52
:1055200001325A667EE399F80A3003F001038DF8E0
:10553000583009F11E030C9311B109F124030C93A7
:1055400000238DF859304AB10C9B5A781B7843EAF6
:105550000222DB0907928DF8593000E0079241469C
:105560003846FFF3D3F0109909908B68384606331C
:105570008B608B89063B8B819DF859301BB1FEF304
:1055800065F501463846042202F084DD16F4404FEA
:105590009DF855200CBF4FF0000B4FF0010B00237E
:1055A0002D9302BBBDF848300B9913F4407F09D10D
:1055B00001F1100620460A315A462DAB78F00CDA7C
:1055C0002C9005E0D80501D50E1D01E001F10A0679
:1055D0002D9B23B92046314648F0F8D92D902D9BBC
:1055E000003318BF01238DF85C302D9B13F1000AA6
:1055F0009DF8583018BF4FF0010A43B90B99204667
:10560000043148F009DA061C18BF012600E0002624
:10561000D4F804321BB9236893F82C306BB3236899
:1056200093F83E20002A08BF4FF0000A7EBBBDF869
:105630004820D20506D49DF858201AB1BAF1000FBF
:1056400040F0F6829DF8552012B19DF858203ABBE3
:1056500093F82C30002B00F0C982BAF1000F04D16E
:105660002046294658F064DEC0E22D9B9B79002B32
:1056700040F0BC824FF0010A14E09DF858301BB98D
:10568000002E00F0B38202E0002E00F0D1829DF8DF
:1056900055302BB9BAF1000F00F0A8829A4601E00C
:1056A0004FF0000A9DF856300BB39DF859304BB1BE
:1056B00094F80E32002B00F09982109B9A6942F008
:1056C00040029A6107999E4A01F00703D25C9D4906
:1056D0008DF84E308A5C0799149201F01002121175
:1056E0008DF854200C9A8DF88C3002320C92109B5D
:1056F000D989988911F4005218BFB3F850200C9939
:105700009B688218CB1A0E924146D21A38460D92E7
:105710000693FEF3FBF7069B0B9AC31A0F93937D38
:10572000D17D43EA0123ADF8AA30BAF1000F2FD1A1
:105730002CAB00930E9B204601932DA92B4618F00D
:10574000ABDE002840F0528274E22D99002900F06F
:105750004D820B9A20460A325B4678F07BD82C901B
:10576000002840F06D820B9A2D9920460A325B4644
:1057700078F072D901462C9030B92368D3F888307C
:10578000DA6E0132DA6631E2204677F0D5DF57E291
:10579000BDF8483013F4407F04D12D9B1B7C002BB7
:1057A0003AD106E09DF855301BB92D9B1B7C002B90
:1057B00032D020462D990A325B4678F04DD92C9094
:1057C00018B913E22C9B1B692D931EB123689A6AAA
:1057D0002C9B9A622D9BD3F810210792BAF1000FEF
:1057E00021D19DF85520F2B99DF858201AB1BDF885
:1057F0004820D00510D49979BDF8482011B1D105C1
:105800000AD510E01B7C02F44072002B14BF4FF449
:10581000007300239A4206D02368D3F888309A6D2B
:1058200001329A65E2E12046294658F081DD0023E5
:1058300088F8230083462D9888F822308379ABB905
:10584000BBF1000F12D0594695F91D20334658F090
:10585000CFDD2946D4F8C426204658F00DDD324667
:10586000014688F822002D9858F010DE2C9B93F802
:10587000922112B9D3F8F42052B3BBF1000F27D014
:10588000D3F8F010D3F8EC2042F821B0D4F88424F7
:10589000517911F00100D3F8F01018BF95F91F00ED
:1058A00003EB8101C1F89C015279521012F0010101
:1058B000D3F8F02018BF95F9201003EB8202C2F84C
:1058C000BC11D3F8F020013202F00702C3F8F02037
:1058D0009DF855202D9B0AB1DB6D3CE09A792C99FF
:1058E000002A31D04B6B25934B685A061BD59DF887
:1058F0005620C2B1BDF8AA20100714D191F8D720C4
:105900008AB10A7DD2070ED4BDF84820D0040AD54A
:105910009A0308D5149A91F8C9301341DB0702D5D0
:1059200020463AF00FD9BDF8483013F4805F2C9B25
:105930005A6814BF42F4003222F400325A600BE07D
:10594000BAD588006CE188004A6B25921A7C1AB996
:10595000DB6DD80700D525932D988379A3B9037CF7
:1059600093B19DF858307BB9BAF1000F0CD1079B69
:1059700083F806A094F80C22D3F8F0309A4203D0B2
:1059800084F80C3221F010DB9DF85830FBB12D99D2
:105990008B79002B40F02A810B7C43B10B98E231CC
:1059A00010300622FDF3E8F2002800F01F810B986A
:1059B0000430FEF3D9F150B92D9890F8453033B941
:1059C0000B99043148F076D9002840F00F81BDF8DA
:1059D000AA30089AA8F81C300B9BC8F82C201B7C16
:1059E0002C9913F0010F099E4FF0000707D0D1F852
:1059F00054310133C1F85431F1E9622306E0D1F8A2
:105A000050310133C1F85031F1E96023921943EB71
:105A10000703C1E900239DF858309BB999F800307D
:105A200099F801201A4399F8023013430AD0D8F8A4
:105A30002C10D4F85C016A8A78F0C6DB2C9B08999C
:105A4000C3F85C1199F90330002B07DA2368D3F807
:105A50008830D3F8A8220132C3F8A82299F803307D
:105A600013F0300F07D02368D3F88830D3F8B02272
:105A70000132C3F8B0229DF85830002B71D1D8F80C
:105A80002C00236810F0407FD3F8886001D1C0B2A9
:105A900001E070F04DDD16283AD00CD80B2825D047
:105AA00004D8022816D004285BD119E00C2823D092
:105AB000122856D126E030283CD004D818282DD002
:105AC00024284ED130E0602840D06C2844D04828AB
:105AD00047D135E0D6F838320133C6F8383240E0E5
:105AE000D6F83C320133C6F83C323AE0D6F84032C0
:105AF0000133C6F8403234E0D6F844320133C6F8F8
:105B000044322EE0D6F848320133C6F8483228E055
:105B1000D6F84C320133C6F84C3222E0D6F8503277
:105B20000133C6F850321CE0D6F854320133C6F8BF
:105B3000543216E0D6F858320133C6F8583210E025
:105B4000D6F85C320133C6F85C320AE0D6F860322F
:105B50000133C6F8603204E0D6F864320133C6F887
:105B600064329DF858301BB12D980BA91AF01ED93C
:105B70009DF858302BBBD8F82C0010F0407F01D096
:105B800070F0D6DC00F07F00022809D0042807D08E
:105B90000B2805D0A0F11601484240EB010000E0BF
:105BA00001200022E98895F91C3000920190A88814
:105BB000090A800B02902D9803920490204609F068
:105BC00058F92C994B685A030BD59DF8583043B9B6
:105BD000BAF1000F05D1D4F838010BAA33F038DE42
:105BE00033E020460BAAFEF7F5FF2EE023685A6B40
:105BF000C2B19DF85820AAB910991548CA89D3F89E
:105C00008C3002F00702825C1248845C38460C3407
:105C100003EBC4046368A56801336360FEF376F5A3
:105C20004019A06038461099002202F089DA0CE091
:105C3000B24637E5BDF8483013F4407F3FF485ADF8
:105C40002D9B002B7FF4C1ADBCE52FB0BDE8F08FDC
:105C5000BAD588006CE188000B68C968DB691A68EE
:105C600089B14B78012B0ED1B2F8BE3023F040033E
:105C70001B041B0CA2F8BE308978890644BF43F090
:105C80004003A2F8BE3000207047F8B591E88800C4
:105C9000DC6903680D461A6892F8626126B1D3F890
:105CA000600806F073FF0646F86DF9F725F958B15C
:105CB00056B1E86858B14378012B04D00C23A38077
:105CC0004FF0FF30F8BDA0610023A3800020F8BD95
:105CD00038B503684C681A6892F8625125B1D3F858
:105CE000600806F053FF0546E06DF9F705F950B17D
:105CF00045B9D4F8A00300F02000002814BF032009
:105D0000002038BD032038BD2DE9F84391E8080292
:105D10000568DC692B680E4693F86271D4F8008040
:105D200027B1D5F8600806F031FF0746D9F85C00C6
:105D3000F9F7E2F888B187B1F06888B14278012AB2
:105D400005D00C2323844FF0FF30BDE8F883606258
:105D5000D5F86008414607F0D9FC002323840020D1
:105D6000BDE8F8832DE9F04F1C4692F801909B683E
:105D7000D1F85CC089B0002723F4C063B9F1010FEA
:105D800080460E461546CDF810C005970697A360CD
:105D900040F23C81D278AB7843EA0223012B40F0F9
:105DA0003581A9F10203DBB2032B0ED81CF0400FA2
:105DB00000F02C8104222DF0F5DC002800F0268173
:105DC000402363630423A36329E12F1D38469649CA
:105DD0000322FDF3D1F08246002840F017814046AF
:105DE0003146EA792DF0DEDC002800F00F8104F165
:105DF000380B38465946FFF31DF0A9F10603DBB214
:105E0000012B11D8049B5F0640F1008140463146CA
:105E100004222DF0C7DC002800F0F88040236363E3
:105E20000423A3635746FAE06A7A2B7A43EA0223F3
:105E3000012B40F0EB8005F10A0738467A4903222E
:105E4000FDF39AF0002840F0E180404631466A7B3D
:105E50002DF0A8DC002800F0D98038465946FEF322
:105E6000E9F7A9F10C03DBB2012B06D8049B580615
:105E700040F1CC8040236363CEE0EA7BAB7B43EA16
:105E80000223012B40F0C08005F110006649032277
:105E9000FDF372F0002840F0B780EB7C012B01D0BD
:105EA000052B02D1049A510617D4062B02D1049A6D
:105EB000120612D4D8F8002092F862212AB1082BD9
:105EC00003D1049A12F4802F05E0022B40F09C804D
:105ED000049A12F0800F00F097805A1FD2B2012A64
:105EE00001D9082B0BD1336D5B0504D4049B13F44B
:105EF000922F00F08F80A36843F48063A360336D1A
:105F00005F0503D5A368580540F1848005F11000B2
:105F100004A90022FEF31AF7002877D0049BA9F108
:105F20001202D2B2012A63638CBF2A7D0022B3F52C
:105F3000802F01D151066BD5D8F87C06316D0DF15B
:105F40001F0304F05FFA002864D09DF81F301BB1D6
:105F5000A36843F40073A360A9F11407FFB2002FF4
:105F60004AD095F801A0A9F11609C7EB0A0A05EB7A
:105F70000A0393F803C003F1020B9B785FFA89F9D7
:105F800043EA0C2C4FEA1919002723E00BEB071307
:105F9000023305931023ADF81C3004F11403009371
:105FA000636B3046019306A905AA07ABCDF80CC078
:105FB00057F09ED901372028DDF80CC00AD1059A88
:105FC00062B1069B53B1012100914046214638F051
:105FD00033D903E0674501D04F45D7D15544EA781E
:105FE000AB7853EA022317D0059BBBB1069F002F65
:105FF0000CBF3527002712E0404621463A463B4673
:10600000009738F019D90AE02B2708E00C2706E0A2
:106010002D2704E01F2702E0002700E0352738463F
:1060200009B0BDE8F08F00BF22380100F8B591E853
:10603000280007685B681E683B6893F862415CB1A2
:10604000D7F8600806F0A2FD31460446D7F860088C
:1060500006F0A0FD064600E02646E86DF8F74CFF86
:1060600030B124B1002E14BF03200020F8BD20461B
:10607000F8BD2DE9F34191E8480007685B680C46DC
:10608000D3F800803B6893F862315BB1D7F86008C1
:1060900006F07CFD41460546D7F8600806F07AFD1B
:1060A000074601E01F461D46F06DF8F725FFA0B139
:1060B0009DB197B10122002101A8FCF3F5F701A8D9
:1060C0000521FEF3C9F30122A369F42001A9FDF320
:1060D0000FF52368A2695B681A620020BDE8FC81A5
:1060E00073B503680C461A684D6892F8626126B170
:1060F000D3F8600806F04AFD0646E86DF8F7FCFEA6
:10610000B8B11EB9D5F8A033980612D501220021E6
:1061100001A8FCF3C9F701A80521FEF39DF30122B4
:10612000A369F42001A9FDF3E3F42368A2695B6885
:106130005A6100207CBD73B503680C461A684D682F
:1061400092F8626126B1D3F8600806F01FFD06469A
:10615000E86DF8F7D1FE98B11EB9D5F8A0339B06CB
:106160000ED50122002101A8FCF39EF701A805210C
:10617000FEF372F3F42001A90122A369FDF3B8F440
:1061800000207CBD2DE9F3471746027A04460E46EF
:10619000D0F80090D1F800800AB1002B6AD0E31942
:1061A0009D7A002D67D098F8023194F8272003F0EB
:1061B0001C039B08934238BF13463371304630F0BE
:1061C00093DD98F802314FF4005203F0030312FA02
:1061D00003F3F36098F80231204603F003030D3314
:1061E00086F83D31414607F1360A2FF00BD856F8B4
:1061F0002A5045B94FF4417001F06CDF0546002884
:1062000039D046F82A00284600214FF44172FCF3A9
:106210004BF702232B700023AF7085F8ED30D9F8CF
:106220000030C5F8F48093F869318BB1484649F0E5
:1062300041DC38B1E37C984228BF184684F8043426
:10624000E07405E094F8043413B1E37484F80404B2
:10625000A27CE37C009294F82F2048460192D5F866
:10626000F4103A4632F036DFD4F850321A6D01326B
:106270001A6500E01D462846BDE8FC872DE9F0417F
:10628000D0F8E822002507460E46A8462B46D2F84D
:10629000B0100432002918BF98460133182B0D4462
:1062A000F5D128F007083046184908F10708FDF332
:1062B0006BF105BB22E0D7F8E83204F12C0253F869
:1062C0002220642353433046B3FBF5F31049FDF31A
:1062D0005BF1104B2340002B03DA013B63F0070313
:1062E0000133072B05D1444503D030460A49FDF35D
:1062F0004BF1013400E000244445DCDD3046074921
:10630000FDF342F10020BDE8F08100BF22570100FB
:106310002C57010007000080375701001A2D890013
:1063200037B500230193079B0546032B144604D978
:1063300001A806990422FCF333F60E2C2B6806D133
:106340001B68002093F8D120089B1A6001E06FF0D1
:1063500016003EBDF8B5C269002307460D461E462D
:10636000D1580433602B0E44FAD128461149FDF36D
:106370000BF1C6B10024FB69284653F8242064239E
:1063800053430D49B3FBF6F3FDF3FEF004F00703AE
:10639000072B05D1172C03D028460849FDF3F4F04C
:1063A0000134182CE7D128460549FDF3EDF0002013
:1063B000F8BD00BF5C5701002C57010037570100A2
:1063C0001A2D89000020704710B51C4603699B797F
:1063D0004BB9880501D5101D03E0C90510D502F1A0
:1063E0000A00214608E0CB0502D502F10A0002E0CE
:1063F000880505D5101DA11D0622FCF3BDF580B949
:10640000204602990622FCF3B7F568B120460399AD
:106410000622FCF3B1F500280CBF4FF0FF3000203E
:1064200010BD4FF0FF3010BD4FF0FF3010BD000029
:106430002DE9F04F5D4B07461868EFB06A9015469E
:106440009A886C69ADF8AC2153F8060FA2686C907D
:106450009B880491ADF8B4317B68A98BD3F814B054
:106460006B6805919B1A9BB2D218A260A289D5F8DD
:106470001090D31AA3810026B84664E0642E64D03D
:10648000A368E28903F10E0712F4005218BFB4F8B2
:106490005020BF07A089998905D04746FB6E1A6C2A
:1064A00001321A645BE01218DFF808A10F0A92B2F9
:1064B00047EA01270392A18ADAF800200E3752F842
:1064C0002120BFB21AB13A4AF91C0A4000E03A460C
:1064D0000399914205D04746FB6EDA6B0132DA63CD
:1064E0003DE06AAA00926CAA0192049805992A6874
:1064F000FFF76AFF002832D1E3899B0407D5B4F87F
:10650000503023B1A389FF1AA4F8507000E0A7818E
:106510002246D8F80000594619F0BCDEE38995F808
:10652000222023F0070302F007021343E38106ABA6
:1065300043F82640A28ADAF80030013653F82240A8
:10654000039BC3EB0909002C98D14746B9F1000F12
:1065500001D105AB0FE0FB6E5A6C01325A6458460C
:106560006969002201F0ECDD1DE053F8042F0021E1
:10657000918209F10109B145F7D124B1584621466C
:10658000002201F0DDDD00240BE006AB53F82430DF
:1065900095F829200093386804999B6825F066DBFC
:1065A0000134B442F1D16FB0BDE8F08F2B38010057
:1065B000FCFF0100E80300002DE9F04FB1B0DDF869
:1065C000F480079300230F922F9308F138023A9B2F
:1065D0000B92D1F808215B880C92079A0E931388CE
:1065E000814603F0FC03A3F120077B4243EB070342
:1065F0000C463C9E856908932BB13A9B4FF0300BBB
:1066000004330A9303E0089A4FF0100B0A9200211A
:10661000282210A8FCF348F51AA800212822FCF330
:1066200043F5D5F86C332BB110A805F55B71282222
:10663000FCF3B6F40C9B0DF1400A03F138070DF1A1
:10664000680C3A46534628462146CDF800C0CDF89E
:1066500018C024F065DAD5F8843439469B7824AF25
:1066600000220B986FF0BEDE384600212422FCF396
:106670001BF508F14D03DDF818C02593CDF898A05F
:10668000B8F868300DF1B40A504600210822CDF860
:106690009CC028932496FCF307F57368CDF800A0FE
:1066A000C3F300438DF8B43021465A460023D5F891
:1066B00094062E9753F03AD804F1DC0300F1060A51
:1066C000079A0D938DE808042FAB0A320293074610
:1066D0005946284604F1E203099220F08BDE8446F5
:1066E00018B91122A8F86820E9E02F9B00220121A7
:1066F00019705A702A6A1268022A04D194F92C215E
:106700000AB921221A70216D40F237120A4032B1C3
:1067100094F858201AB11A8842F010021A8095F89D
:10672000722432B12A6A527D1AB11A8842F4806208
:106730001A80B8F8682021465A80B8F820209A803C
:106740002F9B2DAA06338DE88C002F93D5F8940645
:106750005A460023CDF818C052F056DFDDF818C0B5
:10676000002840F09980009498F81820E36802907F
:1067700003900192DA6828463346614624F01AD81D
:10678000B8F8683023B13046022176F0A5DB83E00B
:106790002F9B063B2F93B36898050CD596F82430B1
:1067A00003F00303032B06D1D5F87C0621463246BD
:1067B0005DF0C6DA83E0B8F820303146A6F8CC3078
:1067C000284676F0B9DF0C9A022192F860300E9AD2
:1067D0003046934238BF1346A6F8FA3076F004DE0E
:1067E000D4F8EC30190309D5284621461AF038DDD3
:1067F000012803D12846214646F0F2DE2B689B6A29
:10680000F362089B53B10D980A990622FCF3B4F386
:1068100020B148460999E26836F0A6DF0999E26896
:10682000484636F0C5DC2A68D4F8EC1092F84F20C0
:1068300011F4005318BF022312F0030205D0CA045A
:106840005ABF7268C2F3004200227F218DE8060021
:106850000B9806F13C0100226FF0F0DE284631462D
:1068600077F058DB606920B106F11401012201F0D4
:10687000D9FFD4F8EC309B0404D5D5F84C0121465F
:1068800060F064DB2B6893F8693133B12846214608
:10689000012202F0BDFF00E0BA463B9B3A9A019309
:1068A0002F9B00920293484621460F9A079BCDF8F2
:1068B0000CA00496CDF8148036F054D905E0484673
:1068C0002146079A434635F029D931B0BDE8F08F0B
:1068D0002DE9F04F8569E3B0924698469DF8B421C2
:1068E000D5F864310C4607921BB19B79002B40F020
:1068F0006A812B6893F82F30ABB1236D990712D5BD
:1069000094F8A4307BB100F05FDFD4F8B0103EF013
:10691000D7DE002800F06C810023C4F8A830C4F84A
:10692000AC3084F8A430A3791BB12379002B00F09C
:106930004A81BAF800B01BF4804B65D00AF10A0313
:10694000284621461A46069376F080DF074600283F
:1069500000F03981D0F8D030002B00F0348198F865
:1069600003909DF8B8314FEA99190BB3D5F89C32D2
:1069700053F82960E6B13369D3B1337AC3B14146E4
:1069800003225BA8FCF30CF35BA806F11401326947
:106990000330FCF305F331695BA8033108AA02F068
:1069A000AFDA6C9A08F10400111F08AA02F0CADAE3
:1069B00009F11C0954F8293093B11A696C984146C1
:1069C000143308F0F5DCC0B9012300900193029064
:1069D00003900490214628461722069B1AF05ADDA0
:1069E000D7F8D00001F088DB0023C7F8D0300323AC
:1069F0000F2606934FF00109D2E06C9A08F10408C3
:106A0000083A6C920F2601E05E465F46B8F8023005
:106A1000B8F8009006932B6893F8623173B1B9F11E
:106A2000030F0BD16C9A079B00920193D5F8600875
:106A300021465246434674F057D8C4E0069A032ACA
:106A400000F2C180BBF1000F67D1012A40F0CC8079
:106A5000B5F8AA0122F014D90AF10A0B031C214649
:106A600018BF012328465A4676F0F4DE014610B1DD
:106A7000284676F0F1DE284621465A4676F0E8DFD1
:106A80000746002800F0B2804368DA0408D52A6877
:106A900092F83020002A40F0A98023F4805343600C
:106AA0002846394625F0B2DDB9F1000F03D0B9F11F
:106AB000010F2BD112E0B4F9543094F94420384638
:106AC00001211BB916B976F0B9DC01E076F01EDAC7
:106AD00097F8243013F001031DD118E0B4F95430B5
:106AE000012B18D03846494694F9442076F00EDA46
:106AF00000238DE80802029303930493284621465D
:106B000017225B461AF0C6DC0D2649E0002301225D
:106B100000930192EFE7002E42D100210C225FA8E2
:106B2000FCF3C2F2344B0DF5927B5F93334B0021A3
:106B30002822584660936195FCF3B6F2069BADF8A7
:106B4000346153AE3046002120224A93CDF824917F
:106B50004B97FCF3A9F26C9A08F106030193931F7B
:106B600000960293D5F894062146B0225FABCDF88B
:106B700068B152F003DEBDF834618EB987B197F881
:106B80002430D8070CD52846214604220AF10A03EE
:106B900000960196CDF80890039604961AF07ADCD8
:106BA000069A2046531C0193002303930493079BEA
:106BB0000AF10A01059304F1DC023B46CDF800908E
:106BC0000296FDF76DFC284621460AF10A0276F08E
:106BD0003DDE68B1A3795BB190F82430D90707D5C1
:106BE0002B689B6A836203E00E26D9E70126D7E76C
:106BF00063B0BDE8F08F00BF111484001514840049
:106C00002DE9F04F9A46836EADF5077D8146866982
:106C1000CB58D1F80C01919C0D460D92DDF84082C5
:106C200012930C90002C00F0AA82002131A86C2253
:106C3000FCF33AF29DF848320D998DF8DC30B4F847
:106C4000CC303391CDF8D0A0CDF8C4903295CDF8AA
:106C5000D480369423B9206947F04AD8A4F8CC00F0
:106C6000B4F8CC20D5F808310021ADF8E4204CA8C8
:106C700028221093FCF318F20D98BAF8002003882C
:106C8000ADF82C2003F0FC03A3F12000434243EBBA
:106C90000003D9B28DF8473093B20A934B010E939B
:106CA00094F824300F9103F00303032B03D1A3685E
:106CB000990500F13F82D6F864311BB19B79002B16
:106CC00040F05782336893F82F30ABB12B6D9A07A1
:106CD00012D595F8A4307BB100F076DDD5F8B01070
:106CE0003EF0EEDC002800F04A820023C5F8A83010
:106CF000C5F8AC3085F8A4300F9820B1B8F1090F71
:106D000040F2378209E0B8F1030F40F23282A8F175
:106D100004010AF1040B099104E0A8F10A020AF146
:106D20000A0B099200276763A763304621463A465B
:106D300076F0B4D9099BCDF8F4B0012B3E93CDF891
:106D4000ECB040F316829BF8013009980233984268
:106D5000C0F20F8239460C2283A8FCF3A5F1704BD8
:106D6000394683936F4B282284936AAB1846089365
:106D70008596FCF399F156AA0DF5E87C6B9260AA12
:106D80006C92604639462022CDF81CC06A94ADF85A
:106D9000C871FCF389F1089B09997B933368DDF88E
:106DA0001CC093F84F30029103F00303CDF800C0EC
:106DB000CDF804B08DF8E8310E9AD6F8940629463D
:106DC00083AB52F0DBDCBDF8C8210E9208B1174648
:106DD000BFE1BDF82C30D4F8E000A4F8F83038B1A9
:106DE00041780231FDF322F7D0F1010038BF0020D5
:106DF0000B900B98EB6D8DF8E60023B12A6D40F2F5
:106E00003713134013B92B6D5B060BD5D4F8E03064
:106E100043B9AB79002B00F08F81D5F8EC309804A2
:106E200040F18A81304656A960AA4CAB1AF0F6DED2
:106E3000002840F0858196F81C259DF844319A423F
:106E400040F07E8194F8243099070BD594F8D73020
:106E500023B130462146012239F0C0D92046FE2117
:106E600076F03AD895F94430002BC0F2718194F84D
:106E70002430DA0740F16C81336893F8A9304BB1C4
:106E8000D6F870012AF04EDD022803D10A99CB050D
:106E900040F154816D2215A80021FCF305F1002377
:106EA000DDF830E11A4612E086A8C11811F8E41C9A
:106EB00001F07F016C2909D81B48405C30B115AF47
:106EC00040B2795432EA200228BF012201337345CF
:106ED000EAD16168336A21F007016160587D12F1DF
:106EE000000C18BF4FF0010C18B112B941F00101AC
:106EF00061605B7D33B10A99480503D4636843F050
:106F0000020363600A9A12F02002139203D06368AE
:106F100043F004036360109B986B002314E000BFF0
:106F2000B1118400CD138400581689001099CA1835
:106F300092F83C20110606D502F07F0215A98A5C62
:106F4000002A00F0FD8001338342EFD1336893F8CB
:106F50004F309A072AD06D9941B34A7830460232B1
:106F6000CDF81CC054F09CDA00220746009230464F
:106F700021463A460023FBF701FCDDF81CC0AFB107
:106F800051A810220130F91CFCF30AF051AA002389
:106F9000F11891F8011312F8010F0840884240F0EF
:106FA000CF800133102BF3D14FF0020C129B9C4584
:106FB000C0F0C680EA6D22B1296D40F237130B4054
:106FC00013B92B6D5B060BD5636B23B1A16B40F23C
:106FD00037130B4023B92B6D13F0410F00F0B8802D
:106FE0000A98C00618D5296D40F237130B409BB99B
:106FF000490601D50B9979B130460D9E0023012237
:10700000009301920293039304932946172206F1F9
:107010000A031AF03FDA9BE0E2B12A6D40F237131F
:107020001340BBB1D30715D594F8D630012B11D13D
:10703000636B7BB105F1DC03009305F1E20301937F
:10704000022730462946224604F11403029726F00F
:1070500097D87EE0336893F830304BB9336A1B68B9
:10706000022B05D195F92C3113B91398002869D05A
:10707000336A1B68022B05D199F8003013B10A99C5
:10708000480561D5304619F07BDDD9F828309842A3
:107090005CD2304629461AF0E3D8D5F884309842BD
:1070A00054D2D5F8EC30990408D5D6F84C012146D5
:1070B0005A46099B60F016DA002849D10E9A4CA96D
:1070C000ADF82C213FA82822FBF36AF70C99486BF6
:1070D00008B101F011D80F9A1AB1AAF1060A08F105
:1070E00006089DF847000C9B83F83C00404600F0E2
:1070F000F1DF0C99486308B9886306E042465146BF
:10710000FBF34EF70C9AC2F8388001238DF8F0316A
:1071100004F11401002306227DA8ADF8F231FBF33F
:107120003FF731AB0093304629467CAA234635F021
:1071300051DD24E01E270CE00D270AE0162708E0A9
:10714000122706E0132704E0192702E0112700E0C8
:107150000C2731AB0393484629467CAA0D9BADF81A
:107160002C71CDF800A0CDF804800294FFF724FA2A
:1071700005E0484629460D9A31AB34F0CFDC0DF5D9
:10718000077DBDE8F08F00BFD1F80C0130B5446B2E
:107190004CB1816B39B190F83C50002D0CBF0425E7
:1071A0000A25A94203D200211160196030BD251DB6
:1071B0001560196090F83C0018B106390A3419605E
:1071C00014601A68043A1A6030BD0000024B00F0E7
:1071D0000F0053F820007047746501002DE9F04F4F
:1071E000CB88D0F810218BB09B0605460E4604686C
:1071F000D0F80C710892D0F804A11DD5036D9A0740
:1072000012D558070BD501F16F0004217CF0BADCD0
:1072100090B906F1830004217CF0B4DC60B994F8E5
:10722000413513F0020F05E0DA0705D594F8413532
:1072300013F0010F40F02B8320462946728E16234F
:107240003CF0D6D8002840F04083738E204613F4DB
:10725000404F0CBF002201220A3254F822902A46E5
:10726000494621F069DFFF28804600F02E8394F81C
:10727000903243F0040384F89032236893F83B3053
:107280003BB12046294642465AF000D9002840F03A
:107290001C83236A186961F0DFD840454DD0236A0A
:1072A000186961F0D9D8FDF387F383464046FDF3B2
:1072B00083F3834509D1236A186961F0CDD808F4B6
:1072C000605300F46050984237DC7B68022B0AD18F
:1072D000BAF8BE30DB0706D5BB68182B03D0089A76
:1072E000536B042B29D1D4F8580141464CF062DB92
:1072F000204628F01FDC7B68022B08D1B5F95430FA
:107300002BB9D4F8D4062946324651F0B5DA2046D6
:10731000414626F041DF236893F83B304BB1D5F866
:107320003C335968D4F8C035994202D0204623F046
:10733000ABD820461FF0ACDE0FE0D4F85801414630
:107340004CF042DF48B1D4F8580141464CF032DBF2
:10735000002120460A4622F00BD8236893F83B30E0
:1073600093B1D5F83C335A68D4F8C0359A420BD063
:10737000204628F0DFDBD5F83C332046596823F05F
:1073800083D820461FF084DE09F15003C8225046FE
:1073900031460993FBF304F6D9F80030AAF832809D
:1073A000022B07D199F81580D8F1010838BF4FF0AA
:1073B000000801E04FF00008F38813F020030DD01F
:1073C000236893F84F3013F0030307D0D5F8EC305F
:1073D00003F48053D3F1010338BF0023DBB20AF179
:1073E000380B0793FF22B8F1000F18BF00238DE878
:1073F0000C0058465946002243466FF01FD9D4F876
:1074000084345846099901229B786EF0EBDF0028FE
:107410002ED1B9F80820D9F80090B8F1000F05D1A5
:1074200020464146069220F03BD9069ABAF83230FF
:1074300003F46053B3F5205F08D0B3F5C05F07D005
:10744000B3F5805F14BF0A23142302E0A02300E0F9
:107450002823FF2101910290CDF800800393D4F8F6
:10746000843458461B79099904934B466FF0AAD887
:10747000D5F8EC3098040CD52946204620F010D9D8
:10748000FF230093019059465846002202236FF0D3
:10749000D5D82046594623F0D9DA96F9342020462B
:1074A0000032294618BF012246F0F2DC96F934304A
:1074B000E3B9D5F80831012283F86020D4F84401FB
:1074C00029465BF097D9284631463BF023DA284617
:1074D0000E213DF05BD82946204646F051DE20467D
:1074E00029467A68BB6845F007D8CCE1D5F8EC307E
:1074F000990405D5D4F84C01294652465FF0BADC10
:1075000020462946324676F0A3DA804638B920462E
:1075100029463A460BB0BDE8F04F3BF09D9F079AD5
:10752000F2B1DAF86830BAF86C900C33A9F10C09B2
:1075300019464A462046069353F0CCDF069B844604
:1075400019464A462046CDF818C053F099DFDDF8B9
:1075500018C00022034600922046414662460AE0D7
:107560004368DA0309D5F3889B0606D4079B2046B7
:10757000009341461A46FBF701F9D8F80430D5F8D4
:10758000EC2043F48053C8F8043012F400524FF05A
:107590007F0308F13C01009305D0079A58460192F9
:1075A0000223002203E0079B5846019313466FF025
:1075B00045D82046414676F0ADDC204629463AF0D3
:1075C000C1DD236893F862315BB1EB6D580308D5D8
:1075D000BAF8BE20D4F860084146C2F3801206F023
:1075E00095F898F8243013F00C0F40F04681B5F967
:1075F00054A02368C5F800A193F86231002B7DD018
:10760000EB6D190605D5D4F86008294673F054DBF4
:1076100010B9EB6D5A033CD500232946C5F800315B
:10762000D4F8600873F032DA29468246D4F860084C
:1076300073F040DA88B14FF480292046294632465B
:1076400008238DE800063DF019D830B10323C5F8B2
:107650000031C5F85C909A461BE0D4F860082946D2
:1076600073F02ADBA0B14FF0800B4FF000092046E9
:10767000294632460223CDF800B0CDF804903CF004
:10768000FDDF28B1C5F80091C5F85CB0CA4600E03E
:107690008246D5F80031032B0BD1D4F8DC062946FD
:1076A0003246EB6D6CF002D818B10023C5F80031FA
:1076B0009A46D5F80031032B20D1D4F8600805F0A4
:1076C00065FA50B1D4F86008414605F063FA20B17C
:1076D000D4F86008294605F01FF9D4F86008294657
:1076E0004246334673F092DA30B1284608210BB097
:1076F000BDE8F04F3CF04A9FC5F800A1D7F80490D0
:10770000B9F1020F1DD1BAF1000F1AD1D4F8D40685
:107710002946324651F0C8D898B1D5F80801FCF393
:107720002FF370B9D4F8D00629463246C5F8009137
:107730007BF00EDAD4F8D4062946324651F016DB37
:10774000CA460C21404675F04FDE7B68022B23D1E0
:10775000089A536B093B012B1ED893464FF0000942
:10776000134616E00A2000FB0930D5F808116230F4
:1077700006220693FBF300F4069B30B94FF4967291
:10778000ABF86820012283F8502009F101090BF1C0
:107790000A0BDA6C9145E5D37B68022B33D12B7A47
:1077A000002B30D0BAF1020F2DD1B6F8BE30DB0776
:1077B00029D5089A536B042B25D0BB68182B22D0EF
:1077C000284622F04DDF18B12846002127F058D86E
:1077D000284618213CF0DADED8F80C30D4F8D4066C
:1077E000D5F808211BB11969002908BF00230093AF
:1077F000B6F862302946C3F340130193434651F073
:1078000013DA064629E0284608213CF0BFDE4FF097
:1078100001090023CDF800A0CDF804900293039352
:107820000493B6F862303246C3F3401305932846FA
:10783000434608F11401FCF733FE2368064693F82B
:1078400069311BB12046494648F0D2D8A068396852
:107850004FF4967200230CF02FDF46B1D4F8880461
:107860001B49B5F82E21334660F0F8DA0BE0A0682A
:1078700039684FF49B72334603E00022A0683968F0
:1078800013460CF019DFBB7F0133BB771DE0F38893
:10789000708E23F46663F380FDF38EF040F4805025
:1078A0001FFA80F8708EFDF387F0B6F8BE300E2810
:1078B0008CBF4FF44040002048EA000823F00A0340
:1078C000A6F83280A6F8BE30B6E40BB0BDE8F08F63
:1078D000A59084002DE9F04F9A461388D0F80C61EA
:1078E000A3B003F0FC030993B36894460B3BBAF8CA
:1078F0000220012B04468B46DDF8B0900568D0F8D5
:107900000471ADF828201FFA82F80BD80CF1100092
:1079100039460622CDF818C0FBF32EF3DDF818C067
:10792000034660B1099A2046B2F1100318BF012343
:1079300000930023019306210CF10A0248E0306C09
:1079400020B1069300F0D8DB069B7364484600F034
:10795000C1DB306428B1C6F8449051464A46FBF377
:107960001FF32B6893F844303BB1D5F86001BAF8A7
:1079700002104AF037DCAAF80200B8F10B0F10D160
:107980007368012B13D0B3680C2B10D00023009325
:10799000214628465A463B463BF0C6D820460C2195
:1079A00077E0B8F1000F16D0B8F11E0F13D073684E
:1079B000204613F1FF3318BF0123009397F93430A9
:1079C0003A46D3F1010338BF002301930121434616
:1079D00039F0AEDBC1E02B684FF000089B6AA9F1DB
:1079E0000602CBF82C300AF10603079308920393A2
:1079F00004924346284621465822CDF80080CDF80F
:107A00000480CDF8088019F045DD41460C221FA8FE
:107A1000FBF34AF3524B41461F93524B28222093CB
:107A20000DAB184606932195FBF33EF3BDF82820D5
:107A30000DF15C094146ADF8382048462022CDF8CA
:107A400034B0FBF331F3069B089A1E93079B029216
:107A50000193CDF80090D5F894062146099A1FAB02
:107A600051F08CDE8046002877D1BDF83890B9F10E
:107A70001E0F11D1129B2846F36421463AF062DBB7
:107A8000F26CA86831681E3243460CF015DE2046C1
:107A900019213CF07BDD60E0D4F8EC309B0406D586
:107AA000D5F84C015946079A089B5FF07BDDBAF880
:107AB0000420A4F8F62095F87338A5F8582383B16C
:107AC00092042869C421920C44F0C6DA05F50660D8
:107AD000093039460622FBF363F297F83230A5F8F5
:107AE00070387368204613F1FF3318BF01230093E9
:107AF00097F934303A46D3F1010338BF002301939C
:107B000000214B4639F014DB204659463AF026DA7C
:107B1000D5F868329C4220D0E36DF3B9236DD807C5
:107B20001BD5E36E591C18D01C3354F82320A2B186
:107B3000117A012901D003290FD15089D3798DE819
:107B4000030002F1140102910021049105910397B1
:107B500028462146126954F0C3DD23B0BDE8F08FFA
:107B6000D5548400616184002DE9F04FA5B09246A0
:107B70000C939DF8B820D0F80C310D920993BAF807
:107B80000220D0F8043101F10A07BAF80490044643
:107B90000B9105680892384619460622BAF800B0DB
:107BA0001FFA89F80A93FBF3E7F100282ED1284643
:107BB00021463A4675F04ADE0646002826D0099A44
:107BC0009368082B01D00A2B20D1726842F48052AE
:107BD00072602A6892F8622172B1BBF1030F0BD177
:107BE0000C9B0D9A00930192D5F8600821460B9AE0
:107BF000534672F079DF92E0082B02D1089B022BEA
:107C000003E00A2B07D1089A042A04D0002300932A
:107C10002046062180E0B8F1000F06D0CDF800B074
:107C2000204601213A46434677E041460C2221A8EE
:107C3000FBF33AF23B4B414621933B4B28222293E4
:107C40000FAB184607932395FBF32EF2089AADF875
:107C50004C900DF164091092414620224846CDF81F
:107C60003CB01196FBF320F2079B0C9A20930AF18B
:107C700006030193931F0293CDF80090D5F8940664
:107C80002146B02221AB51F079DD002847D1BDF863
:107C90004C30002B3AD1BBF1010F37D1089A022AA0
:107CA00034D10A2120463CF071DCF368129A06F1C7
:107CB00014011BB11869002808BF002303930D9B12
:107CC00001204FF0030C4FF0000E8DE8015004929C
:107CD0000593204633460A9AFCF7E2FB2146064606
:107CE00028463AF02FDA46B1D5F888040F49B4F89F
:107CF0002E21334660F0B2D811E0099AA8681168C5
:107D000033464FF49B720CF0D7DC08E0191CCDF819
:107D100000B0204618BF01213A463DF025D825B0D5
:107D2000BDE8F08F6D61840071618400A5908400CE
:107D30002DE9F041876806467D68B86851F80580EE
:107D40000C46FAF3D1F2C8F80400002830D0635989
:107D500000215868E422FBF3A7F1F86854F8058085
:107D6000FAF3C2F2C8F8080010B36359002198680A
:107D7000E822FBF399F163592949D3F80880336865
:107D80003246C8F80030986800230CF03FDDC8F890
:107D9000680068B163592349D3F8088033682246E4
:107DA000986800230CF032DDC8F8C00000282FD1FD
:107DB00063599B68FBB1996E39B1336898680CF0D0
:107DC0000DDD635900229B689A6663599B68D3F85E
:107DD000C01041B1336898680CF000DD635900228F
:107DE0009B68C3F8C0206359F8689968FAF3A2F257
:107DF000635900229A606359596861B1B868FAF30F
:107E000099F2635900225A606FF01A00BDE8F081C0
:107E10000020BDE8F0816FF01A00BDE8F08100BFDE
:107E200055BE84009DBC84002DE9F04F9FB00646EE
:107E30008B461446D0F800900493002B00F0DE82AD
:107E40008368049A5B681146D35848465D689B680E
:107E50001CAA05931BAB36F043D860B15CB9059CF6
:107E6000202204F148001B99FBF39AF02022E280C3
:107E70004FF0870C0DE0062C00F2C382DFE814F00F
:107E80000700C1026F00C1026C01C102E4014FF0A2
:107E9000710C049C63464846716804F11402CDF8E5
:107EA0000CC07DF03DDBDDF80CC08046002800F002
:107EB000AC82BBF1030F06D1D5F8D030B3F5802FDB
:107EC00008BF4FF0000BD8F80840ACF112039BB28A
:107ED0001B0204F1120A238200215F225046CDF8D2
:107EE0000CC0FBF3E1F04BF088039BB21A0AE2747A
:107EF00023752B8B05F11C071A0AA375627548467A
:107F0000394620221FF048DD04F11F0039462022A7
:107F1000FBF346F0DDF80CC0ACF1710C1FFA8CF3EA
:107F2000BBB11A02A4F86F20023BDD2284F8712055
:107F300084F872308749032204F17300FBF330F0B8
:107F4000042384F8763004F177001C991022FBF3A7
:107F500027F00B235F462B604FF0000B5AE2BBF17A
:107F6000030F07D1D5F8D070B7F5802F14BF0327C2
:107F7000002700E05F46D5F8D000802802D0B0F599
:107F8000802F04D147F49E5747F0080703E00428E8
:107F900002D147F4E477BFB2D9F8003093F86241D8
:107FA00054B1F6F7A9FF40B1D9F8600804F0EEFD2E
:107FB00018B1B5F8D40000E02046AC88D5F8D03030
:107FC0000419A4B2802BADF8764002D0B3F5802F0F
:107FD00025D117F4805323D0B6F8108018F001088B
:107FE00008D130463FF03EDD30463FF05FDD0130E6
:107FF00000F00B8233687168D3F87C065BF062DDB9
:10800000B6F87C30BDF876202633C31812F007028C
:108010009BB205D0C2F108029B189BB200E000237E
:1080200071341B19049C4846716804F114029BB218
:108030007DF076DA8046002800F0E7818468002130
:108040005F2204F1120A227461745046FBF32CF093
:108050003B0AE37427752B8B05F11C011A0AA375E3
:10806000627504F11F002022FAF39AF7AA8804F13E
:108070007100A968FAF394F7BDF876301A0A42EA5B
:108080000323A4F86F30D9F8003093F86231B3B10C
:10809000D5F8D000F6F730FF88B1D9F8600804F0C1
:1080A00075FD60B1AB68002B00F0B381A888D5F8EE
:1080B000D81050445F30B5F8D420FAF371F7D5F8F2
:1080C000D030802B02D0B3F5802F33D1F80431D5D6
:1080D00021460DF1760230463FF074DCBDF8763073
:1080E0001A0A42EA0323A4F86F30049A93689905A8
:1080F0000FD533682246D3F87C0671680DF17603FC
:108100005BF02CDDBDF876301A0A42EA0323A4F8AE
:108110006F30A37B30460093294652465B463FF0C2
:10812000ABDA013006D1D9F804004146002200F054
:1081300007D866E194F86F2094F8703043EA022380
:10814000228AD3189BB21A0A42EA032323820C2301
:1081500016E100BF3738010096F87A704BF4607B67
:108160003F0107F030074BEA0707B6F87CC0BFB203
:108170000023BA0754BF0CF1710C0CF1790C049C6C
:108180001FFA8CFCADF8763048466346716804F1FE
:108190001402CDF80CC07DF0C3D9DDF80CC08046C8
:1081A000002800F0328184685F234FF0000B04F157
:1081B000120AACF112022374594684F811B05046E9
:1081C000FAF372F73B0AE3742775B6F87C3006F1D0
:1081D000BE011A0AA375627504F11F002022FAF38A
:1081E000DFF6102206F18E0104F13F00FAF3D8F613
:1081F000082206F1FE0104F14F00FAF3D1F6B6F8B9
:108200007C2006F15A0104F17100ADF87620FAF3F2
:10821000C7F6BDF8763030461A0A42EA0323A4F8BE
:108220006F30A37B29460093524607F003033FF0CB
:1082300023DA013040F096804146D9F804005A46CE
:10824000FFF37EF7D846E0E0D5F8D030802B03D09E
:10825000B3F5802F40F0D5803368AC88D3F87C0626
:108260007168ADF876405BF02DDCB6F87C30BDF877
:10827000762026337134C31812F00702A4B29BB2E1
:1082800003D0C2F108029B189BB2E318049C484635
:10829000716804F114029BB27DF042D98046002837
:1082A00000F0B38084684FF0000C5F224BF49C57C1
:1082B00004F1120A84F811C06146BFB2227450461C
:1082C000CDF80CC0FAF3F0F63B0AE37427752B8B5C
:1082D00005F11C011A0AA375627504F11F00202222
:1082E000FAF35EF60DF1780BA968AA8804F1710023
:1082F000FAF356F63BF8023D21461A0A42EA0323F6
:10830000A4F86F305A4630463FF05CDBBDF876305B
:108310001A0A42EA0323A4F86F3033687168D3F86D
:108320007C0622465B465BF019DCBDF876303046B1
:108330001A0A42EA0323A4F86F30A37B294600936C
:1083400052463B463FF098D90130DDF80CC009D1C8
:1083500041466246D9F80400FFF3F2F6DDF80CC09E
:10836000E04652E094F86F2094F8703043EA02231C
:10837000228AD3189BB21A0A42EA032323820D23CE
:108380002B604FF0010B45E0B3F5802F14BFFE23A7
:10839000022300E00223504605F15C01082200F8A8
:1083A000053BFAF3FDF517F0030104D1D5F8D00031
:1083B000FDF38EF10146BBF1000F0CD0204605F114
:1083C0008C0207ABFDF394F1F0B10AF14D0007A95F
:1083D0001022FAF3E5F573684146DA68484624F05E
:1083E00093DF059CD9F80800D4F8C0104FF47A72D6
:1083F00000230CF061D94FF0010806E0DDF8108091
:1084000003E04FF0000800E0804640461FB0BDE8A2
:10841000F08F9B460323E373D5F8D030802BB3D184
:10842000B8E700BF2DE9F04F054689B00E46D0F8F9
:1084300000A01F46002B00F0878183685B68FB5813
:108440005C68D3F80880D4F8D000F6F765FD002802
:1084500000F07C81B8F1000F00F07A81BB6858050C
:1084600007D4BB6B03F00203002B14BF01230223CC
:1084700000E00323D4F8D0000793802805D0B0F59E
:10848000802F02D0042840F06581337D96F8139048
:1084900043EA092919F00303069302D1FDF318F109
:1084A000069004F15C0B0120082306F117015A46DF
:1084B000FCF3F0F5834500F04F8123680C2B00F0AE
:1084C000B7800D2B00F018810B2B40F0458109F48B
:1084D000DC73B3F5847F40F03F8104F13C0320223C
:1084E000184606F11F010493FAF35AF5BA68049B83
:1084F00012F4806F09D12A68126892F86221C2B121
:10850000D4F8D020B2F5802F13D108F148020092A0
:10851000B8F806206968019204F18C020292A28ADE
:1085200007F114000392E23104F11C02FCF346F55A
:1085300022E0696807F1140C6046E23106220493D8
:10854000CDF814C0FAF318F5049BDDF814C0002828
:1085500000F0028108F148020092B8F8062069682C
:10856000019204F18C020292A28A60460392E231E7
:1085700004F11C02FCF322F719F4807F10D0338A37
:108580001A0A42EA03239BB25C2B40F2BF803046BA
:10859000069904F18C02FCF377F7002800F0DC80E8
:1085A000338A1A0A42EA03239BB25E2B40F2AE8062
:1085B00096F86F1096F8702042EA012202F15F01EE
:1085C0008B42C0F0A380C2B1E188B4F8DC30CB1894
:1085D0009A4212D106F17100E16806F11209FAF32C
:1085E000CBF488B1E388D4F8E010994409F15F0036
:1085F000B4F8DC20FAF3C0F430B1686807F1140174
:1086000011227DF025D9A7E0002384F8CD302B6816
:10861000D8F8C01098680CF075D858460821FDF3BA
:108620005DF02846079902223B46FFF7FDFB93E0E9
:1086300009F4D873B3F5807F40F08E8019F4807F01
:1086400008D03046069904F18C02FCF31DF700288F
:1086500000F08280002384F8CD302B68D8F8C01059
:1086600098680CF04FD8228A07F11406238B5046E5
:108670008DE84400696804F1AC027DF089D8D4F833
:10868000D030802B02D0B3F5802F02D1102323608D
:1086900018E0042B16D10D2323602B8AD90707D4A9
:1086A00028463FF0DFD928463FF000DA013053D0AA
:1086B00058460821FDF312F02846079904223B464C
:1086C000FFF7B2FBD4F8D030802B04D0B3F5802F65
:1086D00001D0042B08D16B685046DB6879210093E8
:1086E00032460623FAF7D4FAD4F8D030802B27D0BC
:1086F000B3F5802F30D123E019F4807F15D0338A71
:108700001A0A42EA03239BB25C2B07D8DAF800303E
:10871000D3F888305A6E01325A661DE03046069909
:1087200004F18C02FCF3B0F6B0B1002384F8CD3034
:108730002B68D8F8C01098680BF0E4DF1023236092
:1087400028463EF0F3DF07E0184606E0E92004E0A3
:10875000404602E0002000E0012009B0BDE8F08FB3
:108760002DE9FF470D9C064617469A468946002983
:1087700052D0002C52D0836800685B68E3585D6873
:10878000D3F80880294606F01DFF09232B604846D0
:1087900039463022FBF382F0736848B1626BDB6DBF
:1087A000B2F5802F0CBF03F4802303F0800302E0B6
:1087B000DB6D03F00403C5F8D0300C9B30680293E6
:1087C00021462A464B468DE8800406F018FF30B358
:1087D0007369012B02D1B8F8060000B3002385F8B5
:1087E000CD303368D8F8C01098680BF08BDF0A23BF
:1087F0002B60A3685B0507D4A16B01F0020100297F
:1088000014BF0121022100E003213046002223464B
:10881000FFF70AFB012002E0084600E0204604B012
:10882000BDE8F0872DE9F04390E86000D6F8083104
:108830008E465B8E174603F440437246A3F5404EC6
:10884000DEF1000389B004463146284643EB0E03AF
:1088500075F000D8804600287CD047B1E368002B33
:1088600078D120464146FFF763FA002872D1A36809
:108870005B6858F803309F68238AD90702D42046E2
:108880003FF04CD82B68C4F80C8093F86231ABB140
:1088900098F8D630032B0BD1D8F83430B3F5802FAD
:1088A0000CD12846414607F1480270F01BDC0FE06E
:1088B00023B9D8F83430B3F5802F09D0238A9A072A
:1088C00008D507F1480004F11A012022FAF368F3F1
:1088D0002023FB80FB88202B35D12B684FF000092B
:1088E000D3F8E800CDF81890CDF81C900590FFF370
:1088F000F1F3074600282DD005AB8DE80802284685
:108900005021D8F810203B46F9F742FED5F818055B
:10891000314606AA07ABFEF737FC07F10C030093BC
:10892000059B20460C3B0193E36801210293069AC4
:10893000079B40F0D9D92B683846D3F8E830059327
:10894000FFF3DAF306E0706906F11901327E43465F
:108950003FF054DA09B0BDE8F0834FF0FF307047C4
:1089600070B50446D0F8880000220A21D4F8D83027
:108970000D0A33F81230CEB2CB189BB2013B46EA57
:10898000032605F0030503F440731D436FEA4263B9
:108990006FEA5343A0F84035A0F82065A0F82C55A5
:1089A000A0F84035D4F8D83033F8125001324919C4
:1089B000062A89B2DAD1204698215A8843F04CDB46
:1089C000D4F8D83020469A219A8843F045DBD4F871
:1089D000D8302046DA881B889C2143EA022292B2D2
:1089E00043F03ADBD4F8D83020465A891B899E21BF
:1089F00043EA022292B243F02FDB2046BDE87040EA
:108A000040F0EE9CF8B503688E210446D3F88454F8
:108A100042F0E0DC236840001B6886B293F86431C2
:108A200006F1500106F1940789B2BFB213B10023D9
:108A300085F86D31D5F82031012B1CD002D3022BE3
:108A400030D122E095F8E820012010FA02F295F8E2
:108A5000583192B2FF2B03D010FA03F31A4392B2AB
:108A6000204643F0F9DA95F8E83001229A40204692
:108A7000394692B214E02046B5F82A2143F0ECDAE8
:108A800020463946B5F82C210AE095F8E830012255
:108A90009A40204692B243F0DFDA2046394600225F
:108AA00043F0DADA95F81C2142B94C364FF6FE71E4
:108AB00020463140BDE8F84043F0CE9AF8BD0000B2
:108AC000D0F8941010B50831044641F0F3D80349AA
:108AD0002046BDE8104041F0D59800BF6C4F010022
:108AE00038B5437C04468B420D4606D039B142F07E
:108AF00005DB38B94FF0FF3038BD002038BD4FF0EE
:108B0000FF3038BD002084F87600657438BD000061
:108B10002DE9F0438BB0129F98460023032F0446A3
:108B20000D46139EDDF85090089309930CD904224A
:108B300008A84146FAF334F2072F05D909A808F12D
:108B400004010422FAF32CF25A2D089900F0B380A4
:108B500032D8212D00F0D08016D80E2D00F0A7803D
:108B600008D8052D5BD00C2D00F09D80042D40F021
:108B70009B817CE0142DC0F09781172D40F2A081DD
:108B8000202D40F09181C5E03F2D00F0F88009D8FC
:108B9000272D00F0CE803E2D00F0EC80262D40F0F9
:108BA0008381D4E0522D00F02A81542D00F02A81D7
:108BB000442D40F07981E7E06A2D00F0618116D8FC
:108BC000642D00F0408109D85D2D00F08680632D72
:108BD00000F01B815C2D40F067817BE0682D00F088
:108BE000398100F23A81662D40F05E812FE1792DC6
:108BF00000F0528109D8712D00F04681782D00F0E7
:108C00004E81702D40F050815AE17C2DC0F04C8196
:108C10007D2D40F255818C2D40F0468163E0E06F60
:108C200098E8A000C66916F004060ED0002335FAB5
:108C300003F2D607D9B203D401330F2BF7D119466B
:108C40002A463B4604F0DADC2CE129463246022370
:108C500004F0CADE29462A460223E06F04F000DF52
:108C6000E06F29463A46022304F0E0DE2DE1B9F137
:108C70000B0F40F31C8100210A460223E06F04F031
:108C8000B3DE00210A4607460223E06F04F0CEDE81
:108C9000002105460A46E06F022304F0E1DE37605A
:108CA0007560B060FEE0E06F04F0B8DE3FE0D4F83D
:108CB0008000884902E0D4F880008749FBF390F0F7
:108CC00020B100210A46FAF327F630E04FF0FF33D7
:108CD0003360E9E094F81C31E3E0003118BF012172
:108CE00084F81C11DEE0099A4A4500F3E080204632
:108CF000334640F069D845E0072F40F2D88000297C
:108D0000C0F2D88002230093E06F0122099B04F097
:108D10001DDFC7E0032F40F2CA800029C0F2CA80DD
:108D2000022300930022E06F134604F00FDF30604F
:108D3000B8E00B2F40F2BB800029C0F2BB80099B3A
:108D4000002BACBF6FF016066FF00106BDE0072FD9
:108D500040F2AD800029C0F2AD80099A002AC0F22D
:108D6000A98000250095E06F2B4604F0FBDE306003
:108D70002E46AAE0E06F314604F034DE02E0E06FF8
:108D800005F006D80646A0E0236898680BF046DD9B
:108D90000746E06F04F09ADE10B3E06F04F0B2DE35
:108DA000054618B9E06F012105F004D83368E06F7B
:108DB0000093736808360193002302960393416879
:108DC000D4F88820A368FAF3A1F0002814BF4FF06C
:108DD000FF3600266DB9E06F294604F0EBDF08E0AE
:108DE000E06F04F067DE002814BF6FF01D066FF01F
:108DF00016062368394698680BF018DD65E0D4F84C
:108E000060314EE0D4F864314BE03146102204A8C2
:108E1000FAF3C6F0059D0C352846FFF35BF10446D6
:108E200000284AD031462A46FAF3BAF02388204671
:108E30001B0B012B04D0FFF35FF14FF0FF3644E032
:108E4000FFF35AF13CE0236893F8183629E04FF419
:108E5000B06326E0B4F81E3123E089B201292FD88F
:108E60000323A4F81E112046009319B120220221E9
:108E7000134602E002212022002342F083D811E0B1
:108E8000204640F08BD952E74B1C022B1BD82046C2
:108E900049B242F0DDDB75E7C4F8381102E0D4F8DE
:108EA00038313360002610E06FF01D060DE06FF0E2
:108EB0000D060AE06FF0010607E06FF01A0604E005
:108EC0006FF0160601E06FF01C0630460BB0BDE8EF
:108ED000F08300BFFA6C8900026D8900F0B587B09D
:108EE00004460668D0F8885000210C2202A8FAF344
:108EF000DBF0002320464FF0FF31704A059342F02B
:108F000031D823681B6893F8693113B1204640F0CB
:108F10008BD8204643F014D84FF40037204640F059
:108F200039DC009704233069242105AA41F0AADA2C
:108F300000210A46E06F04F081D96149204640F0E3
:108F4000A1DE2046FFF70CFD02A9204640F05EDBC3
:108F500020468021082243F07FD80A2220465C2147
:108F600043F07AD82046D4F8201140F0EDD9554A84
:108F70002046554941F0F6DF4FF00043C5F88831EF
:108F80004FF00073C5F88C314FF48043C5F8283199
:108F90004FF480336B620121204641F0D9DFE06F4E
:108FA00004F0F0D8A4F81201A5F8A806162120466E
:108FB000B4F8482043F050D82046C021B4F86C20C3
:108FC00043F04AD82046C221B4F86E2043F044D87A
:108FD0002046182104F1A4020223009741F09EDAF2
:108FE000022320461C2104F1A602009741F096DAE4
:108FF00096F858361BB1002386F8583606E00097DD
:109000003069242105AA042341F088DA204644214E
:10901000B4F8A82043F020D820464621B4F8AA206E
:1090200043F01AD8B5F888361B051B0DA5F888360D
:109030000123A5F89C360025B5636319586910B162
:10904000224B5B6898470435182DF6D11F4D606997
:10905000AB6D98476B6F606998472046002142F0DE
:10906000BDDC23681B6893F8693113B1204640F0DA
:109070000DD8A36F2046598B4FF48072CC3142F04B
:10908000EBDF637C032200921022002B14BF1346F7
:1090900000232046042141F075DF2046AE2142F036
:1090A00099D94FF4D8634000C4F82401C4F828319A
:1090B000304640F091DC07B0F0BD00BF040400046E
:1090C000943E0100000002400000064010A7880006
:1090D00070B5036804461B6893F86931002B00F0F3
:1090E0008180836F598B363142F074D9236D0646E7
:1090F000D80777D5636D190674D4E36F9A69920027
:1091000002D5DA69D00704D5DB69D90701D45A073B
:1091100068D5E36E9B0065D5D4F888304FF496751A
:10912000B3F8B42692B242F00302A3F8B426D4F8FE
:109130008820B2F8B83623F0C0031B041B0CA2F839
:10914000B836236DD80719D5636D190616D4E36FA9
:10915000DB695A0712D5E36E9B000FD5D4F888302F
:109160000121A3F8F016D4F88830B3F8F22692B2B1
:10917000130A03F00F0302F03F0213E0D4F8883023
:109180000022A3F8F026D4F888300121B3F8F226A3
:10919000A3F8F016D4F88830C2F30512B3F8F2360B
:1091A000C3F30313042A02D10BB1042E02D04FF4EF
:1091B000FB750AE06420FEF37BF4013DC1D1F6E7C4
:1091C000013D08D00A20FEF373F4D4F88830B3F8D8
:1091D000B626D007F4D4B3F8B82692B242F0C00253
:1091E000A3F8B82670BD38B58B7905460C463BB15F
:1091F00090F88E22002A21D190F88F22002A20D1C7
:109200000122627193B12B6893F8623173B1E36DFF
:1092100058030BD5D5F8600803F0B8FC30B163797A
:1092200023B1D5F86008214603F076FBA07950B150
:1092300028462146BDE8384044F0A29F4FF0FF3059
:1092400038BD4FF0FF3038BD43690BB9022343618D
:1092500083690BB914238361C36913B94FF416737F
:10926000C361836813B94FF47A73836003690BB9E0
:10927000034B0361C3680BB9024BC360704700BF67
:1092800000350C00804F12002DE9FF4703680446AB
:10929000D3F80090D9F810309B6FB3F81AA099F862
:1092A0001930002B5AD040F2A47600253146D9F867
:1092B000100042F08FD8B11C0746D9F8100042F0D8
:1092C00089D86B08023504AAEDB202EB830347EAA2
:1092D00000400436062D43F80C0CE7D10AF1A40A2D
:1092E0005146D9F81000019F039E029D42F072D8AA
:1092F00051468046D9F8100042F06CD84BF6FF7208
:1093000002405146D9F8100042F0A6DE236A9F427F
:1093100002D2DB43D81900E0F81A636A9E4202D2F7
:10932000DB43991900E0F11AA36A9D4202D2DB43A4
:109330005A1900E0EA1AA368276298426662A56299
:1093400003D3032384F838300AE02369994207D213
:10935000E3689A4204D2C8F3803002E0F52000E0CE
:10936000012004B0BDE8F087F7B5099D0023032D67
:1093700006461746089C009301930BD904226846C1
:109380002146F9F30DF6072D04D901A8211D042269
:10939000F9F306F61C2F07D1D6F88030002093F899
:1093A00038200A9B1A6001E06FF01600FEBD2DE91F
:1093B000F041044616461F460D46002900F09D80E8
:1093C00030F0C4D8D4F8A031804693F8661093F8F2
:1093D0006C20002940F08880002A40F08580998820
:1093E00042F20E72013989B291422DD8206940F2C1
:1093F000EA3140F0D3DD90B120694FF47B7140F049
:10940000CDDDD4F8A0319A8841F64B539A4204D965
:10941000206940F2ED3140F0C1DDC5B200E0054603
:10942000206940F2EB3140F0B9DD012330B13B70EF
:10943000D4F8A031002283F86E2033E03870D4F8DD
:10944000A02182F86E302DE05A8D910706D5206953
:1094500040F2EE3140F0A2DDC5B223E012F001028D
:1094600014D0B3F87B10002973D0B3F87920002A08
:109470006FD00A20414391FBF2F2062A69DDB3F86E
:109480007130012B67D0022B0DD166E032703A703B
:10949000D4F8A021012382F86C30D4F8A02182F8FE
:1094A0006E3000E03DB900233370D4F8A0310122C2
:1094B00083F86C201BE0D4F8A03193F86D20022AC9
:1094C00007D9012283F86620D4F8A03183F86750C9
:1094D00002E0002333703B70D4F8A03193F86D2084
:1094E000013283F86D2002E00AB100233370D4F812
:1094F000A031C3F86880BDE8F081D0F8A03193F8BE
:1095000066202AB9DB6E13F0FF1F13D1BDE8F0818E
:10951000022213462FF03EDC012320462946022278
:109520002FF038DCD4F8A03183F86650D4F8A0319D
:1095300083F86750D4F8A021002382F86C30D4F867
:10954000A02182F86E30D4F8A02182F86D30BDE8F9
:10955000F0810625AFE70225ADE70825ABE770B53A
:10956000036886B00C460546002103A80A221E683F
:10957000F9F39AF5BDF80C3043F01003ADF80C3058
:1095800094F8AC30A3B1D4F88830D3F82031D807A0
:109590000ED5204642F0B8D9022200922046BDF8EE
:1095A0000C300021102241F0EDDC204641F064D95E
:1095B000012185F83910336A186901F0C4FA06B040
:1095C00070BDF0B5036887B00C460746002103A8BC
:1095D0000A221D68F9F368F5BDF80C3023F010037A
:1095E000ADF80C302B699B6F5E8B94F8AC30002B80
:1095F0003CD0D4F88830D3F82031DB0736D520466C
:1096000042F082D90222BDF80C300092204600219F
:10961000102241F0B7DC236DD80724D5636D1906FD
:1096200021D4E36F9A69920002D5DA69D00704D594
:10963000DB69D90701D45A0715D5E36E9B0012D513
:10964000D4F88830B3F8B82692B242F04002A3F8BA
:10965000B826D4F88820B2F8B83623F080031B046B
:109660001B0CA2F8B836204641F006D9002487F832
:10967000394006F136012869224642F0EDDC06F158
:1096800008012869224642F0E7DC06F1F80122468B
:109690002869A43642F0E0DC3146286941F09ADEC0
:1096A0004BF6FF7202403146286942F0D5DC2B6A46
:1096B00097F83910186901F046FA6B7E43B12869B2
:1096C00040F2A47122460C2342F0DAD8204601E091
:1096D0006FF00A0007B0F0BD7FB551F8383B0022AB
:1096E0001868D0F868320092019202920122039128
:1096F000049219469822DC3317F0CCDE07B000BD87
:1097000038B50446FFF7A0FD94F83830032B04D099
:109710002046FFF7B9FD054600E0002594F83830F3
:10972000013B032B73D8DFE803F00213304C012018
:109730002146FFF7D1FF012D08D1E36A62690133A9
:109740009342E36263D3022384F83830002351E06C
:1097500002202146FFF7C0FF012D4FF000030BD17F
:10976000226BA16901328A422263E3624FD3032252
:1097700084F83820236338BDE26A616901328A4285
:10978000E262236343D3012232E003202146FFF744
:10979000A3FF94F83930012B07D120466168FFF709
:1097A00010FF002323626362A362636BE2690133EB
:1097B000934263632BD300236363042384F838301C
:1097C00038BD04202146FFF787FF94F839301BB9D4
:1097D00020466168FFF7C3FE012D4FF000030BD157
:1097E000E26A616901328A422363E2620FD3032293
:1097F00084F83820E36238BD226BA16901328A42C5
:10980000E362226303D3012284F83820236338BD46
:10981000F7B50368044693F83C20002A40F0AC807A
:1098200093F86931002B00F0A78044F06BDF022829
:1098300040F3A280204644F003DF002800F09C8023
:10984000206940F059DA23680646DA6ED4F8687267
:10985000002A40F091801B7E002B00F08D8094F850
:10986000D4312BB120461FF067DA002840F0848005
:10987000D4F8A0315A6B5278D1070CD4DD795DB1A0
:10988000D4F86832D3F814311B695B42AB42CCBFC9
:109890000825002500E0002506F00403002B18BF72
:1098A0000825BB7916F0100618BF4FF4007623BBCD
:1098B000D7F8083193F93430FBB13B7AEBB13B7CFC
:1098C00023B107F1DC00FAF35BF2B0B994F88D3202
:1098D000012B12D194F88E3223B1D4F8180535F04B
:1098E00019D850B9FB6DA3B13A6D40F2371313404C
:1098F0007BB197F86030D3B10BE094F88D325BB157
:10990000D4F88C221D4B1340B3F5807F10D13B7CE3
:1099100073B13543ADB20BE094F88E323BB1D4F85D
:10992000180534F0F7DF002808BF002500E01D46C9
:10993000022120464FF402722B4600911FF060DC9A
:10994000354219D00023D4F86422D15889B18A79DC
:109950007AB90A7A6AB10A7C5AB1D4F8440158F04B
:10996000E9DE0146D4F8440103B0BDE8F04059F007
:10997000A9990433202BE6D103B0F0BD00FFFF000E
:109980002DE9F84305680446D5F8A031D0F83480B5
:10999000D3F810902B699B6F5E8BFDF315F7A36CCA
:1099A000A064C31AB3F5617F01D2BDE8F8832046F5
:1099B00045F0BAD984F83000204644F033DF84F80B
:1099C0003100204645F088D894F8453084F85A0094
:1099D0005BB194F8403084F8303094F8413084F82A
:1099E000313094F8423084F85A3098F801305B07EF
:1099F00021D5E76B284694F9311094F9302094F979
:109A00005A30B8475FFA89F94845074613D02846C7
:109A1000394645F0A7D82869026D12F480020AD1B0
:109A20004EB1012F06F1A40101D1602301E06022B3
:109A3000134642F013DA28460122D5F86812FFF7E0
:109A4000E7FE98F80130980715D5A66B94F95A30BF
:109A5000284694F9311094F93020B04794F8323008
:109A60000646834207D02846044932461FF0F8D8FC
:109A700008B984F83260BDE8F88300BF6FB0890090
:109A800073B504680546204644F0DADDD4F8A03109
:109A9000064693F85E20013283F85E20236893F82F
:109AA0006931002B4AD0002848D0236A1B68022B5A
:109AB00044D1012803D12046294645F0B5DB6B6B24
:109AC0005B78DB0703D52846FFF75AFF36E02046D0
:109AD00045F05CD8D4F8A031DA7A72B1D4F86812C3
:109AE000D1F8141109694942914206DD721E012A1A
:109AF0001ED95E73204601210EE09A7A7AB1D4F81D
:109B00006812D1F8141109694942914207DA042E0A
:109B10000ED05E732046042145F024D808E0597B1E
:109B200031B1204645F01ED8D4F8A03100225A7336
:109B30002046D4F868120122FFF76AFE236893F8E2
:109B40006921002A51D0226A1268022A4DD10122CD
:109B50008DF806208DF807204EB3042E27D093F8F9
:109B6000412022B393F842200AB3D4F864210AB109
:109B70009279E2B993F83E30CBB1D4F8A03142F2F9
:109B80000E729988013989B2914203D9598D11F029
:109B9000030105D0013E012E09D82046012100E035
:109BA00020460DF107020DF10603FFF700FC9DF8BA
:109BB00007109DF80630A1F101025142A3F1010006
:109BC00041EB0201434243EB000302228DF80630D1
:109BD000204613468DF807102FF0DCD820469DF85C
:109BE0000610022201232FF0D5D8236893F869319B
:109BF00023B1236A2846196845F00CDFD5F88000A8
:109C0000FFF77EFD00207CBD2DE9F04705689A46F0
:109C10002B68044693F844008EB00F461646002881
:109C200038D00DF10C094FF00008002124224846DD
:109C3000F9F33AF2414608220CA8CDF81080CDF88D
:109C40000C80F9F331F242464346D5F8C006394656
:109C5000CDF8349051F0FADCD4F8444180460FE05E
:109C60008DE8400101330493D5F8C00639464FF61C
:109C7000FF720CAB059451F0C9DC50B9246846441E
:109C8000049B002CECD1039A01209B18CAF80030E9
:109C900000E000200EB0BDE8F08702680146D2F86F
:109CA0006C31D2F8D80603F5C67203F5CE7305F011
:109CB00077B8000000487047C4580100024B542296
:109CC00002FB0030704700BFBC65010000487047D0
:109CD0006466010038B58B781C1DA24230D30A7827
:109CE000012A30D1142B34BF1A4614224B78022B90
:109CF00004D0032B1ED0012B28D101E0002315E056
:109D0000002307E0CC18257990F8234001332C4339
:109D100080F8234001309342F4DB0FE0CC18257922
:109D200090F8234001332C4080F8234001309342C7
:109D3000F4DB03E024300431F9F332F1002038BDC4
:109D40006FF00D0038BD6FF0240038BD002038BD25
:109D500038B5044610468A78151DAB420FD30B78F0
:109D6000012B0FD1142A28BF142214238270C37030
:109D700004F124010430F9F313F1002038BD6FF031
:109D80000D0038BD6FF0240038BD982970B5044629
:109D90000D46164611D8243012B1FAF35DF501E0F4
:109DA000F9F3D6F72C2D0BD10121321CA06818BF76
:109DB00001221DF071D9002070BD4FF0FF3070BD41
:109DC000002070BD70B505460C464EF067D80646BB
:109DD00080B190F861309BB9836923B9E420FEF328
:109DE0007FF1B06130B1F36953B9E820FEF378F147
:109DF000F06128B928462146BDE870404DF04E9EDE
:109E000070BD00002DE9F04F9A469BB00D46D1F889
:109E10000C31D1F80461002800F03181897944685F
:109E2000002940F02C81297C002900F028819AF833
:109E3000011002291FD19B68182B1CD102F10A00C6
:109E4000D5F808110622F9F397F0A0B90AF1080035
:109E500031460622F9F390F068B920462946D5F834
:109E6000082173F0F3DC30B120462946324673F006
:109E7000EDDC074620B9002300932846062138E090
:109E8000BAF80E308BBB00210C2217A8F9F30CF1A5
:109E90007C4B0DF1140917937B4B002128220DF107
:109EA0003C08484618931994F9F3FEF0002300216A
:109EB00020224046ADF82430F9F3F6F00AF1100301
:109EC0000193249BCDF80080103B0293D4F8BC068C
:109ED0002946D02217ABCDF8589051F0D3DB00289B
:109EE00040F0CD80BDF824302BB1022200922846EC
:109EF00001213246C1E0D5F8103193F8F430F3B9BE
:109F0000D5F818311B7AD3B994F8903228465907FE
:109F100044BF23F0040384F89032012124F0B0DC24
:109F2000D5F81031012283F8F4204FF4FA70FDF3D4
:109F3000BFF594F8903243F0040384F89032B6F8F9
:109F40003280236AD3F804B008F44043A3F54042BA
:109F5000D2F1000A4AEB020A003318BF01230A3388
:109F600054F8239008F46053B3F5005F03D14046E2
:109F7000FAF3A2F5804608F46053B3F5C05F27D129
:109F8000236893F84F309B0714D0D4F85801D9F8C0
:109F9000041049F00FDB00070CD499F8E53099075D
:109FA00008D5D9F80030022B12D1D5F868339B7848
:109FB0009A070DD54046FAF3FFF440F480539BB264
:109FC0000E288CBF4FF440484FF0000848EA0308C1
:109FD000236A18695EF040DA40451CD04146D4F847
:109FE000580149F0E7DC204625F0A4DD2046414633
:109FF00024F0D2D8236893F83B304BB1D5F83C33EA
:10A000005968D4F8C035994202D0204620F03CDA95
:10A0100020461DF03DD8204606F1380120F016DD1F
:10A02000D34524D0236A204639465A682B4673F01C
:10A030003DDA2368206A93F84F30503013F0030361
:10A0400007F13C0108D03B69D3F8EC3003F48053AE
:10A05000D3F1010338BF00237F228DE80C000022DA
:10A0600013466CF0EBDA2046394673F053DF0223D7
:10A0700000210093284632460B463AF075DE1BB0AD
:10A08000BDE8F08FA9B885000DBA85000B89F0B541
:10A09000C48F03F0F0060419360934F81650428FC5
:10A0A000B0F83CE0013634F81670CC68821886446B
:10A0B00087B052190EEBC50E2CB14E69C4EB060CDD
:10A0C0008E69664400E026467D1BADB2CDF800E007
:10A0D0000195C0680290086804940390059648684A
:10A0E000194600234FF084DF07B0F0BDF0B50C46F1
:10A0F0000989C58E01F0F006878E4519360935F8B5
:10A100001630C7194FF00C0E0EFB037787B0428E46
:10A110000136009735F816508218ED1AADB2019548
:10A120008068D2180290206800230390A0690490F0
:10A13000E069059060684FF041DE07B0F0BDF0B512
:10A140000C460989C58E01F0F006878E451936093F
:10A1500035F81630C7194FF00C0E0EFB037785B09B
:10A16000428E0136009735F816508218ED1AADB2BE
:10A1700001958068D21802902068002303906068DF
:10A180004FF0F6DE05B0F0BD2DE9F341B0F81280D6
:10A19000878AC68A84798044C7198619F4B9254606
:10A1A00005F00F0336F81310013336F813208A42F6
:10A1B0000ED00C4B521A181980884FF00C0E0090DC
:10A1C00092B208EB0100E3580EFB01714FF0CEDFB5
:10A1D000013508340D2DE3D1002001E06FF01600A9
:10A1E000BDE8FC81685901000378FF2B01D01846B7
:10A1F0007047437813B18078FF3070474FF6FF7097
:10A20000704791E80C0009895268B02902D11268A0
:10A21000032A08D090F8420630B1D3F86433587856
:10A2200010B1023070470020704706207047036865
:10A2300073B50446D0F82454D4F81C1498680AF076
:10A2400061DA26E0EE690BBBD4F8243405F10E0286
:10A250009D4208BFC4F824642068214673F0F6DAF2
:10A26000024640B1012102238DE80A002068214600
:10A27000002372F053DF23682946586851F088DCC8
:10A2800094F82034013B84F8203401E0013BAB61B9
:10A2900035461DB1AB695A1CD4D116E02368D4F8F9
:10A2A00024249868D4F81C143AB90AF097DAC4F850
:10A2B0001C5484F8205402B070BD42F210722B4638
:10A2C00002B0BDE870400AF0F799FEE77FB5D0F81C
:10A2D00024040E4615461C4698B104AB43F8040D01
:10A2E00000200093014632462B4651F09FDC40B9D6
:10A2F0004EF660235C4342F21073B4FBF3F4039B0D
:10A300009C6104B070BD00002DE9F0410546D0F815
:10A310000080D0F81441FDF357F2D8F820300646FB
:10A3200018695EF099D8D5F808315B8E834259D10F
:10A3300013F4404F09D1D8F8003093F8693123B1B4
:10A34000404640F00FD800284CD0A36C002B53D0CF
:10A35000E16C721A9A424FDB94F850301BB12269BB
:10A360005BB2934248DB94F84430FBB12769EFB10C
:10A37000FF1AD8F8C4366FF0C7029742B8BF174625
:10A3800013B19F42B8BF1F46B4F90E30002B03DA59
:10A390001A483246F8F3AEF60022134628463946EC
:10A3A00054F026D8D5F80831228A5A8594F84530D9
:10A3B00013B3676907B3FF1AB4F93A3027EAE777AE
:10A3C000002B04DA0E48E16C3246F8F393F6284687
:10A3D0003946002254F05AD8D5F80831A48A9C8511
:10A3E000BDE8F081D5F80831DA8DE36CD318E36469
:10A3F0009B1B002BC8BFE664BDE8F081AEC5890099
:10A40000DFC5890010B5002012F04004187002D09A
:10A4100012F0800F15D011F4007005D012F0800FEB
:10A4200002D00120187010BD490501D5130605D5CD
:10A4300030B9D4F1010038BF002010BD002010BD9C
:10A44000012010BD2DE9F04F836B0D46596C044679
:10A4500040F2395087B09246002281428DF8172091
:10A4600003D040F28B50814208D1B4F8522002F45C
:10A470004042A2F540414A4242EB01021869039270
:10A4800068F072D828B3D4F8E4235AB1D4F8F803AA
:10A49000012169F07FDE28B9A36BD4F8E413986832
:10A4A00069F0A8DC94F8943083B9D4F8F803B4F8D0
:10A4B0005210012269F038DEC4F8E40330B1BAF179
:10A4C000000F03D120465EF04FDD46E10023C4F8C3
:10A4D000E433B4F85210A36B01F46051B1F5005F9E
:10A4E000986805D0A1F5C052514241EB020100E04D
:10A4F000022169F071DC0646002800F02E8135B19A
:10A5000020462946B4F8522033465EF007DDB4F801
:10A5100052904846FAF350F209F46057A36BB7F52E
:10A52000005F986805D0A7F5C053594241EB03017D
:10A5300000E0022169F050DCA36B054610B9986871
:10A54000314617E0B7F5005F986806D0A7F5C05808
:10A55000D8F1000141EB080100E0022169F03CDC88
:10A56000804650B9A36B3146986869F043DCA36B11
:10A570002946986869F03EDCEFE0D4F8E403B8B10E
:10A5800069F044DCB7F5005F06D0A7F5C05CDCF1EC
:10A59000000343EB0C0300E00223984208D0A36BB6
:10A5A000D4F8E413986869F025DC0023C4F8E43398
:10A5B000D4F8E433FBB9A36BB7F5005F986806D015
:10A5C000A7F5C05EDEF1000141EB0E0100E00221C3
:10A5D00069F002DCC4F8E40368B9A36B31469868FB
:10A5E00069F008DCA36B2946986869F003DCA36B6B
:10A5F00041469868BEE7D4F8E40369F02DDB2046B5
:10A600005EF04CD8284694F97B1069F017DD0023E2
:10A610000DF1170200932046434649465FF09CDC4B
:10A620004046314669F054DB404694F9651369F0C1
:10A63000ADDC4146284669F04BDB94F8581063299D
:10A6400002D8284669F0B6DC284669F0DDDB2846EA
:10A6500069F014DC94F8673307469B0098426FF06A
:10A660007F012846B8BFDFB269F01EDCFFB25FFA97
:10A6700080F9A36B84F87E7084F87F908346186914
:10A6800067F072DFB8B1D4F8F803B4F8521069F08B
:10A690002DDE01280FD1B4F8521000224B46D4F819
:10A6A000F80369F0D5DDD4F8F803B4F852100022AD
:10A6B0003B4669F0BDDD002384F891B084F8963004
:10A6C00084F88030BAF1000F03D02846514669F073
:10A6D00019DB94F8823028460BB1039B23B194F91F
:10A6E0007E1069F0C7DA03E094F97F1069F04EDC60
:10A6F000D4F8E403294669F0D1DAA36B186967F04E
:10A7000033DF98B1D4F8F803B4F8521069F0EEDDF5
:10A71000012803460AD1D4F8E403A16B00908868AD
:10A72000B4F85220D4F8F81369F054DDA36B314625
:10A73000986869F05FDBA36B2946986869F05ADB7B
:10A74000A36B4146986869F055DBBAF1000F04D15C
:10A75000D4F8543A0BB12046984707B0BDE8F08FC3
:10A7600010B590F86330002B3CD0DB07C9B22CD574
:10A77000836E8B4223D190F8253A3BB10023846B42
:10A78000E4180133082B84F82021F8D1836BD3F827
:10A7900028411B1983F82021836BD3F82841072C0B
:10A7A00001D0013400E00024C3F8284190F8253A94
:10A7B0002BB190F8263A13B1002380F8253A90F88F
:10A7C000633023F0010380F8633090F8633013F0B6
:10A7D000020F07D023F0020380F86330836B1869FF
:10A7E00067F0BADE002010BDF8B590F8633004467B
:10A7F000002B3AD1012902D0022939D100E082662A
:10A80000A36B80F863101A6A94F8D900626618BBCB
:10A8100094F86C20002A2DD118698E2167F072DE21
:10A82000400087B2062502E00A20FDF341F1A36B48
:10A8300007F174061869314667F064DE08B1013D1E
:10A84000F2D1A36B01221869314667F067DE20461A
:10A8500001F012F8024600E0A122B4F8521020469E
:10A8600052B2BDE8F840FFF77BBF6FF01800F8BDAB
:10A870006FF00200F8BD10B504465DF0EDDD022179
:10A88000C2B22046BDE81040FFF7AEBF30B5026C43
:10A89000CB8892F829463CB9846B64690A2C03D9A9
:10A8A0004C8A14F4807F14D0846B6569272D03D102
:10A8B0000C8A14F4006F0CD18C88DBB214F0030FF7
:10A8C00001D09D2B05D0232D07D14D8A15F0200FE7
:10A8D00003D001238B7700230AE090F92C031B1887
:10A8E000E00444BF92F91E269B180022CB778A779A
:10A8F0000B7700234B7730BDC369043B082B06D888
:10A90000DFE803F01805090709050B050D00002015
:10A91000704717207047042070470720704790F851
:10A920003E03012808D0032814BF4FF483704FF46E
:10A930008B707047012070474FF48B707047836BAA
:10A9400013B51A6A044601321A6290F86020002A90
:10A9500000F0AC80B0F8C8222AB1D0F8F013A1F80A
:10A960003622A1F83A22B4F8CC222AB1D4F8F01356
:10A97000A1F82822A1F82422B4F8CA222AB1D4F8D6
:10A98000F013A1F82222A1F82622216F40F6062218
:10A990000A402AB993F82C3113B120465DF0F8DD56
:10A9A000A36B1A6A1B6EB2FBF3F103FB1123A3B96D
:10A9B00020465FF085DC236F40F60202A16B1A404F
:10A9C0000032086918BF0122B4F85210C3F38003A3
:10A9D00067F0D2DD20465FF081DC226F40F60E2367
:10A9E0001340B3B9A36BD4F88C21196AD2F8902024
:10A9F000D3F818318A1A9A420BD394F85220204681
:10AA00000121FFF7F1FEA26BD4F88C31126AC3F872
:10AA1000902094F8633043B1A36B1A6A636ED31A23
:10AA2000052B02D9002384F86330D4F8F4202AB12E
:10AA3000A36B196A1B6E8A1A9A420CD3226F40F6D6
:10AA4000020313403BB920465DF016DE18B1A36B3C
:10AA50001B6AC4F8F430226F40F60F2313402BBB5F
:10AA600020465EF0B5DA20465EF054DAD4F88C3138
:10AA7000D3F8882012B1013AC3F88820D4F8B43A48
:10AA80000BB120469847A36B186967F023DD68B1C6
:10AA9000A36B01A918690DF1070267F01FDD2046BD
:10AAA0009DF80710BDF804205DF0D4DD00201CBD2A
:10AAB00003460021986B40180131082980F82021B5
:10AAC000F8D19A6B0021C2F82811D16E032907D161
:10AAD000D3F8C410C90703D5126A0832C3F8B820E6
:10AAE0000022991802324FF6A470202AA1F8040A15
:10AAF000F7D10020012283F8240A83F8EC2A70475A
:10AB0000836B10B59A69044692001BD590F8ED2A24
:10AB1000012A17D1B0F8522012F4404F12D118690F
:10AB200067F004DD636CB3F8B42692B242F003021E
:10AB3000A3F8B426636CB3F8B82692B242F0C00210
:10AB4000A3F8B82610BD80F8ED1A704730B5056C33
:10AB5000044687B028464FF4007141F21C1260F0A1
:10AB600047DB002800F09D800723039320230593F3
:10AB70008023029300230190049340F8043B0133A7
:10AB8000802BFAD1204601A965F0E8DE4FF430733E
:10AB9000204601A9049365F0E1DE206C41F22F11FB
:10ABA00060F04CDB2046012164F086DC20463E4903
:10ABB00036225DF0F7D9D5F8C434204640F6F411BA
:10ABC0004FF480426BB113465DF0B4D9B5F8582408
:10ABD000B5F856342046D31840F20C5140F2FF121B
:10ABE0009BB25DF0A7D91E22304920465DF0DAD92C
:10ABF000204661F011D8204663F014DA9921012231
:10AC0000002320465DF068D99621022200232046C9
:10AC10005DF062D9A2210122002320465DF05CD9BB
:10AC2000A5214022002320465DF056D9A62101220D
:10AC3000002320465DF050D9A121012200232046A7
:10AC40005DF04AD930220023204602215DF044D92C
:10AC50006F2120464FF4005200235DF03DD94FF4A0
:10AC60008052134620466F215DF036D904221346E8
:10AC7000204640F2D7415DF05DD940F2D7414FF414
:10AC800070624FF4807320465DF054D9204662F024
:10AC9000DBDB204640F275514FF4007200235DF07B
:10ACA00049D907B030BD00BFBE5A01002A5B010080
:10ACB000F0B5072387B0066C029320230493012389
:10ACC00004460D460193304605AB4FF4007141F246
:10ACD0007332009360F08CDA002849D0D6F8B8655A
:10ACE000074601460023B3422CBF9E46B64605EBFD
:10ACF000CE0292F803C015F83EE001334EEA4C5EF6
:10AD000092F802C052784EEA4C3E4EEA4212802B34
:10AD1000059241F8042BE6D18DE809006946C0236D
:10AD20002046039365F01ADE0023B3422CBF1A4677
:10AD3000324605EBC20210795179400240EA4140A7
:10AD4000D179013340EA0102802B059247F8042BA8
:10AD5000EBD14FF4107320466946039365F0FEDD96
:10AD6000236C41F29F31C3F8BC55206C60F066DA69
:10AD700007B0F0BDF0B5076C89B0002304460D465E
:10AD800038464FF400714FF496520593069307939B
:10AD900060F02EDA0646002834D04DB9204605A9C9
:10ADA00006AA07AB5EF028DB03953746002510E0C6
:10ADB00097F83336002BF8D0B4F9283A0693B4F953
:10ADC0002A3A0793B4F92C3A05934FF4307303935E
:10ADD000EBE705A928460EC964F0B0DE0135802DE9
:10ADE00047F8040BF5D10723029320462023694638
:10ADF00004930096019565F0B1DD206C41F2DF21EE
:10AE000060F01CDA09B0F0BD2DE9F047571A7E1C3E
:10AE10001FFA86F94FEA89034FF6FC7186B00446A3
:10AE20001940006C41F6DE3260F0E2D90546002898
:10AE300071D010234FF0600ADFF8E0808DE808043D
:10AE400004AA022320460021CDF808805EF0CCD869
:10AE5000BDF81020BDF8123092059B059B0D920D98
:10AE600043EA8222C246002308E055F8231001F08D
:10AE70007F61114345F8231001339BB2BB42F4DDDF
:10AE800020234FF4A0788DE80801DFF894802A464B
:10AE9000334620460721CDF808805EF0B3D8206CF9
:10AEA00041F6F23160F0CAD94FEA49094FF6FE7116
:10AEB000206C09EA010141F6F53260F099D90546A6
:10AEC00048B310234FF0620C8DE808102046012390
:10AED00000210DF11602CDF808A05EF085D8002300
:10AEE00005E0BDF8162025F8132001339BB2BB42C4
:10AEF000F7DD10234FF4E07E8DE80840204607215F
:10AF00002A463346CDF808805EF07CD8206C41F6A6
:10AF1000024160F093D906B0BDE8F087CD218700EB
:10AF20006149870010B5044660F098D92046012297
:10AF300000234FF430615CF0FDDF20460422002343
:10AF40004FF430615CF0F6DF2046082200234FF416
:10AF500030615CF0EFDFF022204613464FF43061A1
:10AF60005CF0E8DF4FF47062204613464FF4306126
:10AF70005CF0E0DF204600234FF430614FF4805254
:10AF80005CF0D8DF20460622042340F607315CF04F
:10AF9000D1DF20463822082340F607315CF0CADFB3
:10AFA0002046002340F607314FF4E0725CF0C2DF28
:10AFB00020463022102340F60B315CF0BBDF4022EC
:10AFC0002046134640F60B315CF0B4DF204640F6D5
:10AFD0000B314FF4F0624FF480635CF0ABDF20463E
:10AFE00040F60B314FF4F0424FF400535CF0A2DF17
:10AFF00094F8FC392046012B14BF4FF480534FF4D2
:10B00000105340F60C314FF6FF725CF093DF204690
:10B0100040F60C314FF6FF724FF480535CF08ADF3C
:10B02000204640F60D314FF6FF724FF450435CF06E
:10B0300081DF204640F60E314FF6FF724FF4784321
:10B040005CF078DF2046102340F60F314FF6FF7298
:10B050005CF070DF20464FF431614FF6FF724FF421
:10B0600078435CF067DF204640F611314FF6FF72FF
:10B070004FF47D435CF05EDF20460F22002340F654
:10B0800012315CF057DF2046F022002340F61231E7
:10B090005CF050DF2046002340F612314FF470621E
:10B0A0005CF048DF20460F22002340F613315CF0AD
:10B0B00041DF2046F022002340F613315CF03ADFF6
:10B0C0002046002340F613314FF470625CF032DF0B
:10B0D00020460F22002340F614315CF02BDF20467F
:10B0E000F022002340F614315CF024DF204640F6C5
:10B0F00014314FF4706200235CF01CDF20460F22F5
:10B1000040F6153100235CF015DF2046F0220023C5
:10B1100040F615315CF00EDF2046002340F6153175
:10B120004FF470625CF006DF20460322012340F6F4
:10B1300016315CF0FFDE20460C22002340F616316B
:10B140005CF0F8DE20463022102340F616315CF029
:10B15000F1DE2046C022402340F616315CF0EADEE4
:10B160002046002340F616314FF440725CF0E2DED8
:10B17000204640F616314FF440624FF480635CF095
:10B18000D9DE20460322002340F617315CF0D2DEE0
:10B1900020460C2240F617314FF6FC735CF0CADEF5
:10B1A0002046302240F617314FF6F0735CF0C2DED5
:10B1B0002046C022002340F617315CF0BBDE20465B
:10B1C00040F617314FF440724FF47F435CF0B2DE2B
:10B1D000204640F617314FF440624FF47C435CF058
:10B1E000A9DE20460122002340F606315CF0A2DEF3
:10B1F0001F222046134640F605315CF09BDE4FF6D9
:10B20000FF722046134640F604315CF093DE4FF6A1
:10B21000FF722046134640F608315CF08BDE204674
:10B2200040F609314FF6FF7247F6FF735CF082DE9D
:10B230002046082340F60A314FF6FF725CF07ADEB2
:10B2400020463F2340F602314FF6FF725CF072DE7B
:10B250002046FF2340F603314FF6FF725CF06ADEB2
:10B260000F222046134640F601315CF063DEF022E7
:10B270002046134640F601315CF05CDE0122204698
:10B2800013464FF430615CF055DEA36B2046D96E57
:10B29000BDE810405FF0029A2DE9F043044689B002
:10B2A0000F469046006C4FF4806141F23662994639
:10B2B0005FF09EDF064600284ED00122134620464E
:10B2C00040F29C41C4F8D0705CF034DE20469DF81A
:10B2D00040105FF041DB28222046394661F09CDFB8
:10B2E000B0F5807F054603D9206C41F2526131E010
:10B2F000204640F2D661032200235CF01BDE0822C8
:10B300001346204640F2DA615CF014DE2823424600
:10B310008DE8280020463346394665F061D915236B
:10B320000396059300262023204603A9079304953E
:10B33000069665F013DB9DF84430204601932946BC
:10B340004FF6FF723346CDF8009062F0F1DF206CCB
:10B3500041F266615FF072DF09B0BDE8F083000082
:10B360002DE9F04F00218FB0076C90F85250ADF8E6
:10B370003210ADF834100446002109A80C22F7F36E
:10B3800093F60023ADF8363097F8153613B197F8D9
:10B39000161601E097F81416D4F8DC002A465FF080
:10B3A000BDDC8046002800F06081204601215FF06E
:10B3B000D3DAB8F8005045B12DB24FF47A726A432F
:10B3C0002046012163F098DE0125B8F8023063B110
:10B3D0000135EDB21BB24FF47A725A43204629462A
:10B3E00063F08ADE012D0AD100E0DDB10223009373
:10B3F000012100230193029320460A4608E002231C
:10B400000121009301930023029320460A460B4634
:10B4100063F014DF204605214FF486720DF13203EC
:10B4200061F01CDE00252E46A94638F8051029B328
:10B4300004200B238DE8090009B20DAA4FF4FA731A
:10B44000204661F07BDBBDF83420BDF832301C3A79
:10B45000D21AB7F9181613B299420FDC0EA90623B7
:10B4600003FB061338F80510013623F8141C23F8E3
:10B47000122C23F8100CB6B24FF001090235042D3E
:10B48000D3D102230693102308930DF136030493BE
:10B4900000250123204604A90593079562F094DE58
:10B4A00010238DE82800724B0221029320460123CD
:10B4B0000DF1360201355DF0A5DD402DF0D10025FE
:10B4C000204629462A462B4600950195029563F0B1
:10B4D000B5DEB9F1000F40F0B180C2E00EAB4FF025
:10B4E000060909FB053939F8148C0135EDB20FFA5C
:10B4F00088FA4FF47A7202FB0AF22046294663F07A
:10B50000FBDDB7F91A2639F9123C9A4201DD002019
:10B5100006E0B7F91C269A4201DD012000E0022076
:10B520005FF0F4DB29460246204663F039DEBAF1CB
:10B53000000FB8BFCAF1000A4FEA8A0A4FF00009AB
:10B5400040F271239A450ADD09F101095FFA89F990
:10B55000AAF59C6AB9F1200FAAF1020AF0D10FFAFC
:10B5600088F3002BD8BFC9F100095FFA89F94FFAB7
:10B5700089F34FEA48086FF41C7202FB0388002B22
:10B58000B8BF5B42022B59DD4FF0000A0021504644
:10B590005FF058DC0FFA88FB8BEAEB73A3EBEB73DD
:10B5A000984244D1012150465FF04CDC0221804694
:10B5B00050465FF047DCBBF1000F82464FFA89F33B
:10B5C0000ADA002BDBBF5FFA89FB0BF1400909F1B6
:10B5D000FF3B0BF13F0B09E0002BDBBF5FFA89FB60
:10B5E0000BF1400909F1010B0BF1410B4FFA89F303
:10B5F000204604A9079362F0E7DDBDF83630204607
:10B60000984404A9ADF8368065F0A8D94FFA8BF3B9
:10B61000204604A9079362F0D7DDBDF836302046F6
:10B620009A4404A9ADF836A065F098D906E00AF16D
:10B63000010A5FFA8AFABAF1060FA7D1B542FFF400
:10B640004DAF4FF00003012E00930193029320466B
:10B650004FF0050101D1324601E00122134663F0AB
:10B66000EDDD204600215FF077D90FB0BDE8F08F07
:10B67000614987002DE9F743904608220F461E4690
:10B6800040F6070113460446056CBDF828905CF0AF
:10B6900051DC01221346204640F607015CF04ADCEB
:10B6A0004FF400521346204640F646015CF042DC5F
:10B6B000204640F639013A465CF06EDC94F86D3372
:10B6C000204640F635010BB1802200E020225CF0DC
:10B6D00063DC20464FF4046100225CF05DDC204610
:10B6E00040F634017F2233465CF024DC20464FF4E0
:10B6F00001614FF480434FF440425CF01BDC94F84E
:10B700006D33204640F6360113B14FF4807200E0ED
:10B7100040225CF041DC204640F646010F2208231F
:10B720005CF008DC94F86D63204640F64601F02298
:10B7300056B190235CF0FEDB204640F646014FF404
:10B7400070624FF4106308E033465CF0F3DB204690
:10B7500040F646014FF4706233465CF0EBDB204666
:10B7600040F633017F2243465CF0E4DB4FEA0923D5
:10B77000204640F633014FF4FE4203F47F435CF071
:10B78000D9DB012620463B4964220023009601961E
:10B79000FFF782FD4FF480521346204640F6A51174
:10B7A0005CF0C8DB3246334640F6881120465CF038
:10B7B000C1DB4FF49670FCF37BF13246204640F635
:10B7C00037015CF0E9DB44F6216602E00A20FCF375
:10B7D0006FF1204640F637015CF0CCDB30B1013E22
:10B7E000F4D103E00A20FCF363F101E044F62166A2
:10B7F000204640F637015CF0BDDB08B1013EF1D1D7
:10B8000040F6370120465CF0B5DBC10705D594F85A
:10B81000153343F0010384F815330023204640F626
:10B82000A5114FF480525CF085DB20465FF09CD977
:10B830002046002340F2A66141F6FF725CF07ADBFD
:10B84000D4F88C312046B3F98C20B5F9043C40F68D
:10B8500009019A42B4BFB5F8065CB5F848554FF6F1
:10B860008072ED0105EA020303B0BDE8F0435CF02D
:10B87000619B00BFA0252600F0B54F4B91B0044658
:10B8800002AA03F1200618685968154603C5083353
:10B89000B3422A46F7D118689B882860AB80012301
:10B8A00084F8263AA36B8E21186966F02BDE4000DF
:10B8B00086B2972502E00A20FCF3FAF0A36B06F1AA
:10B8C0007401186966F01EDE08B1013DF3D1A36B67
:10B8D0004FF44271186966F015DEA36B074640F21B
:10B8E0000A31186966F00EDEA36B05464FF443710A
:10B8F000186966F007DEA36B064640F20E31186940
:10B9000066F000DEBE1936042D1876190AD194F8B7
:10B91000253A4FF67862ADF83820002B31D084F804
:10B92000266A2EE04FF48673ADF83C3006F580763B
:10B930000023760A00930FAB360201930DAA0EABDB
:10B9400020460CA90C965DF0BDDFBDF938201B4BDD
:10B950009B1A002BB8BF5B42702B94F8EC2A02D8DC
:10B960005AB1282B09D94FF67863ADF8383094F8DE
:10B97000253A13B1002384F8263A12B1002384F843
:10B98000EC3A236CBDF9381093F835368910084627
:10B990007BB14AB212F1560F0BDA12F1690F08DBD4
:10B9A0006FF056039B1A10AA02EB430313F8380CEE
:10B9B000401840B211B0F0BD1839010078FEFFFF09
:10B9C000436C2DE9F041D3F82031044603F0010324
:10B9D0000D4683F001061BB9836B186966F0B4DD70
:10B9E0002046276C5EF0C2DF40F27F41A7F80204D8
:10B9F0002046276C5CF0BEDAC005C00D4010A7F8E9
:10BA00000404226F41F6062313402BB944F620624A
:10BA1000102D08BFFA2200E0FA22A36BB8211869A2
:10BA200066F07CDDA36B41F60627186966F098DDA9
:10BA30002046FFF765F8236F1F407FB9A36B2046B0
:10BA40001B6A0121C4F8D430D4F88C815FF00CD982
:10BA5000D4F88C31A8F88C00C3F88870082D01D078
:10BA6000E80606D503210A22204660F0B1D9082D48
:10BA700001D0A90604D5204664F0D0DC082D01D001
:10BA80006A0604D5204662F071DE082D01D0EB0570
:10BA900006D5236C93F8173613B12046FFF760FCE8
:10BAA000204660F0BBDD2046FFF72AF8082D01D0C4
:10BAB00028060BD5256C95F8643523B1204666F031
:10BAC000F1DBC5F85405204665F074D820465CF0DB
:10BAD00053DB1EB9A36B186966F036DD20460021E2
:10BAE000FFF748F9236C93F8333673B120460121F0
:10BAF000FFF740F9204640F237614FF440424FF4DF
:10BB00000043BDE8F0415CF0159ABDE8F081816B1F
:10BB1000D0F8D4300A6A10B59A42044601D3D31A39
:10BB200001E0DB439B18D4F82823934200D302BBE7
:10BB30008A6E93421FD3D4F88C31D3F88830D3B9AE
:10BB4000012120465FF090D8D4F88C21B2F88C30D7
:10BB500019B28842CCBFC3EB0000C0EB030094F8DD
:10BB6000661300B2884208DAA36B9B6EC2F8883075
:10BB700001E0012010BD002010BD012010BD0120FA
:10BB80007047000001290BD1012B09D8013B064960
:10BB900002EB830251F822305A1C03D0C0187047C0
:10BBA0000020704700207047745B0100142303FBE2
:10BBB000010070478369DA688A4218BFD96070470C
:10BBC00038B504462569006835B105F5077115F0EB
:10BBD00031DC2846FCF390F2E06C0025256108B1C9
:10BBE000FCF38AF2E56438BDF8B584690546066859
:10BBF000E06A08B1FCF380F2E969B068002708F058
:10BC000081DD00212846FFF7D5FF284684F83D70E6
:10BC1000FFF7D6FF304623F0F9D827826762A76284
:10BC2000E7622783F8BD10B550B1D0F8400238B1B3
:10BC3000072905D83C2404FB01018858C3188B5000
:10BC400010BD2DE9F0410C4616460546002831D0BE
:10BC5000D0F84032002B2DD03C2202FB01331822B9
:10BC60001F6A3346FFF7DFFF284621461C220123C7
:10BC7000FFF7D9FFBE422846214601D2242214E014
:10BC8000B6EB470F01D228220FE0B6EB870F01D2A7
:10BC90002C220AE0B6EBC70F01D2302205E0B6EB4A
:10BCA000071F01D2342200E038220123BDE8F04111
:10BCB000FFF7B9BFBDE8F08173B5046803252046DE
:10BCC00001214FF48062002300951DF099DA0021D4
:10BCD00020460A46012300954DF084DB0026D4F867
:10BCE00064329D599DB1AB798BB9D5F818315A6C36
:10BCF00022F001025A641A78012A01D15B7F33B124
:10BD00002846002122F0BCDD284667F0B1DA04366F
:10BD1000202EE4D1204602B0BDE8704023F0769892
:10BD2000F8B5D0F8B0550446AE69F368002B30D0B2
:10BD3000012B30D028460121FFF73CFFA068E969BC
:10BD400008F0E0DC28B128460021FFF733FF012787
:10BD500000E00746338A83B1236A18695CF07CDB14
:10BD6000338A834209D0204623F0E4DE2046318A1C
:10BD700022F012DA20461BF08BD9D4F8B005FFF779
:10BD80009BFF204624F0CED92846FFF72DFF3846EA
:10BD9000F8BD0120F8BD0020F8BDFFF7C1BF0020AD
:10BDA00070472DE9F843DDF820800446D8F800708C
:10BDB0000E46154699460FB91FE01F463B68A3B1D2
:10BDC000BCB12046F9683246F7F3D6F028B92846C8
:10BDD00079684A46F7F3D0F018B17B69002BECD1B3
:10BDE0000BE0C8F80070BDE8F8836FF00100BDE813
:10BDF000F8836FF00100BDE8F883C8F800706FF0B9
:10BE00001D00BDE8F8831FB50C46416B81B104A845
:10BE100040F8041D009019461046BDF81C30069AE3
:10BE2000FFF7BFFF30B92CB1039B1B68236001E013
:10BE30004FF0FF3080B204B010BD10B50C4699B180
:10BE40000B6863B10846F5F3CFF7E068FCF354F1F3
:10BE50006068FCF351F100232360E36063602046D7
:10BE6000BDE81040FCF348B110BD2DE9F84F476B19
:10BE700004460D4616469B46DDF828A0BDF82C90DA
:10BE8000002F33D0B1B9AAB930E07DB976B1BAF19B
:10BE9000000F0BD03046F9685A46F7F36DF028B919
:10BEA000504679684A46F7F367F050B17B691BB991
:10BEB000BDE8F88FB84601E0B8461F46AF42E4D16E
:10BEC000A7B1636B39469F427B6908BF6363C8F8BB
:10BED000143023685868FFF7B0FF94F83030013B06
:10BEE00084F83030636B0BB984F83030BDE8F88FDC
:10BEF00010B5044605E04B69636323685868FFF793
:10BF00009CFF616B0029F6D184F8301010BD2DE93B
:10BF1000FF471E460023039390F830300446102B51
:10BF200088461746DDF83090BDF8345009D9416B8A
:10BF300039B14A680B7C00920A890192CA68FFF7FE
:10BF400094FF636B0393B8F1000F65D0002F63D0AB
:10BF5000B9F1000F60D003AB0093384631464A4632
:10BF60002B46FFF71EFF824628B9039B41461868FF
:10BF7000F5F31EF755E01E3053D11820FCF3B0F056
:10BF8000824600284BD02069F5F3C0F6CAF80000BD
:10BF9000B0B13046FCF3A4F0CAF80C0018B9504612
:10BFA000F5F322F70CE02846FCF39AF0CAF80400F7
:10BFB00050B95046F5F318F7DAF80C00FCF39CF092
:10BFC0005046FCF399F02AE0636B2BB9012384F807
:10BFD0003030C4F834A007E094F83030013384F8EE
:10BFE0003030039BC3F814A0DAF80C00394632460F
:10BFF000CDF80CA0F6F3D4F7039B49461E7458689D
:10C000002A46F6F3CDF7039B41461D811868F5F3E8
:10C01000C1F64FF0000A04E06FF0010A01E06FF092
:10C020001A0A504604B0BDE8F087F8B51E4614461B
:10C030000D460CE0FEF7D8F8B04215D07A78931C84
:10C040009C420ED9ED186FF001039B1AE41854B10D
:10C0500028462146FF22F7F321F407460028E9D1BC
:10C0600002E0002700E027463846F8BD08B5114633
:10C070001A464FF4AE73FFF7D8FF58B14378A3F1D7
:10C080002102D2B2202A04D8029A013B1370033055
:10C0900008BD002008BD2DE9F0470468A0B0D0F825
:10C0A0000480064602200F688946F4F761FA0025ED
:10C0B00001212A4620238246606A1F95F1F3A2F5EA
:10C0C00001212A4620231D90606AF1F39BF501218E
:10C0D0002A4620231E90606AF1F394F501212A4636
:10C0E00020231A90606AF1F38DF5202301212A465E
:10C0F0001B90606AF1F386F5143729461C9052466E
:10C100000FA808F1E205F6F3CFF7062238462946D4
:10C11000F6F332F7002817A807DD39460622F6F3B2
:10C120003FF70DF16200294606E029460622F6F3A4
:10C1300037F70DF1620039460622F6F331F717AAF8
:10C1400001920C22002307AD0FA90292202752462C
:10C150000220009303950497F4F730FB1B98F2F349
:10C16000ABF22A4601213B461A98F2F379F2A36911
:10C170001C9861691B9AF1F7C8FF1A981C9A01462E
:10C18000F1F7F6FF1A981B9A0146A3690836F1F7F2
:10C190007AFF304698F81850F7F332F080B20190E9
:10C1A0001FA9204608F119022B460096FFF72BFE27
:10C1B00008B91F9BA3B11A99D9F8D4201F98F5F399
:10C1C00049F71DA91EAAD9F8D400F5F32BF61AA831
:10C1D000F1F356F61BA8F1F353F61CA8F1F350F651
:10C1E00020B0BDE8F08770B5456892B004460026DF
:10C1F000286801A9202211961BF0CEDB2023012103
:10C2000001AAD4F8C000F2F32BF2286809A9202271
:10C210001BF0C2DB686A012132462023F1F3F2F4FD
:10C22000119000B3012109AA2023F2F319F26B69DE
:10C23000D4F8B800D4F8C010119AF1F724FFD4F85C
:10C24000DC201199D4F8D400F5F304F7D4F8DC001D
:10C250000146F5F3B9F6D4F8DC0004F1C40104F1A9
:10C26000C802F5F3DFF511A8F1F30AF60021202248
:10C2700009A8F6F319F701A800212022F6F314F714
:10C2800012B070BDF0B5C1B007AD0C4617461146EF
:10C2900028460222F6F384F601210DF11E02202326
:10C2A000D4F8BC00F1F302F601210DF13E02202387
:10C2B000D4F8CC00F1F3FAF501210DF15E02202350
:10C2C000D4F8D000F1F3F2F501210DF17E02202324
:10C2D000D4F8B800F1F3EAF501210DF19E02202314
:10C2E000D4F8C400F1F3E2F501210DF1BE022023E0
:10C2F000D4F8C800F1F3DAF500238DE82800C22253
:10C300002025029238AE04F118012A460220039635
:10C310000495F4F753FAB81C31462A46F6F32CF686
:10C32000D0F1010038BF002041B0F0BD30B590F829
:10C330008C318DB004460D68002B3FD0D0F8D4006E
:10C3400008A909AAF5F36EF5202301216A46099888
:10C35000F1F3ACF5D4F87031E31893F893219DF81C
:10C360001F305340D80724D501210022EB69686AA9
:10C37000F1F348F4EB690A9001210022686AF1F3B5
:10C3800041F401210B900A9A2869F5F3A9F60023DC
:10C390000B980A99099AF1F7B8FE08990B9AD4F804
:10C3A000D400F5F3D9F50AA8F1F36AF50BA8F1F377
:10C3B00067F52046FFF717FF002501E04FF0FF3536
:10C3C000E43404F1A000F1F35BF504F19C00F1F317
:10C3D00057F504F1A400F1F353F504F1AC00F5F3C3
:10C3E00003F504F1B00000212022F6F35DF62846A3
:10C3F0000DB030BD2DE9FF410546006832F8066FEB
:10C400000C46D0F80080FFF73DFF002833D0696864
:10C41000A4F864608F7904F138068FB9D8F8D00693
:10C420003246202376F0ACDC2368696814338DE84B
:10C4300088003246D8F8D006202376F0B5DB17E026
:10C440001023009323684FF4802714330193084688
:10C450002022314604F10803029750F095DE48B9D6
:10C460002168686814313A46D5F88C30FDF72EFF04
:10C47000012000E0002004B0BDE8F0812DE9FF417B
:10C48000D688B1F8643005460068B3420C46D0F84F
:10C4900000803BD84FF6FF739E4237D00632FFF73D
:10C4A000F1FE002833D06968A4F864608F7904F144
:10C4B00038068FB9D8F8D0063246202376F060DCF3
:10C4C0002368696814338DE888003246D8F8D006AE
:10C4D000202376F069DB17E01023009323684FF4E4
:10C4E00080271433019308462022314604F10803C3
:10C4F000029750F049DE48B92168686814313A461D
:10C50000D5F88C30FDF7E2FE012000E0002004B0F9
:10C51000BDE8F08173B5002304460B9900680193D0
:10C520001646089D41F01CDB079B032B04D901A88C
:10C5300006990422F6F334F50C3E032E1CD8DFE8EE
:10C5400006F00A0F0204A36A08E0019B5A1E272A7C
:10C5500015D8A3620EE0E36AC3F340032B6009E041
:10C560000198E36A18B923F00203E36209E043F09B
:10C570000203E362002004E06FF0160001E06FF0B8
:10C5800001007CBDF8B5876805464FF4E0700E46A3
:10C59000FBF3A6F50446002878D000214FF4E072A2
:10C5A000F6F382F5266065600023F451686AA4F80A
:10C5B000AC30012100222023F1F324F3C4F8BC00A5
:10C5C000002866D0686A012100222023F1F31AF3C3
:10C5D000C4F8B80000285CD0686A0121002220233A
:10C5E000F1F310F3C4F8CC00002852D0686A01219E
:10C5F00000222023F1F306F3C4F8D000002848D02D
:10C60000686A012100222023F1F3FCF2C4F8C00083
:10C6100000283ED02869F5F379F3C4F8D400002847
:10C6200037D02869F5F372F3C4F8D800002830D069
:10C630002869F5F36BF3C4F8DC0050B31323A4F8B6
:10C6400066302B68174998683246002308F0DED818
:10C650002B68A066144998683246002308F0D6D8A3
:10C660002B68C4F8B000114998683246002308F0DE
:10C67000CDD82B68C4F8B4000D4998683246002321
:10C6800008F0C4D8C4F8E000002408E06FF01A04F1
:10C6900001E04FF0FF34284631466DF0D5DC2046EE
:10C6A000F8BD00BF85D1870079D187000DD1870003
:10C6B0005DDF8700F8B547680646CD590C46DDB109
:10C6C000436B0BB1FFF714FCD5F89C1049B13368EC
:10C6D000986808F017D83368D5F89C10986808F067
:10C6E0007DD8D4F8243413B120464FF02FDA2846F1
:10C6F000FBF302F50023E351F8BD00002DE9F04102
:10C70000D0F89830D0F89010013344688B422568F7
:10C710008EB00246C0F8983009D1D0F894307BB181
:10C72000D2F89C104FF47A72A8685A4304E007D2FA
:10C73000D2F89C10A868214A002307F0BDDF39E039
:10C74000D5F8D006214675F037DF237A002B31D09B
:10C75000D4F80801F7F314F3074658BB227E04F11E
:10C76000DC080EAE04F1190106A846F8242DF6F3F4
:10C7700017F421464246284671F068D804F1E203D6
:10C780000193022302460293214643462846CDF8F0
:10C79000008020F0F5DC3946204639F0C9D9214621
:10C7A000284640F059DF28461A21324624230097B4
:10C7B000F6F76EFA0EB0BDE8F08100BF80EE3600ED
:10C7C0002DE9F04F0D68ADB004460121A86922AAF9
:10C7D0002023D5F800B0F1F369F34FF0080AD4F83C
:10C7E000683194F86C11E21804F1E40682F8E31061
:10C7F00006F18C020C210DF16809019206F19000FE
:10C800003246CDF80090F9F343F2D4F87011404865
:10C810000591F6F3F5F422AA03464FF020080092A2
:10C8200006AF05993A4A4846CDF804800297CDF8FC
:10C830000C80F9F307F201213A464346D4F8880107
:10C84000F1F30EF758466EF017DAD4F88801A969AB
:10C85000F1F39CF2002836DAD4F88431CDF808B030
:10C8600000932C4BD4F8881101932869D4F89021B7
:10C87000D4F88031F5F3E8F228BB94F88C3113BB7F
:10C880002869D4F89011F5F3C7F4E0B1012384F8D6
:10C890008C314946D4F8702106F1B000F6F380F3EC
:10C8A000D4F890012AA92BAAF5F3BCF22A992B9A65
:10C8B000D4F8D400F5F350F3D4F868212868314651
:10C8C000013A1BF069D894F86C310133DBB284F87B
:10C8D0006C31AA6A934207D80AF1FF3A5FFA8AFAE2
:10C8E000BAF1000F7FF47BAF0021502206A8F6F3C7
:10C8F000DBF3002120221AA8F6F3D6F394F86C019A
:10C90000AB6A984234BF002001202DB0BDE8F08F03
:10C9100062E6890075EA87002DE9F04F4368CFB0E1
:10C92000CB58044603F1080948468846F6F368F4F4
:10C9300007460220F3F71CFE00234EA941F8043DF0
:10C94000BBB208F1190207930692079A8346019237
:10C9500098F818302046069ACDF80090FFF753FA61
:10C9600018B94D9B002B40F00A81012100222023A1
:10C97000606AF1F347F10121002220234290606AAE
:10C98000F1F340F10121002220234390606AF1F38A
:10C9900039F10121002220234490606AF1F332F141
:10C9A0000121002220234590606AF1F32BF101213F
:10C9B000002220234690606AF1F324F10121002235
:10C9C000E3694790606AF1F31DF105210246499041
:10C9D0002069F5F385F3E36901210022606AF1F330
:10C9E00011F10421024648902069F5F379F320699A
:10C9F000F5F38CF14A902069F5F388F14B902069AA
:10CA0000F5F384F108AD002180224C902846F6F31E
:10CA10004BF33A4628464946F6F3C2F2012100227A
:10CA20003023606AF1F3EEF00121002230234090C0
:10CA3000606AF1F3E7F0002633460DF1E00A419019
:10CA400098F818200195022028AD069902970096C3
:10CA5000CDF80CA0CDF810B0F3F7B0FE302231467F
:10CA60002846F6F321F34748F6F3CAF3454B30273F
:10CA700000930190514602205A463346029503978F
:10CA8000F3F7BCFE01213B462A464098F1F3E8F556
:10CA90004098A2690146F1F76BFB429B48990093CD
:10CAA000439B499A01934098A369F1F779FF429912
:10CAB000439A4B98F5F350F231463A462846F6F33E
:10CAC000F3F23148F6F39CF32F4B0190009351465B
:10CAD0005A463346022002950397F3F78FFE3B46F2
:10CAE00001212A464198F1F3BBF54198A26901461C
:10CAF000F1F73EFB449B48990093459B499A01936B
:10CB00004198A369F1F74CFF4499459A4C98F5F385
:10CB100023F24C994A9A4B98F5F3A2F0079A98F8A9
:10CB2000183001924A99069A2046CDF80090FFF7F6
:10CB3000EEF946A947AA4A98F5F374F142A8F1F331
:10CB40009FF143A8F1F39CF144A8F1F399F145A8B2
:10CB5000F1F396F148A8F1F393F149A8F1F390F1BC
:10CB600040A8F1F38DF141A8F1F38AF14BA8F5F358
:10CB70003BF14CA8F5F338F14AA8F5F335F14FB085
:10CB8000BDE8F08FB85B0100D25B0100C06A00F025
:10CB90000100704721B18368CB5893F8BC017047FE
:10CBA000084670472DE9FF41476804460023D0F846
:10CBB000008038460E46A2F168050393FFF7E6FFB2
:10CBC00090B138464146FFF7E5FF68B103AB0093EB
:10CBD00021462B46386806F16002FFF747FA039DAD
:10CBE000014610B99DB100E03146A5F12003202B8C
:10CBF0000DD8B4F8AC309D4209D104F16C002A463E
:10CC0000F6F3BAF1002814BF0520002000E005204B
:10CC100004B0BDE8F08100002DE9F0419846B8B0BD
:10CC20000023359336937F4B07460C4630AE03F115
:10CC3000100E18685968354603C5083373452E46EB
:10CC4000F7D13D680121202302F10806686A00221D
:10CC5000F0F3D8F735902869F5F358F0B8F1680F7C
:10CC6000369015D97B689B79002B00F0B980284657
:10CC7000FFF78CFF20B128462168FFF78BFF48B9EA
:10CC8000A8F168081FFA88F8A4F8AC80464401E0CF
:10CC900040F0A880D4F8BC00012132462023F1F3F3
:10CCA000DFF4D4F8BC00F1F3F9F2002840F09C80E6
:10CCB000D4F8BC006969F1F369F0002880F294802F
:10CCC000012106F120022023D4F8CC00F1F3C8F4AE
:10CCD0000121D4F8D00006F140022023F1F3C0F482
:10CCE000D4F8BC00D4F8B810F1F350F070B9D4F80F
:10CCF000CC00D4F8C410F1F349F038B9D4F8D0001E
:10CD0000D4F8C810F1F342F000286FD0D4F8D8005E
:10CD1000D4F8CC10D4F8D020F5F31EF1002867D059
:10CD2000D4F8BC10D4F8D400369AF5F393F13698C1
:10CD3000D4F8D8100246F4F393F73698D4F8C0101C
:10CD4000024620AEF5F386F1369834A90022F5F3B9
:10CD500069F03246202301213498F1F3A7F0002135
:10CD6000202228A8F6F3A0F1202137AB324618AFD5
:10CD7000019328A80B460097F8F38AF7D4F8B81067
:10CD8000D4F8BC206B693598F1F77DF92023324641
:10CD900001213598F1F38AF03146102204F10800A0
:10CDA000F6F3FEF030A8F6F32BF2202540220346DE
:10CDB0000096039204AE294630AA384601950296A1
:10CDC000F8F340F704F1180031462A46F6F3E8F08C
:10CDD00004F138000CA92A46F6F3E2F0002408E03A
:10CDE000FF2406E0042404E0032402E0012400E020
:10CDF000022435A8F1F344F036A8F4F3F5F7002146
:10CE0000202218A8F6F350F10021502204A8F6F3CE
:10CE10004BF120A800212022F6F346F1204638B03D
:10CE2000BDE8F081FEE589002DE9F04F1D468368DD
:10CE300089B0EF5843688046CB580E460793184692
:10CE400091463946129A139BFFF7E6FE03280446E3
:10CE500001D1009005E0022801D0042816D1032357
:10CE60000093012301930293002303930493D6F8C4
:10CE700008313046B3F8623005F11401C3F34013B2
:10CE800005934A462B46F7F70BFB65E0012862D075
:10CE9000002861D1B7F8623040460133A7F862300C
:10CEA000FFF774FE40B140462946FFF773FE0028A5
:10CEB00014BF7E20002000E0204601234FF0000A2E
:10CEC0004FF0030B0193D6F80831CDF800B0029073
:10CED000CDF80CA0CDF810A0B3F8623005F1140C19
:10CEE000C3F34013614605934A462B463046CDF8BE
:10CEF00018C0F7F7D5FACDF800B0D6F808314FF0E2
:10CF0000020BCDF804B0CDF808A0CDF80CA0CDF8F8
:10CF100010A0B3F86230DDF818C0C3F340136146C7
:10CF200005934A462B463046F7F7BAFAD9F800304F
:10CF3000B96EC7F85930B9F80430A7F85D30D8F8A1
:10CF400000309868079BD3F88820534607F0B4DB7D
:10CF500087F858B000E0FF24204609B0BDE8F08F04
:10CF60002DE9F04FD0F804A087B09AF806300546B6
:10CF70000C4693460768D1F8009043B390F8A93067
:10CF800013B1013B80F8A930D4F8B431384600938E
:10CF9000D4F8B831514601935A464B46FFF744FF47
:10CFA0000646D4F8B40168B10021D4F8B821F6F3EC
:10CFB0007BF0D4F8B401FBF39FF00023C4F8B43144
:10CFC000C4F8B831002E14BF022000202DE03846EE
:10CFD000FFF7DCFD38B138464946FFF7DBFD002896
:10CFE00014BF7E20002003234FF001088DE80801C4
:10CFF0000026029003960496DAF8083109F114012C
:10D00000B3F862305A46C3F34013059350464B467B
:10D01000F7F746FA3B68A16E9868D5F88820334642
:10D0200007F04ADB84F85880304607B0BDE8F08F3F
:10D03000052B10B503D1BDE81040FFF791BF436841
:10D040009B792BB190F8A93013B1013B80F8A9303E
:10D05000022010BD2DE9F0419846436805469B79B2
:10D060000C461646069F8BB190F8A930013380F824
:10D07000A9303846FBF334F0C4F8B401002834D0AA
:10D0800041463A46F5F38CF7C4F8B8710023A4F88A
:10D090006030A4F86230A4F864303368C4F85930C2
:10D0A000B388A4F85D302868FFF770FD90B1286858
:10D0B0002168FFF76FFD68B121462846FEF7EBFFB8
:10D0C0002046FFF790F8284621463246BDE8F04159
:10D0D000FFF746BF204629466CF04EDD20B90423F9
:10D0E00084F85830BDE8F0810220BDE8F0812DE9D8
:10D0F000F04387B015460F9A0646012A0C461F4694
:10D10000DDF83880D0F804C0D1F8009059D19B8860
:10D11000072D8CBFFA88FF220BB17E2B59D100213D
:10D120007E2B84F8BC1103D1012384F8BC3104E0C8
:10D130001BB96368DB6A98074BD5132A16D0032105
:10D1400001224D238DE80E00002303930493DCF8A5
:10D1500008316046B3F8623009F11401C3F340139B
:10D16000059342464B46F7F79BF932E096F8A80044
:10D1700007F1080196F8A99040B9012386F8A83074
:10D18000B9F1000F28D1682D0AD904E0B9F1000FD8
:10D1900012D1682D0AD920462A466DF00FDAD8B987
:10D1A0000E953046214642463B460DE0304621462C
:10D1B0006DF042D848460FE0304621466DF03CD82D
:10D1C00009E042B90E95424607B0BDE8F043FFF7CB
:10D1D00041BF022000E0002007B0BDE8F0832DE948
:10D1E000FF4105680C46A3F10807D1F80080A4F8B8
:10D1F000AC7000212846039102F10806FFF7C6FC37
:10D20000A0B128464146FFF7C5FC78B103AB0093B7
:10D2100032463B4628682146FEF728FFBDF80C3011
:10D220000646A4F8AC3018B913B90FE0A4F8AC70F6
:10D23000B4F8AC20A2F120039BB2202B06D804F155
:10D240006C003146F5F3ACF6002001E04FF0FF3002
:10D2500004B0BDE8F0812DE9F04F90E8C00089B03E
:10D260000792139A8046012A0C469A46DDF848B088
:10D270000D6840F0AC803368896E986807F042DA38
:10D2800004F16C030021402218460693F5F30CF7D5
:10D290000021A4F8AC100799BAF8042007298CBF24
:10D2A000BAF80610FF214C2A069B3CD14FF000092A
:10D2B000184649464022A4F86090F5F3F5F6A4F824
:10D2C000AC90404621465246079BFFF788FF304608
:10D2D000FFF75CFC78B130462946FFF75BFC50B1A4
:10D2E000032201234FF07E0C8DE80C10CDF80C903A
:10D2F000CDF8109008E003234FF0010E8DE80840B0
:10D300000023029303930493D7F808313846B3F807
:10D31000623005F11401C3F3401305935A462B46BE
:10D32000F7F7BEF849E04D2A04D1B4F866308B42D5
:10D3300018D042E00AB17E2A3FD113290ED1079AB4
:10D340003046019239465A462B46CDF800A06CF083
:10D35000D5DF002814BF0220002076E0B4F860304A
:10D36000052B01D900233BE0032201234FF04D0997
:10D370008DE80C024FF00009CDF80C90CDF810901C
:10D38000D7F8083105F11401B3F862305A46C3F3F7
:10D390004013059338462B46F7F782F8B4F860300F
:10D3A000A16E0133A4F860303368D8F888209868FB
:10D3B0004B4607F081D9484647E03368A16E98682C
:10D3C000D8F88820002307F077D900203DE0931E8D
:10D3D000012B4FF0000337D8B1F86010052903D9AD
:10D3E00084F85830022030E0032A09D13268013134
:10D3F000A4F860109068A16ED8F8882007F05CD976
:10D400003046FFF7C3FB38B130462946FFF7C2FB71
:10D41000002814BF7E200020032301248DE818007B
:10D420000024029003940494D7F808313846B3F8E6
:10D43000623005F11401C3F3401305935A462B469D
:10D44000F7F72EF8204600E0184609B0BDE8F08F47
:10D450002DE9F3470B6882685B680646D3F808A09D
:10D46000D3F80490B3F810801B680D46032B5AF8CC
:10D470000240DAF810701DD1FFF788FBD0B13046BA
:10D480005146FFF787FBA8B1B4F8AC3093B1B9F1BE
:10D49000010F0FD1B8F14C0F01D0BA7952B9AA6976
:10D4A000FF2000925D2104F16C02DBB2F1F70EFD6A
:10D4B000002001E06FF01600BDE8FC872DE9F8437D
:10D4C0000B6882685B680446D3F808905F681E8A20
:10D4D0001B6859F80280032BD9F8105013D1FFF7BD
:10D4E00055FBA0B120464946FFF754FB78B1B8F888
:10D4F000AC0060B1012F06D14C2E01D0AB792BB915
:10D500000330BDE8F8830020BDE8F8830020BDE8C3
:10D51000F8832DE9F04F0B6882685B68B9B0D3F8E7
:10D5200008805E681F8A1B688146032B58F80240FA
:10D53000D8F810A08D69D1F81CB040F09F80012E62
:10D5400048D137B1A7F14C039BB2012B01D97E2FF3
:10D550000FD1B4F8663038A9284621F8043D0222DC
:10D56000F5F31EF502350FB17E2F02D19AF8063081
:10D570000BB14C2F13D14846FFF708FB20B14846AA
:10D580004146FFF707FB50B9B4F8AC203AB1284642
:10D5900004F16C01F5F304F5B4F8AC30ED180FB1FB
:10D5A0007E2F6ED101212A462023D4F8B800F0F353
:10D5B0007DF4012105F120022023D4F8C400F0F30A
:10D5C00075F4D4F8C800012105F140022023F0F3DE
:10D5D0006DF456E0022E54D1B4F8623038A921F827
:10D5E000023D28463246F5F3DBF4BDF8DE3038AFB5
:10D5F00027F8C83D01210DF11A022023D4F8B80004
:10D60000F0F354F401210DF13A022023D4F8C400C0
:10D61000F0F34CF401210DF15A022023D4F8C80094
:10D62000F0F344F401210DF17A022023D4F8BC0078
:10D63000F0F33CF401210DF19A022023D4F8CC0040
:10D64000F0F334F401210DF1BA022023D4F8D00014
:10D65000F0F32CF44FF00008C22302930235304659
:10D6600004F1180120224346CDF80080019703956C
:10D67000CDF810B0F3F7A2F8404603E06FF01600C3
:10D6800000E0002039B0BDE8F08FF8B50B68044623
:10D690005A68836896685168F558138A1268376922
:10D6A000032A2DD1012926D10BB17E2B12D1BB79B2
:10D6B0006BB92046FFF76AFA20B120463146FFF7E2
:10D6C00069FA20B9B5F8AC0008B1023000E00220D8
:10D6D0006030F8BD4D2B15D04C2B11D1FFF756FA09
:10D6E00020B120463146FFF755FA58B9B5F8AC00DD
:10D6F00050B10230F8BD02290CBF22200020F8BD35
:10D700000020F8BD0220F8BD0220F8BD19B18368E1
:10D71000CB5883F8BC21704770B50C680D4606469F
:10D72000102208460021F5F3BFF42C6020460021AA
:10D73000F268F5F3B9F404F52473C4F8EC3004F599
:10D740002C732560C4F8243170BD2DE9F0470D46D7
:10D7500098462B68BDF82060099C0768896B95F88E
:10D760002CC073B193F8009093F801A049EA0A29FC
:10D77000A5F81C9093F81690DB7D49EA0323A5F8E1
:10D780007E303B68B5F81C9093F8D130002B5AD10D
:10D7900097F92735B3F1FF3F03D190F8A43313B1C4
:10D7A00051E0012B4FD0C9F38027B5F87E9019F0D6
:10D7B0000F0901D127B987E027B94FF0010904E02B
:10D7C000012702E04FF000094F460123002204F533
:10D7D000227004F5237176F017DAD4F88832984570
:10D7E00005D1D4F88C32F31A18BF012300E00123CD
:10D7F0003FB933B1C4F88872C4F88C72A4F8867249
:10D800005CE0B9F1000F08D00020C4F88802C4F829
:10D810008C02A4F88602BDE8F087B5F87E50C4F803
:10D820008882C4F88C62A4F886524846BDE8F08726
:10D8300006D18F88B74294BF0027012700E0012757
:10D84000F8B2BDE8F087BCF1000F13D04B6B03EBCF
:10D85000C20153F83230984506D307D18888B042C8
:10D8600094BF0026012602E0012600E00026F0B267
:10D87000BDE8F087D1F8E03052019A181369984555
:10D880001CD302D1938AB3421BD89369984506D31F
:10D8900007D1908BB04234BF0020012002E001206C
:10D8A00000E0002070B106F07F06F308D05C06F0BF
:10D8B0000706304100F00100BDE8F0870120BDE817
:10D8C000F0870120BDE8F0874B6B03EBC20153F8F2
:10D8D00032309845ACD2B2E72DE9F04F1C4693F8B0
:10D8E00060B05F68D368ADF5117D0646059191463D
:10D8F000156933B11B7A0B2B03D13B7803F001037D
:10D9000001E0FB789B09E36394F82C3049460093CF
:10D9100030462A46E36B4FF023DB0146A06320B17B
:10D920002A6D40F2371313402BB9304621464A4640
:10D9300071F002DAE2E090F90E2090F90F30D3187E
:10D94000A2689A42C0F0DA80A269138A13F0080F25
:10D950000DD0007A0B280AD196F8DC0538B1887909
:10D96000032804D823F008031B041B0C13820B7A32
:10D97000042B59D00B2B00F0AE80022B40F0C0805E
:10D98000BB7897F800A097F8068043EA0A2A7B79CB
:10D990004FEA084848EA03283B7948EA0308FB793C
:10D9A000A76E48EA036817F0010740F0AC802846EC
:10D9B00021465A464346CDF800A0CDF80490FFF723
:10D9C000C4FE002800F09F80AB79002B40F06782F6
:10D9D0003368D3F88830D3F8DC210132C3F8DC2176
:10D9E00094F82C2022B1D3F8B4220132C3F8B42227
:10D9F000D3F8E8210132C3F8E821D5F8183193F8BB
:10DA000034301BB12846002165F0E0DB94F82C701F
:10DA1000002F00F044823368D3F88830D3F8C02256
:10DA20000132C3F8C02269E03B7897F801A097F86B
:10DA3000068043EA0A2AFB794FEA084848EA036865
:10DA40003B7948EA03087B7948EA03282B7C13B921
:10DA5000EB6DDB0757D4A76E17F0010753D12846AB
:10DA600021465A464346CDF800A0CDF80490FFF772
:10DA70006CFE002847D0AB79002B40F01082336851
:10DA8000D3F88830D3F8DC210132C3F8DC2194F8D4
:10DA90002C2022B1D3F8B4220132C3F8B422D3F837
:10DAA000F0210132C3F8F021D5F8183193F8343061
:10DAB0001BB12846002165F089DB94F82C70002FFB
:10DAC00000F0ED813368D3F88830D3F8C8220132F2
:10DAD000C3F8C82212E00237C83110223846F5F3E5
:10DAE00083F500280CDA8D4839461022F5F3ECF660
:10DAF000A16B8B48C8311022F5F3E6F60027CEE182
:10DB00004FF00008C24696F8B03293B92B6D1F074C
:10DB10000FD4A06B037A022B02D1F6F331F140B996
:10DB200063699B69980004D4A3691B8A190700F1F3
:10DB3000FB8063699B695A06E0D4A3691A8A42F0A4
:10DB400008021A82A16B0B7A013B0A2B00F2CE80ED
:10DB5000DFE813F035000B0035006C00CC00CC0082
:10DB6000CC00CC00CC00CC00AE000846F6F308F1A7
:10DB700008B12B7C4BB1A36BD3F88820904504D817
:10DB80000FD093F88C205A450BD0A16B226804F17A
:10DB90004007384614310A32434601F0C3D9E765DD
:10DBA00001E06433E365A16B04F14A0738461431A0
:10DBB000E26D534601F080DA3846102110E06168CA
:10DBC000032284A8F5F3ECF1A36B84A803F11401FC
:10DBD0001A690330F5F3E4F1A36B84A819690331E2
:10DBE00007AAFBF38DF1A36B606893F90E30A1686F
:10DBF000C018C91A07AAFBF3A5F1A36B606893F9D3
:10DC00000E30A168C018C91A4FF0FF32F6F3F4F0D5
:10DC1000444BA2699842138A04D123F010031B04D9
:10DC20001B0C01E043F0100313827DE06368DF7892
:10DC300017F020071FD00A6948A81431D200FBF35F
:10DC400003F6002321686269484670F0A5DC0027CE
:10DC5000A36B01900097196948A82368E268EEF366
:10DC6000C7F3831C05D1A3691A8A42F010021A82F5
:10DC70005AE0013058D13368D3F88830D3F8DC212A
:10DC80000132C3F8DC21D3F8F4210132C3F8F421C6
:10DC900094F82C20002A00F0FF80D3F8B42201323F
:10DCA000C3F8B422D3F8CC220132C3F8CC22F6E078
:10DCB00001F11400E2682431236800F0F9DF002844
:10DCC0007FF41CAFA26BD2F8D8300133C2F8D83041
:10DCD00033F07C4328D1F2220192D6F894012946F0
:10DCE00009F11402009376F05DDE1DE0AF79002F9C
:10DCF0007FF404AF3368D3F88830D3F8DC210132E5
:10DD0000C3F8DC2194F82C20002A00F0C580D3F859
:10DD1000B4220132C3F8B422C1E000BFA2ED8900F1
:10DD2000A8ED8900E320BBDEA36B616893F90E20A8
:10DD30008A18626093F90E1093F90F208A18A1686F
:10DD40008A1AA26093F90E1093F90F208A1821699C
:10DD50008A1A2261A269128A02F01802182A64D172
:10DD6000AB79002B7FF4CAAE95F944200093019360
:10DD7000029330463123D5F8081170F0A7DA3368E2
:10DD8000D3F88830D3F8DC210132C3F8DC21D3F892
:10DD9000EC210132C3F8EC21D3F8F4210132C3F8AD
:10DDA000F42194F82C2072B1D3F8B4220132C3F8D4
:10DDB000B422D3F8C4220132C3F8C422D3F8CC224F
:10DDC0000132C3F8CC22A26B127A022A05D0032AB0
:10DDD00012D0012A7FF492AE0EE0D3F8082201326D
:10DDE000C3F8082294F82C70002F58D0D3F8E02202
:10DDF0000132C3F8E02281E6D3F800220132C3F8F1
:10DE00000022D3F8FC210132C3F8FC2194F82C70D5
:10DE1000002F44D0D3F8D8220132C3F8D822D3F847
:10DE2000D4220132C3F8D42268E661698A89E260AB
:10DE300094F82D209AB993F90F20059892B2FAF32D
:10DE400029F16369DA89900402D5B3F850308BB9AF
:10DE5000A36BE26893F90F30D31AE3600AE00598E8
:10DE6000F6F3F4F0A36B014693F90F20059892B2F4
:10DE7000FAF310F1A36BC4F86480A4F862A01B7AD3
:10DE8000042B01D0022B09D1A36ED90706D430464A
:10DE9000214670F09DDF01E0174600E0012738467B
:10DEA0000DF5117DBDE8F08F2DE9F341099F0023A9
:10DEB0000D9904469046089E0A9D009301933FF0F9
:10DEC0004FDE032F0BD9042268463146F5F368F084
:10DED000072F04D901A8311D0422F5F361F0A8F140
:10DEE0004C08B8F1050F2AD8DFE808F00A03160F2E
:10DEF000231BD4F88434BDF80020A3F8922016E048
:10DF0000D4F88434B3F8923017E0D4F88434BDF8F0
:10DF10000020A3F896200AE0D4F88434B3F89630B1
:10DF20000BE0D4F88434BDF80020A3F89E20002034
:10DF300007E0D4F88434B3F89E302B60F7E76FF035
:10DF40001600BDE8FC81D0F884242DE9F843B2F82E
:10DF5000928004464145D4BF00200120B2F84A50C7
:10DF6000B2F89690B2F89460B2F898C010B1C8EBCD
:10DF7000010701E0C1EB0807B2F89030BFB2002BF7
:10DF800075D0BCF1010FADB2334607D1002851D096
:10DF90002BB203FB08F393FBF1F346E0BCF1020F55
:10DFA0002BD131B2B8B10FFA89F3994203D10423CE
:10DFB000A2F8983062E0132F02D9A6F1140339E0D9
:10DFC000092F02D9A6F10A0334E0042F01D9731FE7
:10DFD00030E0B31E2EE00FFA85F841451DD0132F17
:10DFE00002D906F1140325E0092F02D906F10A032C
:10DFF00020E0052F1CD9731D1CE0BCF1040F39D1A2
:10E0000033B238B10FFA89F18B4237D0052F38D9A6
:10E01000731F0AE029B28B4204D10123A2F8983081
:10E02000BDE8F883052F2DD9731D4FF0020C01E0D8
:10E030004FF0040C1BB229B28B4204DC0FFA89F5B5
:10E04000AB42A8BF1D462368A2F89450A2F898C01E
:10E050002DB22946012220461B7E72F0B1DC2368D6
:10E060002046294600221B7E72F0AADC06E01846F4
:10E07000BDE8F8834FF0FF30BDE8F8830020BDE82D
:10E08000F8830020BDE8F883D0F8843413B5B3F8E2
:10E09000902004466AB1036A0DF1060118695BF02D
:10E0A000BFD980B12046BDF906100122FFF74BFF12
:10E0B00009E06421012372F083DC012220466421FF
:10E0C000134672F07DDC1CBD08B5036AD3F8D80096
:10E0D00079B143784A789A4208D102300231F4F398
:10E0E0004BF7D0F1010038BF002000E00020C0B2A3
:10E0F00008BD084608BD2DE9FF4799464369D0F899
:10E10000208082461B680446174602695AF8180B9D
:10E110000E464146D55801F055FA2169206852460D
:10E120006FF096DC0123C8F800302B680146023BF3
:10E13000012B03D82369DB6DC8F8D0300C9B206815
:10E140000293424633468DE8800201F058FA48B106
:10E150002B68022B05D1636AD888003018BF0120D4
:10E1600000E0012004B0BDE8F0872DE9F04FC3685E
:10E17000044600F1180799B01646056A8A460068F9
:10E1800021693A4603936FF063DC013E0290062E4C
:10E1900000F23881DFE816F007003601BC003601D6
:10E1A000DB003601FF00EE68002E00F02C81D5F870
:10E1B000D03013F4804B0CD023682169D3F8D406F7
:10E1C0000368CB581B781BB14AF04ADB834600E05A
:10E1D0009B46636893F86231A3B1D5F8D000F0F79D
:10E1E0008BFE88B12368D3F86008FEF7CFFC58B1E6
:10E1F00023680299D3F86008FEF7CCFC20B1B5F88B
:10E20000DC8002E0984600E08046B5F806C0206851
:10E21000DC44C4441FFA8CFC0CF1710321693A46BA
:10E220009BB2CDF804C077F07BD9DDF804C0064678
:10E23000002800F0E8800CF15F0CD0F808901FFA7D
:10E240008CFC4FEA1C2343EA0C2C09F11207A9F8B5
:10E2500010C000215F223846F4F326F74AF4847395
:10E260001A0A89F8132089F814302B8B05F13C0128
:10E270001A0A89F8152089F81630202209F11F00A2
:10E28000F4F38EF6EA8809F171009344D8441FFA3A
:10E2900088F84FEA182343EA0828A9F86F80E9684C
:10E2A000F4F37EF6636893F86231F3B1D5F8D000E9
:10E2B000F0F722FEC8B12368D3F86008FEF766FCC9
:10E2C00098B123680299D3F86008FEF763FC60B147
:10E2D000EB68002B00F09B80E888D5F8E010381838
:10E2E0005F30B5F8DC20F4F35BF6D5F8D030580495
:10E2F00040F18D8023682169D3F8D4060368CB5898
:10E300001B78002B00F083803A464AF0FFD97EE06C
:10E31000206821693A46712377F002D90646002821
:10E3200071D0D0F808905F22002109F1120789F816
:10E33000112089F810103846F4F3B6F64AF48073C9
:10E340001A0A89F8132089F814302B8B1DE02068F5
:10E3500021693A46712377F0E3D80646002852D067
:10E36000D0F808905F22002109F1120789F81120E6
:10E3700089F810103846F4F397F64AF440731A0AF5
:10E3800089F8132089F81430EB8A1A0A89F81520C5
:10E3900089F816303BE0206821693A46712377F00E
:10E3A000BFD8064678B3D0F8089000215F2209F163
:10E3B000120789F8101089F811203846F4F374F622
:10E3C0004FEA1A2389F8133089F814A01FE0D5F812
:10E3D000D000F7F37DF10146484605F18C0204AB0D
:10E3E000F7F386F1044630B9314603982246F9F333
:10E3F000A7F6264607E007F14D0004A91022F4F322
:10E40000CFF500E00026304619B0BDE8F08F0323B9
:10E4100089F80F30D5F8D000F6F354F505F15C0417
:10E4200000280CBFFE2302233846082200F8053BD3
:10E430002146F4F3B5F508212046F7F34FF11AF021
:10E440000301C9D1C3E72DE9F04F91F813800B7D8B
:10E450008BB043EA082818F0030904460E460692DA
:10E460004769056ACDF8208005D1D5F8D000F7F3CB
:10E470002FF1844600E0CC4605F15C0A06F1170B4B
:10E480000120082359465246CDF810C0F6F302F693
:10E490008245DDF810C000F0F78318F48071079111
:10E4A00010D0338A1A0A42EA03239BB25C2B40F253
:10E4B000EB833046614605F18C02F6F3E5F7002860
:10E4C00000F0E283338A1A0A42EA03239BB25E2BEE
:10E4D00040F2DA8396F86F1096F8702042EA012233
:10E4E0005F329342C0F0D08306F11202099259467E
:10E4F00008225046F4F354F505F164005946082209
:10E50000F4F34EF5D5F8D000F6F3DCF4002868D02B
:10E5100018F4805F65D096F86F2096F8703043EA63
:10E520000223B3F5807F0BDD38462169012274F0A8
:10E5300065DC206904F11801012277F089D9E7E24E
:10E540004FF48070F9F3C6F5824630B93846216938
:10E55000012274F053DCD14698E32020F9F3BAF598
:10E56000834630B95046F9F3C7F538462169012290
:10E5700008E34FF48170F9F3ADF5059068B95046A2
:10E58000F9F3BAF55846F9F3B7F53846216901228F
:10E5900074F034DCDDF8149078E3B9F1000F04D1A5
:10E5A000D5F8D000F7F394F08146059B494605F174
:10E5B0009C020293099800238DE8000CF6F394F76F
:10E5C00081465046F9F398F55846F9F395F50598C4
:10E5D000F9F392F5B9F1000F03D138462169012210
:10E5E00020E396F815A0B37DD5F8D00043EA0A2AB7
:10E5F000F6F38AF410B918F0080326D0BAF10D0F1B
:10E600000BD003D8BAF1050F15D10DE0BAF1100FF8
:10E6100017D0BAF1200F0ED111E018F0080F13D067
:10E6200038462169022271E218F0080F0FD03846EF
:10E63000216903226AE238462169042266E2022146
:10E6400006E00422059204E00323059301E0012182
:10E65000059118F0080900F026822B8A059A93424A
:10E6600003D038462169052250E2079B002B40F079
:10E67000C78003232B60D5F8D0305A0606D46268D1
:10E6800092F86221002A37D0580335D513F4804917
:10E6900032D196F86F1096F87030042206F17100AE
:10E6A00043EA0121F6F3F8F70246002833D0437815
:10E6B000132B03D8384621690422B3E2636A216927
:10E6C000483300934FF020092046063201F1DC0365
:10E6D000CDF8049073F054D88246E0B9636AA3F889
:10E6E000069094F80834B3B1A068D4F8041406F086
:10E6F00009D884F808A40EE019060CD5616AB1F8AF
:10E70000E42042B101F14800C431F4F349F4636AF2
:10E71000B3F8E410D980636ADB882BB92046314610
:10E72000069A72F0DFDFAFE205F11C0906F11F0166
:10E730002022484605F13C06F4F332F420222068FA
:10E74000314619F029D9D5F8D0305A040AD52268B3
:10E750002169D2F8D40602688A58127812B149F0B9
:10E76000FFDF3BE021690A6D100508D413F4922FF6
:10E7700005D1D1F8083193F883309A0612D5636A2F
:10E7800004F1180003F148020092DB88E2310193A2
:10E7900005F18C030293AB8A4A4603933346F6F3A2
:10E7A0000DF41BE004F1180A5046E2310622F4F39E
:10E7B000E3F3002800F06882636A216903F14802EC
:10E7C0000092DB885046019305F18C030293AB8ADB
:10E7D000E23103934A463346F6F3F0F540F63B62E6
:10E7E0003846216908EA0202012374F04BDB08B1C4
:10E7F000042356E1384621690D2274F0FFDA43E222
:10E80000069A4AB997F81690B9F1000F0CBF4FF469
:10E8100000794FF0000901E04FF00009D5F8D00071
:10E82000F6F350F341F2C833002808BF4FF4E47305
:10E8300003EA080218BF4FF000099A4240F0248210
:10E8400019EA080F40F020822B68033B042B00F2EA
:10E850001B822946052341F81C3B06F11F0020229C
:10E86000F4F38AF3002840F00F8296F86FA096F830
:10E870007030D5F8D00043EA0A2AF6F323F30028D3
:10E880003FD006F1710B584651463022F5F306F0A1
:10E890008146C8B1D5F8D03042785B0440F1FA81A6
:10E8A00023682169D3F8D4361B68CB581B78002B1A
:10E8B00000F0F081123A92B2ECE1A86809F102018D
:10E8C0000230F4F359F318B138462169072215E0F4
:10E8D0000AEB0B0199F80120C9EB010189B2901CE8
:10E8E00081421CDD6FF001039B1A4844C918302295
:10E8F000F4F3D4F798B121693846062274F07EDA31
:10E9000009E0AB88534506D1A86806F1710152466B
:10E91000F4F332F318B1206904F1180142E0D5F89C
:10E92000D000F6F3CFF278B106F171005146F6F35C
:10E93000A7F648B938462169092274F05FDA2069E0
:10E9400004F1180101222EE02068036893F8623177
:10E9500063B304F1180921694A466FF079D88346F8
:10E96000D5F8D000F0F7C8FA00B32368D3F86008F0
:10E97000FEF70CF9D0B1BBF1000F17D02368594650
:10E98000D3F86008FEF706F980B1514606F1710030
:10E99000F422F4F383F701462046FFF795FB28B9EC
:10E9A00020694946112276F053DF6DE140F20B22D7
:10E9B0003846216908EA0202032374F063DA8146CB
:10E9C00028B1062318F040092B6004D116E0384620
:10E9D00021690D2226E12A8A04F1180B2B8B20686D
:10E9E0008DE80408216905F1AC0276F0D1DED5F896
:10E9F000D000F6F367F2002834D003E038462169EE
:10EA000008220FE1514606F17100F6F339F642781B
:10EA10008046063A92B2EA82837905F16C0903F0E6
:10EA2000030385F8CC3008F108014846F4F3B8F246
:10EA300095F8CC200599EB8A009206F14F020191DE
:10EA4000029298F80620216902F0040203922068DD
:10EA50004A4676F021DE23682169D3F87C063246E7
:10EA600054F0ECDED5F8D000F6F32CF2C0B1082358
:10EA70002B6038462169002274F0C0D923695A46B8
:10EA8000DB682068009379210623F4F701F92368F5
:10EA90002269D3F8D4361B68D35800221A70F3E0E9
:10EAA00006232B60F0E02B68052B40F2ED80236AF3
:10EAB00005995A8A8A4208D0D3F8D000F6F324F296
:10EAC00018B1384621690A22ACE008F46073B3F546
:10EAD000607F40F0D98007232B60D5F8D000F6F393
:10EAE000F1F18146002841D018F4805F0BD096F8F0
:10EAF0006F1096F8703006F1710043EA0121F6F3C9
:10EB0000BFF5814638B9216938460B2274F076D9B1
:10EB10004FF00009BAE0427805F16C0A063A92B269
:10EB2000EA82837909F1080103F0030385F8CC3008
:10EB30005046F4F335F295F8CC20EB8A00926A8ABD
:10EB40002169019206F14F02029299F8062020688D
:10EB500002F004020392524676F09EDD236821699A
:10EB6000D3F87C06324654F069DE70E0BAF1200F2B
:10EB700055D84FF48070F9F3ADF2834630B921696E
:10EB800038460C2274F03AD9D9467FE02020F9F3B8
:10EB9000A1F2069050B95846F9F3AEF23846216911
:10EBA0000C2274F02BD9DDF818906FE04FF48170CF
:10EBB000F9F390F2844680B95846CDF810C0F9F3C5
:10EBC0009BF20698F9F398F2384621690C2274F00A
:10EBD00015D9DDF810C0E14658E0069B05F16C023E
:10EBE0000792414605F19C0201930290079B099808
:10EBF000CDF810C0CDF800B0F6F370F48146584659
:10EC0000F9F37AF20698F9F377F2DDF810C060466E
:10EC1000F9F372F2A5F816A0B9F1000F05D1216938
:10EC200038460C2274F0EAD830E0089A08F0300335
:10EC30001B110599009302F0400301914F36039395
:10EC400020682169079A5346029676F025DD3846FA
:10EC5000216908F00B02052374F014D928B10823A8
:10EC60002B6038462169002202E0216938460D22D6
:10EC700074F0C4D823692068DB687921009304F11B
:10EC800018020623F4F704F84FF0010948460BB0C8
:10EC9000BDE8F08FA988931C99427FF415AE0CE66D
:10ECA0002DE9FF4790E810028E7905460F46002EA9
:10ECB00063D140F21440F9F30DF2804600285FD092
:10ECC0003851314640F21442F4F3EEF1AB8AD9F8F0
:10ECD000D02608EB030448F803902B694FF0010A93
:10ECE000E360EB686261A360AB6827616360E42066
:10ECF000C8F8006088F804A0C4F8FC63F9F3EAF1EE
:10ED00002062002841D03146E422F4F3CDF1E8201E
:10ED1000F9F3E0F16062002837D03146E822F4F3DD
:10ED2000C3F1D4F82480E868C8F800901949224655
:10ED3000334605F06BDDC8F86800002825D0E86888
:10ED400015492246334605F061DD6063E8B1E868A5
:10ED500012492246334605F059DDC4F80404A0B137
:10ED6000236A286A0193636A6946009702938DF8C3
:10ED70000CA0F3F313F4304604E06FF0060001E05A
:10ED80004FF0FF3004B0BDE8F0872846394672F0F6
:10ED900099DBF5E7E1578800E9588800C9588800F1
:10EDA00038B51D4690B10368848ACB5873B11C19DD
:10EDB000114604F130001022F4F3F2F004F14000A7
:10EDC00029462022BDE83840F4F3EAB038BDD0F837
:10EDD0008404F0B503F15605A83300EB430300EBC0
:10EDE0008505B3F90A60AF6890F8E940BE1B761854
:10EDF000AE6026415E81B0F95E31D0F86811CB1A61
:10EE00009B18C0F868312341A0F85E31F0BD10B501
:10EE10000A7AD0F884342AB390F82922D1F808016C
:10EE20002AB190F86000904228BF024601E090F8B5
:10EE30006020D1F81801047864B1007AD1F8081183
:10EE400018B1C98D4A43002101E0CA8D012183F820
:10EE5000291105E0012283F82921D1F80821D28D5A
:10EE60000A3203E083F829214FF49B72C3F824216E
:10EE700010BD2DE9F04F8BB0D0F884449A469DF830
:10EE80005C30904608939DF85420B4F8C630079241
:10EE90000393189A94F8E9300F4609920593B4F851
:10EEA000F020D4F8D81094F81C3106469DF950B0E3
:10EEB0009DF8585004920691002B00F0AB81036836
:10EEC00093F8693123B13BF04DDA002800F0A281BC
:10EED000336893F864312BB194F86D3113B100238A
:10EEE00084F86D3194F828313BB1B068D4F8301112
:10EEF00005F008DC002384F828318E2130693CF0CD
:10EF000069DA43004E334FF6FE71194030693CF028
:10EF100061DA94F858318146FF2B08D094F8E83034
:10EF2000012212FA03F300EA03091FFA89F994F89F
:10EF3000AF30AB4213D0002305F1320204EB820262
:10EF4000E91A93604A4242EB0102323204EB820238
:10EF500084F8AF50C4F8CC30C4F8C8309360BAF12C
:10EF6000000F00F05781079AC2B9022F40F3528177
:10EF7000C7EB0A01B4F9F22009B204EB4503914250
:10EF8000A8BF0A46A3F8EA20D6F884345B79012B9F
:10EF90002AD9C8EB0B03A4F8EE3025E0049F04EB5C
:10EFA00045023BB2B2F9EA70C7EB0A07FF1A022F1B
:10EFB00003DD1C2FA8BF1C2700E00327D6F88424FC
:10EFC0005279012A10D9B4F9EE80C8EB0B08C3EBD3
:10EFD0000808B8F1020F05DDB8F11C0FA8BF4FF00B
:10EFE0001C0801E04FF00308D6F868329B792BB972
:10EFF000089A1AB130460999FFF709FF05F1320264
:10F0000004EB82029368304601339360C4F8CC303D
:10F01000D4F8383151460133C4F8383105F14E0384
:10F0200004EB83035A6801325A605A462B46FFF7B5
:10F03000CEFED4F8E030D4F8E420934203D9039B09
:10F040001BB2049307E0D4F8DC00013301210690E1
:10F05000C4F8E03004910598012212FA00F3D4F8C4
:10F06000CC1099422DD3D5F1010B38BF4FF0000BD6
:10F070000BF1A80C04EB4C0C04EB4500B0F85A0162
:10F08000BCF80AC0C0EB0C0C0FFA8CFC94F86C01B5
:10F090008CEAEC7AAAEBEC7A8245ACBF0021012124
:10F0A000844503910EDB94F8E8000BFA00F18945E2
:10F0B00009D005F13C0104EB8101486880184860E3
:10F0C00001E00392002205F1540B05F12C0004EB42
:10F0D000800004EB4B01B1F90AC0D0F808A0CCEBDA
:10F0E0000A0C67448760059807414F81D4F8C00037
:10F0F000B4F9B610059F411A4144C4F8C010394113
:10F10000A4F8B61004EB8501D1F8D010B4F9C4000E
:10F11000994204EB4B01B1F90A1028BF84F8B150B1
:10F12000884244DBD4F8CC00069FB8420CD9D5F114
:10F13000010194F8E82038BF002111FA02F291454C
:10F140002FD005F13C0225E0039F4FB394F84471A2
:10F150003DB1B4F9B2C07FB2C1EB0C0107EBC10104
:10F1600006E0B4F9B4C07FB2C1EB0C01C900C91B01
:10F17000049FB1EBC70F13DB984211D3D5F1010106
:10F1800094F8E82038BF002111FA02F2914508D026
:10F1900005F13E0204EB820251680131516000E04A
:10F1A0002AB10120002D14BF0321022106E0002D09
:10F1B0000CBF2846002014BF0221032194F8AF2081
:10F1C00084F8492194F81D215AB1D6F86822927921
:10F1D0003AB938B130690B46009201923DF0C6D879
:10F1E00004E018B9D4F8CC209A4213D294F81D3117
:10F1F00083B1D6F868329B7963B9012284F828215B
:10F20000B068D4F83011D4F824210BB0BDE8F04F29
:10F2100005F0529A0BB0BDE8F08F2DE9FF41D0F810
:10F220008454064695F81C310C4695F8E970002B7D
:10F2300000F08180036993F80A31002B7BD00368CA
:10F2400093F8693153B13BF08DD8034630B9B068BB
:10F25000D5F83411142205F02FDA6CE0336893F8F6
:10F26000643133B195F86D311BB1002385F86D31F0
:10F2700061E0D6F83C33022B0AD0D5F8E020D5F86F
:10F28000E4309A4294BF4FF000084FF0010801E0CB
:10F290004FF0000895F81D31002B4CD0D6F868329D
:10F2A0009B79002B47D1336A0DF10F0118695AF091
:10F2B0000BDD9DF80F3085F8AF30002B14BF032114
:10F2C0000221B8F1000F25D003F1020E05EB8E0EDE
:10F2D00005EB4302DEF8B0C0B2F9B200C0EB0C009F
:10F2E000CEF8B000384103F12C0EA2F8B20003F1C1
:10F2F000540205EB8E0E05EB4202B2F9B200DEF8C5
:10F30000B0C0C0EB0C00783850FA07F7CEF8B00068
:10F31000A2F8B27085F84931002201238DE80C0073
:10F3200030690B463DF022D89DF80F3054F8232069
:10F33000013244F82320BDE8FF8110B5D0F88444A1
:10F3400094F81C3123B104F58671FFF766FF0023A2
:10F3500084F8283110BD70B5D0F88444054694F87F
:10F360001C3103B3D4F8CC20D4F8C8309A4203D16E
:10F3700004F58A71FFF751FFD4F8CC30C4F8C830D7
:10F3800094F81D317BB1D5F868329B795BB994F85C
:10F39000292142B1A868D4F834114FF4FA72BDE8BB
:10F3A000704005F0899970BD38B5D0F884440546A1
:10F3B000D4F83411806805F0A5D9D4F8CC20D4F85D
:10F3C000C8309A4204D1284604F58A71FFF725FF18
:10F3D000D4F8CC30C4F8C83038BDD0F8843400221A
:10F3E0004FF6A271C3F8B820C3F8BC20C3F8C02000
:10F3F000A3F8B220A3F8B420A3F8B620C3F8602184
:10F40000C3F86421C3F86821A3F85A21A3F85C214A
:10F41000A3F85E21A3F8EA10A3F8EC10A3F8EE100D
:10F42000C3F8CC20C3F8D020C3F8D420C3F83821C7
:10F43000C3F83C21C3F84021C3F8E020C3F8F4200E
:10F44000C3F8F820C3F8FC20C3F80021C3F8042156
:10F45000C3F80821C3F80C21C3F81021C3F8142104
:10F46000C3F8182183F829217047D0F88434D3F8E1
:10F47000CC208A60D3F838218A6493F81D2112B118
:10F4800093F8AF2001E093F8AC204A6093F81D2177
:10F490000A6093F848214A654A688A65D3F8D02003
:10F4A0000A64D3F8D4204A64D3F83C21CA64D3F860
:10F4B00040210A65B3F9B220CA60B3F9B4200A61E9
:10F4C000B3F9B6204A61D3F8F4208A61D3F8F82062
:10F4D000CA61D3F8FC200A62D3F800214A62D3F84B
:10F4E00004218A62D3F80821CA62D3F80C210A6386
:10F4F000D3F810214A63D3F814218A63D3F8182172
:10F50000CA63D3F84C21CA65D3F85021D3F85431DB
:10F510000A664B667047F7B5D0F88444D4F84C516E
:10F520008D4207D1D4F85051954203D1D4F85421DB
:10F530009A423CD001F00F05042D3AD8022D38D064
:10F5400003F00302022A34D01F0907F00307022F39
:10F550002FD00A0902F00F02042A2AD8022A28D042
:10F560009E0806F00306022E23D09E0906F003062D
:10F57000022E1ED0C4F85431036AC4F84C111B6823
:10F58000C4F85011022B04BF3E462A46042A14BF79
:10F590001146314684F8AD10D0F88434012283F846
:10F5A00046110092019200690B463CF0DFDE00201C
:10F5B00001E06FF01C00FEBD70470000004870477E
:10F5C0009466010010B50C46C1B1886808B1F8F323
:10F5D00093F5E06808B1F8F38FF5D4F8D80008B1D6
:10F5E000F8F38AF5D4F8E00008B1F8F385F5204681
:10F5F0000021E422BDE81040F3F356B510BD2DE91B
:10F60000F74F0546D2F8D000019114469846DDF830
:10F6100030B0DDF83490DDF838A0F5F353F428B1BC
:10F62000404659463022F4F339F103E0404659464A
:10F63000F5F3E0F20646002800F0D880D4F8D000B8
:10F64000F5F340F428B1484651463022F4F326F150
:10F6500003E048465146F5F3CDF20746002800F096
:10F66000C6802B6893F86231002B4FD0D4F8D000BD
:10F67000EFF742FC002849D0D5F86008FDF786FA7C
:10F6800010B3D5F868329B792BB9D5F86008019989
:10F69000FDF780FAC0B148465146F422F4F3FEF07B
:10F6A0008146002800F0A28040780230A4F8D400FF
:10F6B000F8F310F5C4F8D800002800F09780494608
:10F6C000B4F8D420F3F36CF4D5F86008FDF75EFAD3
:10F6D000E0B1D5F860080199FDF75CFAB0B1404699
:10F6E0005946F422F4F3DAF0054600287ED040783B
:10F6F0000230A4F8DC00F8F3EDF4C4F8E0000028D0
:10F7000074D02946B4F8DC20F3F34AF402232382B0
:10F710006382D4F8D000F5F3D5F310B1042323822B
:10F720006382D4F8D000F5F3CDF350B106F10A00AE
:10F7300004F110010022F5F3A7F4002856D00025AB
:10F7400013E073780A2B0FDDD4F8D05006F10E00C9
:10F75000A5F10802554245EB020504F110012A46C5
:10F76000F5F3B6F608B941E005462046218A2A4657
:10F7700076F088D8002839D0D4F8D000F5F3A2F379
:10F7800030B1301D04F112010122F5F37DF413E0D4
:10F790007378092B11DD06F1080045B9F27A012AC8
:10F7A00006D0A2F105035A4242EB030200E0012217
:10F7B00004F11201F5F38CF6C0B178780230A08024
:10F7C000F8F388F4A06088B13946A288F3F3E8F32F
:10F7D00070780230E080F8F37DF40746E06030B1E5
:10F7E0003146E288F3F3DCF3012700E007463846B0
:10F7F000BDE8FE8F01320103323D00904C3300AA78
:10F80000AA0300000088B40001000000010100000C
:10F81000010050F201000050F20000409600000F7D
:10F82000AC00000FAC0600AAAA03000000AAAA03BD
:10F830000000F8000FAC00050400C9BF05F000CEC1
:10F84000BF0000000101000001011C7040002D02FA
:10F85000F0000A012800280138014801580155012B
:10F86000500150036666E2016666E3016666E401E4
:10F870006666E5016666E6016666E7016666E801BA
:10F880006666E9016666EA016666EB016666EC019A
:10F890006666ED016666EE01CDCCF0010A0005005A
:10F8A000080040060800050008000800770008006E
:10F8B0008A0008000100050001000A00010005009F
:10F8C000400610091E091F092409250926092009D7
:10F8D00021092709280929092209230930093109A1
:10F8E000320912090F090009010906090709080967
:10F8F0000209030909090A090B09040905090C0988
:10F900000D090E09110965023402840074005600C5
:10F910006502340204000400040003000300030035
:10F92000030002000100010000000000FFFFFFFFD4
:10F93000FFFFFFFFFFFFFFFFFFFF0000372E3935FE
:10F940002E34392028323237316262362043592929
:10F95000007265636C61696D2073656374696F6EB5
:10F960002025733A2052657475726E656420256493
:10F9700020627974657320746F20746865206865EF
:10F9800061700A004D656D6F7279207573616765EE
:10F990003A0A0009546578743A20256C6428256C6D
:10F9A000644B292C20446174613A20256C6428251D
:10F9B0006C644B292C204273733A20256C642825F3
:10F9C0006C644B292C20537461636B3A2025644B83
:10F9D0000A00094172656E6120746F74616C3A208F
:10F9E00025642825644B292C20467265653A20251C
:10F9F000642825644B292C20496E207573653A20B4
:10FA000025642825644B292C2048574D3A2025642D
:10FA10002825644B290A0009496E20757365202B3F
:10FA2000206F766572686561643A202564282564D4
:10FA30004B292C204D6178206D656D6F727920699E
:10FA40006E207573653A20256C6428256C644B29FB
:10FA50000A00094D616C6C6F63206661696C757298
:10FA60006520636F756E743A2025640A000953742B
:10FA700061636B20626F74746F6D206861732062C4
:10FA800065656E206F7665727772697474656E0A4B
:10FA90000009537461636B20626F74746F6D3A2058
:10FAA000307825702C206C776D3A20307825702CBA
:10FAB00020637572723A20307825702C20746F7034
:10FAC0003A20307825700A00094672656520737403
:10FAD00061636B3A203078257828256429206C777B
:10FAE0006D3A2030782578282564290A0009496E66
:10FAF00075736520737461636B3A203078257828BC
:10FB00002564292068776D3A203078257828256487
:10FB1000290A0009496E2075736520706F6F6C208B
:10FB20002564282564293A2025642825644B292C3E
:10FB300020772F6F683A2025642825644B290A0016
:10FB400009496E20757365202D20706F6F6C3A2007
:10FB500025642825644B292C20772F6F683A2025AF
:10FB6000642825644B290A0009506B7449642054A9
:10FB70006F74616C3A2025642C20467265653A20CA
:10FB800025642C204661696C65643A2025640A006E
:10FB90006D77006D6400554E494D504C3A207261AE
:10FBA0003D25700A005443414D3A20256420757369
:10FBB00065643A202564206578636565643A256448
:10FBC0000A000A465749442030312D25780A666CD0
:10FBD0006167732025780A000A5452415020257825
:10FBE000282578293A2070632025782C206C7220F3
:10FBF00025782C2073702025782C20637073722058
:10FC000025782C20737073722025780A00202072CA
:10FC1000302025782C2072312025782C207232203B
:10FC200025782C2072332025782C207234202578DA
:10FC30002C2072352025782C2072362025780A0059
:10FC4000202072372025782C2072382025782C200F
:10FC500072392025782C207231302025782C2072A2
:10FC600031312025782C207231322025780A000A83
:10FC700020202073702B3020253038782025303814
:10FC800078202530387820253038780A00202073F5
:10FC9000702B3130202530387820253038782025D9
:10FCA00030387820253038780A0A0073702B257890
:10FCB00020253038780A00686E6461726D5F617269
:10FCC0006D7220616464723A20307825782C20634C
:10FCD00072345F6964783A2025640A006275737330
:10FCE0007461747300535357553A207072696D658F
:10FCF00020646F6573206E6F742068617665207074
:10FD0000203D2033206D6F6420340000010000008E
:10FD10000001000020010000A1418000B9538000D3
:10FD2000212C8000795780006D3D8000609D880007
:10FD3000A09E8800549F88008C9B8800409C88006F
:10FD4000FDFFFFFFD89A880002000000800100003C
:10FD500030010000DD418000E5538000492C800027
:10FD6000AD578000993D8000749D8800C09E88003A
:10FD7000749F8800AC9B8800609C8800FDFFFFFF9B
:10FD8000F89A880004000000FF000000200800002E
:10FD9000253E8000B1518000ED2B8000355780005A
:10FDA000253D8000549D8800809E8800349F8800F7
:10FDB0006C9B8800209C8800066D0700B89A88001C
:10FDC000030000000902000044010000F941800026
:10FDD00001548000892C8000F5578000ED3D8000A3
:10FDE000889D8800F09E8800A49F8800DC9B880086
:10FDF000909C8800FDFFFFFF289B880070612564B0
:10FE00003D307825257800706425643D30782525BF
:10FE1000780070646825643D30782525780070642A
:10FE20006C25643D30782525780067637225643D34
:10FE30003078252578002530325825303258253045
:10FE40003258253032582D25303258253032582D31
:10FE500025303258253032582D2530325825303251
:10FE6000582D25303258253032582530325825301B
:10FE70003258253032582530325800556E64656648
:10FE8000696E6564206572726F72202564000000DF
:10FE90006001040005000103640104000000270064
:10FEA00024010400040000002801040000000000F8
:10FEB0002C010400000000003001040000000000DC
:10FEC000340104000A04700034010400EFBED400C1
:10FED00034010400050000FF3401040001FF02FFAB
:10FEE0003001040018000000340104000A04E0009E
:10FEF00034010400EFBE480034010400050000FF97
:10FF00003401040001FF02FF340104000010180155
:10FF100034010400020300103401040018F1F2F36C
:10FF200034010400BBCC00003001040038000000A4
:10FF300034010400000000003001040058000000FB
:10FF4000340104000000000030010400380000000B
:10FF5000340104000F200007340104000000940065
:10FF600034010400000000903401040074757677B9
:10FF7000340104000000000034010400000005000A
:10FF800034010400FFFFFFFF30010400680300009C
:10FF9000340104006E84330034010400DCBA5000E4
:10FFA00034010400D40000AB34010400BADABADA38
:10FFB00034010400001018F134010400F2F30010C1
:10FFC0003401040018F1F2F33401040010000000C1
:10FFD00034010400000000003401040000000A00A5
:10FFE000340104000100000E340104004252434D6C
:10FFF000340104005F54455334010400545F5353EB
:020000041003E7
:1000000034010400494401043401040082848B96C5
:100010003401040003010106340104000200000061
:100020003001040068000000340104000A042802C2
:1000300034010400DCBA8000340104000000FFFF3A
:1000400034010400FFFFFFFF34010400001018F129
:1000500034010400F2F300103401040018F1F2F34B
:1000600034010400D0AF000034010400000000009F
:100070003401040000000001340104000200000EFD
:10008000340104004252434D340104005F5445538F
:1000900034010400545F5353340104004944010403
:1000A0003401040082848B963401040003010106AC
:1000B0003401040002010000300104006806000061
:1000C000340104000A04280234010400DCBA800070
:1000D000340104000000FFFF34010400FFFFFFFFB4
:1000E00034010400001018F134010400F2F3001090
:1000F0003401040018F1F2F334010400D0AF000021
:10010000340104000000000034010400000000017C
:10011000340104000200000E340104004252434D39
:10012000340104005F54455334010400545F5353B9
:1001300034010400494401043401040082848B9694
:10014000340104000301010634010400020100002F
:100150000001040000000001900402000000000003
:10016000A0040200F1F30000B0040200EFFD000063
:10017000A8040200FFFF0000A80402000000000025
:10018000A204020001000000B2040200FBFF000014
:10019000AA040200FFFF0000AA0402000000000001
:1001A000A4040200CF1A0000AC040200000000000A
:1001B000BC04020000000000A6040200D7020000F8
:1001C000B6040200FFFD0000AE040200FFFF0000C5
:1001D0000604020001000000060402000000000006
:1001E0000C040200180000000604020000000000D9
:1001F00048040200000C0000020402002006000077
:10020000020502000000000000050200004000009E
:10021000020502000400000000050200004000008A
:100220000205020008000000000502000040000076
:10023000020502000C000000000502000040000062
:1002400002050200C000000080050200FFFF000060
:1002500082050200FFFF000084050200FFFF00008E
:1002600086050200FFFF000088050200FFFF000076
:100270008A050200FFFF00008C050200FFFF00005E
:100280008E050200FFFF000090050200FFFF000046
:1002900092050200FFFF000094050200FFFF00002E
:1002A00096050200FFFF000098050200FFFF000016
:1002B0009A050200FFFF00009E050200FFFF0000FC
:1002C000A0050200FFFF00009C050200F0FF0000F7
:1002D000400502000080000020050200060F00001B
:1002E000400502000080000040050200008100007F
:1002F0002005020000FF00002C05020001010000A3
:10030000400502000081000040050200008200005C
:10031000200502001E2800002C050200000000003D
:10032000400502000082000040050200008300003A
:100330002005020029310000400502000083000072
:10034000400502000084000020050200323F00004A
:100350004005020000840000400502000085000006
:100360002005020040410000400502000085000019
:1003700012060200010000002E060200CDCC000093
:10038000300602000C00000000060200048000009D
:1003900096060200080000009A060200E400000031
:1003A00088060200000000009C0602000200000017
:1003B00088060200001000009C06020002000000F7
:1003C00088060200002000009C06020002000000D7
:1003D00088060200003000009C06020002000000B7
:1003E000880602000B0F00009E06020007000000B6
:1003F000100502000B00000050040200014E000036
:10040000520402005B010000E404020090000000BE
:1004100004040200B400000054050200FFAF000015
:10042000FE040200000000005E0502000010000053
:1004300060010400040001036401040000000000E6
:1004400064010400B4000000640104004700470098
:1004500064010400000064006401040030094000ED
:10046000600104000D0001036401040002000200A9
:10047000640104000100C0006401040005000000E4
:10048000640104000000C000640104006400640012
:10049000640104000E004700640104000005000030
:1004A00060010400150001036401040040003C08E1
:1004B0006401040000000700640104000A00000059
:1004C000600104001A0001036401040000C0000080
:1004D000600104001D0001036401040010270000F6
:1004E000600104001F0001036401040000001C0CF3
:1004F00064010400060010276001040025000103C8
:1005000064010400000032006001040028000103BF
:100510006401040000004C0A6401040000003F0173
:1005200064010400FFFF00046401040046041E0788
:10053000640104000200EC09600104002E000103C4
:1005400064010400000000806001040092010103C6
:100550006401040064040000640104000000400021
:100560006401040096070000600104009701010384
:10057000640104001A08000060010400BF010103C7
:100580006401040000000500600104000804010388
:10059000640104000702000060010400100401036C
:1005A0006401040000000100600104001C0C010053
:1005B00064010200FFFF0000600104001D0C010047
:1005C00064010200FFFF0000600104001A00010343
:1005D000640104000000200C6001040023000103FA
:1005E000640104000000A607640104000000A20AE0
:1005F0006001040026000103640104000A0E0B09D7
:10060000640104000E0200006001040032000103D6
:10061000640104000000900B640104000000A004C9
:100620006401040000007C0660010400580001031E
:10063000640104004252434D640104005F54455379
:1006400064010400545F53536401040049440000F2
:10065000600104006000010364010400390000002F
:10066000640104005000000064010400C0000000A8
:10067000600104007000010364010400BE03BE03B6
:1006800064010400BE03BE0364010400BE03BE0394
:1006900064010400BE03BE03640104000004EA0315
:1006A00064010400D403BE03640104000B04F503D9
:1006B00064010400DF03C90364010400BE03BE0338
:1006C00064010400BE03BE0364010400BE03BE0354
:1006D00064010400BE03BE03640104000004EA03D5
:1006E00064010400D403BE03640104000B04F50399
:1006F00064010400DF03C903640104001604160446
:1007000064010400160416046401040022041604A3
:100710006401040016042E04640104001604160487
:10072000640104001604160464010400160416048F
:10073000640104003A04160464010400160416045B
:100740006401040016041604640104002204160463
:100750006401040016042E04640104001604160447
:10076000640104001604160464010400160416044F
:10077000640104003A0416046401040000001F0030
:1007800064010400FF031F00640104000200000074
:1007900064010400020000006001040098000103ED
:1007A0006401040000001F0064010400FF031F0037
:1007B0006401040001000000640104000100000065
:1007C00060010400A00001036401040000001F0098
:1007D00064010400FF031F00640104000100000025
:1007E000640104000100000060010400A80001038E
:1007F0006401040000001F0064010400FF031F00E7
:100800006401040001000000640104000100000014
:1008100060010400C0000103640104003724372490
:10082000640104003724372460010400BA01010385
:1008300064010400010007026401040007020703C9
:10084000640104000700000060010400DF010103EF
:10085000640104002000CB01640104000000540086
:10086000640104000000AB086401040000001004EF
:10087000640104008400020064010400000014000C
:1008800064010400CF010200640104004400000080
:1008900064010400AF080200640104001004640055
:1008A0006401040002020000640104001000CA0197
:1008B0006401040002003C00640104000000AA0876
:1008C00064010400020010046401040054000208E2
:1008D000640104000000080064010400CE0100006F
:1008E000640104003400000064010400AE0800004C
:1008F000640104001004440064010400020A0000C2
:10090000640104000800C901640104000200300011
:10091000640104000000A90864010400020010043E
:10092000640104003C0002106401040000000400A3
:1009300064010400CD010000640104002C000000EB
:1009400064010400AD0800006401040010043400D8
:100950006401040002120000640104000400C801E4
:100960006401040000002C00640104000000A808D9
:100970006401040000001004640104003000021946
:10098000640104000000000064010400CC010200C6
:10099000640104002C00000064010400AC080200A3
:1009A000640104001004300064010400021A000015
:1009B00064010400C0000A04640104007000000027
:1009C000640104003A010A046401040028022CC0F6
:1009D00064010400F2020A04640104000000000142
:1009E0006401040060001404640104003800000085
:1009F00064010400020114046401040014012CC009
:100A000064010400DE01140464010400000080009D
:100A10006401040022003704640104001500000092
:100A200064010400DF0037046401040065002CC089
:100A3000640104002E0137046401040000002F004B
:100A40006401040011006E84640104000B000000C6
:100A500064010400D4006E846401040033002CC0DF
:100A600064010400FC006E846401040000001800AE
:100A70006401040002008A9D64010400FB00020876
:100A800064010400C54EFA0064010400020A8334C4
:100A900064010400FE000210640104006227F900F2
:100AA000640104000212421A64010400FD000219EC
:100AB00064010400B113F80064010400021A8111FA
:100AC00064010400FC00021C64010400C10FFC006E
:100AD000640104000000C10F64010400FC00000078
:100AE00064010400C10FFC00600104005002010316
:100AF000640104000000000064010400010071149E
:100B000064010400040200006001040054020103B7
:100B1000640104000100000064010400010071147C
:100B20006401040004020000600104005802010393
:100B3000640104000200000064010400010071145B
:100B40006401040004020000600104005C0201036F
:100B5000640104000300000064010400010071143A
:100B6000640104000402000060010400600201034B
:100B70006401040000000100600104006C02010334
:100B8000640104002000000060010400120401035D
:100B90006401040000000C00600104005005010322
:100BA000640104001800000064010400983A983AB7
:100BB00064010400A60E6400640104000000F40156
:100BC000640104000400000064010400C8AFA861CF
:100BD00064010400204E1E006401040000000300B4
:100BE00064010400030000006401040050C300001D
:100BF000600104005B0501036401040000001405AA
:100C000064010400E2040000600104005F050103C8
:100C100064010400204E00006401040000000F0085
:100C200064010400F4010300600104006505010390
:100C300064010400000013006401040000000300CC
:100C4000640104000100070064010400C8AF000053
:100C50006401040088130000640104002C17DF40C5
:100C6000600104006C0501036401040000002C0114
:100C7000640104000000A00F600104006F0501037F
:100C800064010400000002006401040000002C0163
:100C900064010400C000000064010400C0440000BE
:100CA000640104006400000064010400DC05401FCE
:100CB000640104000000460064010400500050007C
:100CC000640104000200000064010400F50A000051
:100CD000600104007A050103640104002010409CB7
:100CE00064010400204E000064010400B80B000001
:100CF000600104007E050103640104000000204E31
:100D0000640104000000050064010400DC053F00EC
:100D100064010400710200006401040030750000E9
:100D2000600104008605010364010400C409A00FEA
:100D30006001040089050103640104000000D0077C
:100D4000600104008B05010364010400204E204E65
:100D5000600104008E05010364010400200080404E
:100D60006401040000000A0064010400E803E81CB8
:100D700064010400384A0000600104009305010387
:100D80006401040000006400600104009F05010389
:100D9000640104000200940260010400A105010343
:100DA00064010400E100000060010400A4050103E7
:100DB000640104003075000060010400A705010310
:100DC00064010400DC05000064010400581B0000FD
:100DD00060010400AF0501036401040000000F007E
:100DE00064010400C800000060010400B2050103B2
:100DF00064010400000002006401040000006400BB
:100E000060010400BB05010364010400A8617017C0
:100E100060010400C405010364010400BE00000079
:100E200060010400380C01006401020000000000B1
:100E30006001040003000200640104001F000000C0
:100E4000600104000400020064010400FF030000CC
:100E50006001040005000200640104001F0000009E
:100E600060010400060002006401040007000000A5
:100E70006001040007000200640104000400000097
:100E8000600104000800020064010400FFFF00008C
:100E90006001040009000200640104000000000079
:100EA000600104000A000200640104000000000068
:100EB000600104000B000200640104000000000057
:100EC000600104000C000200640104000000000046
:100ED000600104000D000200640104000000000035
:100EE000600104000E000200640104000000000024
:100EF000600104000F000200640104000000000013
:100F00006001040010000200640104001F000000E2
:100F100060010400110002006401040000000000F0
:100F200060010400120002006401040000000000DF
:100F300060010400130002006401040000000000CE
:100F400060010400150002006401040000000000BC
:100F500060010400160002006401040000000000AB
:100F6000FFFF00000000000086060200D00900001C
:100F7000800602003E3E0000820602003E020000A3
:100F8000000702003C00000084060200120200007C
:100F9000600104000300010064010200C0000000C1
:100FA0006001040003000100660102000A00000065
:100FB000600104000400010064010200140000004C
:100FC00060010400070001006401020083010000C9
:100FD000600104002500010064010200F40100002A
:100FE00060010400C5050100660102002B04000039
:100FF00060010400C6050100640102000001000058
:1010000060010400E1010100640102003C000000F5
:1010100060010400E60101006601020034000000E6
:1010200060010400EC0101006401020030000000D6
:1010300060010400F1010100660102002C000000C3
:1010400060010400F7010100640102002C000000AF
:1010500060010400FC01010066010200280000009C
:101060006001040002020100640102002800000087
:101070006001040007020100660102002800000070
:10108000FFFF000000000000ED9F8000C1AD800068
:10109000DDAE8000F9AB8000B5B0800065AF8000A8
:1010A000C9B08000DDB0800071AD800085AD8000EA
:1010B00009AC800005B18000FDAA8000A1B08000CD
:1010C00065AE800035AA800081A18000C5A18000A6
:1010D00031A880008DA8800019A8800079AF800019
:1010E000B1A68000ADAB80008DAB8000E5AB800089
:1010F0008DA380007DAB800079A28000F5A38000E5
:1011000045A7800045A0800039A1800065A380002C
:1011100039A0800055A080002D9F8000399F80005D
:1011200000000000000000000000000075A3800027
:1011300061A8800039A8800071A2800095A7800076
:10114000219F8000199F8000B9A0800085A08000A9
:10115000E59E8000280000000F0000000401000050
:10116000080700000007070000070400000004044F
:101170000000040000000001010000000000000069
:101180000303000000000000000000000000000059
:10119000B10800000000000004040404040104007D
:1011A000E20400080A0000006A10000000000000CD
:1011B0000000000031060000DDC88D0004040404B6
:1011C00004010400E20400080A0000006A100000A4
:1011D0000000000000000000310400008C2EBA0066
:1011E0000404040404010400E20400080A000000EE
:1011F0006A10000000000000181800000000000045
:1012000000060600000000000000000000000000D2
:10121000311900000000A0000C0C0C0C0A030400A3
:10122000E20400080A0000006A100000000000004C
:1012300000000000B1120000277662000C0C0C0CBC
:101240000A030400E20400080A0000006A1000001B
:101250000000000000000000B10C00001443FD007D
:101260000C0C0C0C0A030400E20400080A00000045
:101270006A100000E02E0101015000000000000093
:10128000C832020101490000899DD800403803019D
:1012900001420000AAAAAA00003C0401013E00008D
:1012A00000008000483F0501013B0000D05E420085
:1012B000A04106010139000049922400004B0701BA
:1012C0000132000000000000584D0801013000000C
:1012D000071F7C00204E09010130000000000000C3
:1012E000C05D0A010128000000000000A8610B0198
:1012F000012600006666660090650C01012400006E
:10130000C44EEC0030750D0101200000000000000B
:1013100040830E01011C00002449920018920F0224
:1013200001330000F93E5600009610020132000021
:1013300000000000409C110201300000000000008D
:1013400080BB1202012800000000000020CB130225
:1013500001240000C44EEC0000000000000000006A
:1013600000000000626F617264666C616773330035
:1013700073707572636F6E6669670000000000002D
:1013800000000000B1190000ABAA0A000B0C0C0C05
:101390000A030400E20400080A0000006A100000CA
:1013A0000000000000000000B1120000143BB1007A
:1013B0000B0C0C0C0A030400E20400080A000000F5
:1013C0006A1000000000000000000000310D000065
:1013D0007A0534000B0C0C0C0A030400E20400082C
:1013E0000A0000006A100000000000001210000057
:1013F000000000000000000000000000B119000023
:10140000000040000C0C0C0C0A030400E20400086D
:101410000A0000006A100000000000000000000048
:10142000B1120000FF88D8000C0C0C0C0A03040059
:10143000E20400080A0000006A100000000000003A
:1014400000000000B10D0000F0FF4E000C0C0C0C71
:101450000A030400E20400080A0000006A10000009
:1014600006000000BC010000C5420000314200003F
:1014700089450000780000000100000039400000AC
:101480003F40000041400000800000006800000074
:10149000FB440000F7440000D144000067E6096AFD
:1014A00085AE67BB72F36E3C3AF54FA57F520E5185
:1014B0008C68059BABD9831F19CDE05B982F8A42BE
:1014C00091443771CFFBC0B5A5DBB5E95BC2563996
:1014D000F111F159A4823F92D55E1CAB98AA07D8AE
:1014E000015B8312BE853124C37D0C55745DBE72D1
:1014F000FEB1DE80A706DC9B74F19BC1C1699BE451
:101500008647BEEFC69DC10FCCA10C246F2CE92DE0
:10151000AA84744ADCA9B05CDA88F97652513E9804
:101520006DC631A8C82703B0C77F59BFF30BE0C60B
:101530004791A7D55163CA0667292914850AB72799
:1015400038211B2EFC6D2C4D130D385354730A6536
:10155000BB0A6A762EC9C281852C7292A1E8BFA20D
:101560004B661AA8708B4BC2A3516CC719E892D175
:10157000240699D685350EF470A06A1016C1A419F8
:10158000086C371E4C774827B5BCB034B30C1C39F7
:101590004AAAD84E4FCA9C5BF36F2E68EE828F74B6
:1015A0006F63A5781478C8840802C78CFAFFBE90D0
:1015B000EB6C50A4F7A3F9BEF27871C6012345671E
:1015C00089ABCDEFFEDCBA9876543210F0E1D2C38D
:1015D000142030401C2010776C25640025303478AE
:1015E00000776C25643A2025732025732076657278
:1015F00073696F6E20257320465749442030312D82
:1016000025780A004E6F7620323920323032310090
:1016100032323A34393A30390061702000737461E3
:101620002000776D6520003830322E313164200083
:101630003830322E3131682000726D2000636163D2
:101640002000616D7064752000616D7064755F7459
:10165000782000616D7064755F72782000616D7331
:10166000647572782000616D7364757478200072FF
:101670006164696F5F7077727361766520007032A4
:101680007020006D6368616E200064667274732060
:1016900000747870777263616368652000737462A8
:1016A000632D74782000737462632D72782D31730A
:1016B000732000776E6D20006273737472616E73B5
:1016C00020006D667020007361652000696461759B
:1016D00074682000746B6F2000776C63006770691A
:1016E0006F6F757400000000E15601000200008079
:1016F000080000003D6F8900E200000001000000CA
:1017000000000000000000000000000002000000D7
:1017100000003131640031316800313175005458B6
:10172000204D435320203A0020202564282564259D
:101730002529000A20202020202020203A00000017
:10174000A187890007008000010000000000000060
:1017500000000000000000005258204D435320209C
:101760003A006170707300615F77706100615F774C
:101770007061690025733A20686F73745F656E61EC
:10178000622025640A006273736366670062746393
:10179000006274635F646F735F7374617475730068
:1017A000955701000E000000070000000000000037
:1017B0000000000000000000636D005F5F004B52FE
:1017C00000000000BC580100E0ED880000000000AF
:1017D00000000000B058010000000000AA580100FD
:1017E000A458010000000000000000008058010023
:1017F0002C590100885801007FB200000000000051
:1018000000000000000000000000000000000000D8
:1018100000000000000000000000000000000000C8
:1018200000000000905801000000000000000000CF
:1018300000000000000000000000000000000000A8
:101840000000000000000000000000000000000098
:101850000000000000000000000000000000000088
:101860000000000000000000000000000000000078
:101870000000000000000000000000000100000067
:10188000B158010000000000000000003230323189
:101890002D31312D32392032323A34323A3434005B
:1018A0000000FF0000000000FF00000000236E00A9
:1018B0000000FFFFF000000000000000000000003A
:1018C000434C4D204441544100000C000200392E8D
:1018D00031302E333900000000000000000000000D
:1018E0000000312E32392E3400000000C4580100AF
:1018F000C8570100436C6D496D706F72743A2031A6
:101900002E33362E330000000000000000000000DF
:10191000000042726F6164636F6D2D302E300000E5
:1019200000000000000000000000000000000000B7
:10193000636E7472790064756D705F696E666F00B6
:10194000138589000000004008000000000000002E
:1019500000000000000000006576656E747100668E
:1019600062740000115A010016000000775A01004D
:10197000180000008F5A01001B000000275A0100C8
:101980001C0000009CEF88000E000000DA590100E6
:1019900033000000DA59010033000000435A01000F
:1019A00034000000435A010034000000435A010093
:1019B000340000009BEF880001000000D0590100B6
:1019C0000A0000009AEF8800010000000310303682
:1019D000373839F4FFDD0001020304060708092047
:1019E000252829232A32300B0C424746333F4043F7
:1019F000363A3C3B2D3D484A7F596145626B6C6FDE
:101A000070BFC0C3C4C744F4DD69656D0000013216
:101A10002124302E46363B2D487F595E6BBFC7448C
:101A200085F4DD01320C354146303637393A382DF0
:101A30003D484A7F5A5F58646EBFC0C744F4DD001A
:101A400001020304060507080920252829232A3254
:101A5000300B0C2E333F4043424746363A3C3B2D39
:101A60003D484A7F5659456B6C6F70BFC0C3C4C7B1
:101A700044F4DD01320C35414636373A382D3D48C5
:101A80004A7F5A5F6EBFC0C744F4DD000132212493
:101A9000302E463637393B2D487F595E57636BBF32
:101AA000C744859CF4DD696572006C71004449523D
:101AB0004543542D007068790000A40400400000E4
:101AC000A40400800080D00420000000A404FF01D2
:101AD0000000A40400040004A504FF032C01A504D5
:101AE00000E000A0A504001C00000D04FF0340005E
:101AF0000D0400700040A204FF034000A204007027
:101B00000040A804FF000100D004C07F00000C05C5
:101B1000FF010000A60400800080A604FF01FF0072
:101B20009A04FF01FF00F40900800080F4090038E6
:101B30000020F409FF0337009904FF0378009F0495
:101B400000C000409F04FF039001D7040800080074
:101B5000D70400700020AC093C001400F809040010
:101B60000400706B745F66696C746572000000003D
:101B70000C000000FFFFFFFFFFFFFFFFFFFFFFFF65
:101B800070726F745F670070726F745F6E00000038
:101B9000EC5B01000700000007000000FD5B010096
:101BA000060000000100000000000000000000002E
:101BB00000000000534145204861736820746F2085
:101BC000456C656D656E7420753120503100534150
:101BD00045204861736820746F20456C656D656EA3
:101BE00074207532205032007361655F6D61785FDB
:101BF0007077655F6C6F6F70007361655F7077659C
:101C00005F686E705F656E61626C6500405C0100CC
:101C10002700000007000000585C010028000000B9
:101C2000070000006E5C01002600000007000000B5
:101C30000000000000000000000000007374665FF8
:101C400074656D705F6D696E5F647574795F6379DB
:101C5000636C65007374665F74656D705F6D6F6E45
:101C600069746F725F74696D65007374665F746523
:101C70006D705F7468726573680069647375700075
:101C8000747063007478630077617069000000000D
:101C9000000000000000000000000000600A0000DA
:101CA00080380100736470636D6465760000000025
:101CB00000000000005D01000000000000000000C6
:101CC0000000000000000000000000000000000014
:101CD000C5DF800045F6800059F68000C9DF80002E
:101CE000BDDF800089DF800051DD80000000000042
:101CF00055F680000000000000000000C57C0100D7
:101D0000A17C01008B7C0100E1F680000000000056
:101D1000A5F68000F9F68000C1F68000EDF680009F
:101D20000000000000000000000000001588010015
:101D3000698801000000000011880100258C010065
:101D4000F589010059890100000000000000000031
:101D5000000000000000000000000000C589010034
:101D6000000000001D1E1C0B80BA8C0100C2010087
:101D7000F20000008100000010000000C0AD3A0237
:101D800000C20100EC000000810000002200000001
:101D9000776C000000000000000000000000000060
:101DA000C05D010000000000000000000000000015
:101DB00000000000000000000000000035E201000B
:101DC0001D8E8100E9898100298F810000000000BB
:101DD000B58C810000000000FD8D81000000000036
:101DE00000000000000000000000000001000300EF
:101DF0000300060000000300030003000E000D00B6
:101E00000E000E000E00020009000C000A0008007F
:101E10000D00010009000C000A0008000D0001007F
:101E200009000C000A0008000D00010009000C0068
:101E30000A0008000D0001000A000D000B00090057
:101E40000E0002000A000D000B0009000E00020047
:101E50000900390016000E000E00050009003900C7
:101E600016000E000E0005000A000D000B00090010
:101E70000E0004000A000D000B0009000E00020015
:101E80000A000D000B0009000E0002001400BF0044
:101E9000C0001500110005001400BF00C0001500AF
:101EA000110005001400BF00C0001500110005005E
:101EB0001400BF00C0001500110005001400BF0091
:101EC000C0001500110005000900390016000E00C1
:101ED0000E0005000900390016000E000E00050076
:101EE0001400BF00C00015001100050009003900F2
:101EF00016000E000E0005000900390016000E0045
:101F00000E0005009600DE00DF0015001100050040
:101F10001400BF00C00015001100050009003900C1
:101F200016000E000E0005000900390016000E0014
:101F30000E0005000900610016000E000E000500ED
:101F40000900390016000E000E0005000C00B60056
:101F500019001100110008000900390016000E00D8
:101F60000E0005000900B60019001100110008005C
:101F70000900B60019001100110008000900B600A0
:101F800019001100110008000900390016000E00A8
:101F90000E0005000900B60019001100110008002C
:101FA0000800370016000E000E0005000900B600FC
:101FB00019001100110008000000000000000000DE
:101FC0000000000000000000000000000000000011
:101FD0000000000000000000000000000000000001
:101FE00000000000000000000000000000000000F1
:101FF00000000000000000000000000000000000E1
:1020000000000000000000000000000000000000D0
:1020100000000000000000000000000000000000C0
:1020200000000000000000000000000000000000B0
:1020300000000000000000000000000000000000A0
:102040000000000000000000000000000000000090
:102050000000000000000000000000000000000080
:102060000000000000000000000000000000000070
:102070000000000000000000000000000000000060
:102080000000000000000000000000000000000050
:102090000000000000000000000000000000000040
:1020A0000000000000000000000000000000000030
:1020B0000000000000000000000000000000000020
:1020C0000000000000000000000000000000000010
:1020D0000000000000000000000000000000000000
:1020E00000000000000000000000000000000000F0
:1020F00000000000000000000000000000000000E0
:1021000000000000000000000000000000000000CF
:1021100000000000000000000000000000000000BF
:1021200000000000000000000000000000000000AF
:10213000000000000000000000000000000000009F
:10214000000000000000000000000000000000008F
:10215000000000000000000000000000000000007F
:10216000000000000000000000000000000000006F
:10217000000000000000000000000000000000005F
:10218000000000000000000000000000000000004F
:10219000000000000000000000000000000000003F
:1021A000000000000000000000000000000000002F
:1021B000000000000000000000000000000000001F
:1021C000000000000000000000000000000000000F
:1021D00000000000000000000000000000000000FF
:1021E00000000000000000000000000000000000EF
:1021F00000000000000000000000000000000000DF
:1022000000000000000000000000000000000000CE
:1022100000000000000000000000000000000000BE
:1022200000000000000000000000000000000000AE
:10223000000000000000000000000000000000009E
:10224000000000000000000000000000000000008E
:10225000000000000000000000000000000000007E
:10226000000000000000000000000000000000006E
:10227000000000000000000000000000000000005E
:10228000000000000000000000000000000000004E
:10229000000000000000000000000000000000003E
:1022A000000000000000000000000000000000002E
:1022B000000000000000000000000000000000001E
:1022C000000000000000000000000000000000000E
:1022D00000000000000000000000000000000000FE
:1022E00000000000000000000000000000000000EE
:1022F00000000000000000000000000000000000DE
:1023000000000000000000000000000000000000CD
:1023100000000000000000000000000000000000BD
:1023200000000000000000000000000000000000AD
:10233000000000000000000000000000000000009D
:10234000000000000000000000000000000000008D
:10235000000000000000000000000000000000007D
:10236000000000000000000000000000000000006D
:10237000000000000000000000000000000000005D
:10238000000000000000000000000000000000004D
:10239000000000000000000000000000000000003D
:1023A000000000000000000000000000000000002D
:1023B000000000000000000000000000000000001D
:1023C000000000000000000000000000000000000D
:1023D00000000000000000000000000000000000FD
:1023E00000000000000000000000000000000000ED
:1023F00000000000000000000000000000000000DD
:1024000000000000000000000000000000000000CC
:1024100000000000000000000000000000000000BC
:1024200000000000000000000000000000000000AC
:10243000000000000000000000000000000000009C
:10244000000000000000000000000000000000008C
:10245000000000000000000000000000000000007C
:10246000000000000000000000000000000000006C
:10247000000000000000000000000000000000005C
:10248000000000000000000000000000000000004C
:10249000000000000000000000000000000000003C
:1024A000000000000000000000000000000000002C
:1024B000000000000000000000000000000000001C
:1024C000000000000000000000000000000000000C
:1024D00000000000000000000000000000000000FC
:1024E00000000000000000000000000000000000EC
:1024F00000000000000000000000000000000000DC
:1025000000000000000000000000000000000000CB
:1025100000000000000000000000000000000000BB
:1025200000000000000000000000000000000000AB
:10253000000000000000000000000000000000009B
:10254000000000000000000000000000000000008B
:10255000000000000000000000000000000000007B
:10256000000000000000000000000000000000006B
:10257000000000000000000000000000000000005B
:10258000000000000000000000000000000000004B
:10259000000000000000000000000000000000003B
:1025A000000000000000000000000000000000002B
:1025B000000000000000000000000000000000001B
:1025C000000000000000000000000000000000000B
:1025D00000000000000000000000000000000000FB
:1025E00000000000000000000000000000000000EB
:1025F00000000000000000000000000000000000DB
:1026000000000000000000000000000000000000CA
:1026100000000000000000000000000000000000BA
:1026200000000000000000000000000000000000AA
:10263000000000000000000000000000000000009A
:10264000000000000000000000000000000000008A
:10265000000000000000000000000000000000007A
:10266000000000000000000000000000000000006A
:10267000000000000000000000000000000000005A
:10268000000000000000000000000000000000004A
:1026900000000000000000002DE9F84305468846D0
:1026A000FBF33EF200212846FBF382F30446284662
:1026B0006E69AF69F3F3F0F30A2E814616D90F2E37
:1026C00016D02846FAF31EF5142E054603D9A36842
:1026D00023F00803A360A368142E43F00103A36052
:1026E00014D9A36843F00803A3600FE0022E0FD9AA
:1026F0002846FAF375F5D4F8A430054623F0FF0315
:1027000043F00203C4F8A430022303E0012301E0F4
:10271000104D3023A268D20707D407F01802082A08
:102720000CBFB5FBF3F54FF4E11507F003070026E6
:102730000BE004F54073B8F1000F05D03002181813
:1027400049462A460023C0470136BE42F1DBBDE8B8
:10275000F88300BF00C63E052DE9F84316469846AB
:1027600004460D46FAF374F5002107462046FBF3B4
:102770001FF3002281461346134988184068B0B9F8
:102780000C225343CA18CE505560C2F80880204628
:10279000FBF3C6F1D9F824300C4D1E432E602046C1
:1027A000FBF3BEF12B680125C9F8243004E00133A6
:1027B0000C32052BE0D1002520463946FBF3F8F218
:1027C0002846BDE8F88300BFBC5F0100E4030000B9
:1027D00038B5124C002148222046F0F365F4104A27
:1027E000012384E80C0000250E491F2204F10C008F
:1027F000F0F332F584F82B50F5F31CF34FF400237B
:10280000A3634FF40003E363074B20632364074B88
:102810006563DB696564A36038BD00BF18600100B3
:1028200044454247403901001C2B090070600100FB
:102830004369142B01DDFAF317B57047436910B5EE
:102840000A2B04460ADD064901220346FFF784FFEE
:1028500020460121BDE8104007F096BA10BD00BF28
:1028600089160000C36910B5590704460CD5074BFB
:1028700000221968FBF3B4F00549204610222346D4
:10288000BDE81040FFF768BF10BD00BF2C0400007A
:10289000FDB18000134B13B51360134601E0114CDA
:1028A0001C600433ADF17C04A342F8D3C41C24F0B3
:1028B00003040D4B091B0D481960002303600C48ED
:1028C000083903600B4884E80A0003600A48026084
:1028D0000A4802F500520260094A1360EAF7C6FE90
:1028E00044601CBD4B415453F40300001404000029
:1028F00048040000046001006860010010600100ED
:10290000F003000008B500211420EAF7BDFE054BD6
:10291000002118601422F0F3C7F3BDE80840F5F376
:1029200001B100BF300400002DE9F0474D1C2946DD
:10293000824605F0A1FB134C206000B34FEA8509E5
:1029400048460021EAF7A0FE0F4F804638600F4E40
:1029500068B14A460021F0F3A7F320680021F0F3A4
:102960003FF73B6800221A603560BDE8F0875046AB
:10297000216805F0D5FBC6F80080C4F80080BDE8EA
:10298000F08700BFF8030000E80300000404000023
:10299000F0B5184F85B00F21386805F0C3FA0F283D
:1029A00003903E4624D184200021EAF76DFE124CAC
:1029B0002060D0B100218422F0F376F300250123BA
:1029C00004AA42F8043D00950195386821684FF447
:1029D000F06305F0D5FA0130206803D03221ECF71E
:1029E00051FA05E0EAF7D8FE2560306805F0B8FA3C
:1029F00005B0F0BD2C04000044040000B1F5E06F08
:102A000073B504460E46154606D1036900910021B0
:102A100001911E680A460CE00D4B00221868FBF37A
:102A2000B9F1014680B123690022009601921E6827
:102A300020462B46B04738B1064BA0611A68656145
:102A400022621C60002001E04FF0FF307CBD00BF1F
:102A500000040000F85F01002DE9F84310200C4647
:102A6000002191469846EAF70FFE054620B3144E22
:102A70003068FAF3EDF3099B074623B93068214625
:102A80004A46FBF387F13068FAF35CF50123834093
:102A9000089AEB60AA600B4AC5F8048011681560BB
:102AA000094A2960116830680B4313603946FBF30B
:102AB0007FF10020BDE8F8836FF01A00BDE8F883CD
:102AC000000400003C0400001004000013B50021C5
:102AD0000446FBF36DF1174B1860174B00F570605F
:102AE00018606369222B12DDE36958060FD540F6A2
:102AF000270100222046FAF311F501462046FBF398
:102B000057F10E4B002118602046FBF351F10020D5
:102B10004FF4006102460A4B00900190FFF79CFFC2
:102B200028B1012002B0BDE81040F4F377B602B03E
:102B300010BD00BF240400009460010034040000B4
:102B4000E9B1800073B5374B374C0193374B002107
:102B5000202220461D682669F0F3A6F20123236097
:102B6000334B26611B68E36145F8044C00F048FCD8
:102B7000ADF5FE513C390A462E48FFF78BFEF4F3C3
:102B80003DF3F4F3A5F700F073F8FFF721FE002002
:102B900006F0D4FD284D294C286007F00FFA20607C
:102BA000FFF794FFFFF7AEFE206800F029FB2068D6
:102BB00006F0E8FD224B20681A6802F580321A60A0
:102BC000204B1A6802F580321A601F4B1A6802F512
:102BD00080321A6000F0C0F800221C481C49F5F34E
:102BE000E7F002221B481C49F5F3E2F000221B48E3
:102BF0001B49F5F3DDF000221A491B48F5F3D8F024
:102C00002068FFF715FE2068FFF718FE2068FFF721
:102C100029FE286840F28F11FFF786FEFFF7B8FE05
:102C200020687CBDADDEADDE70600100945C01000B
:102C3000906001008C6A03002C0400000004000076
:102C4000F403000014040000046001008DDA890020
:102C5000891900001385890041B48000943B01006C
:102C600091B680001DB28000973B010070470000C4
:102C700070B5174D2C682CBBB0202146EAF704FD37
:102C8000286010B32146B022F0F30EF24FF48060BA
:102C900021462E68EAF7F8FCB060286886681EB9FD
:102CA000EAF77AFD2E600DE04FF48062C2602146A3
:102CB0003046F0F3F9F12B68064A20461360064AC5
:102CC000536170BD4FF0FF3070BD4FF0FF3070BDED
:102CD000A8600100500400007060010070B5184C3D
:102CE0000546236833B9174E33680BB9FFF7C0FFA9
:102CF00033682360206808B300230360C0F89C3069
:102D00004360012380F8A4306B6C0E3B012B03D988
:102D100028460D49FFF7C0FC0C4B9A6812B1226897
:102D2000C2F89C3020680123C0F89C30F5F31EF0F7
:102D3000074808492268F5F33BF0206870BD00BFE2
:102D400050040000A8600100716C0100986001004F
:102D5000242B870011BE800010B5002304461022EA
:102D60000A49FFF7F9FC00212046FAF365F7002233
:102D700020464FF4A051EDF76DFF054B0022204691
:102D80009A60BDE81040FFF7A9BF00BFE5BC800016
:102D90009860010038B504460D4651B11020F5F396
:102DA0009FF1044B186020B180E830004FF4F063CD
:102DB000836038BDAC600100134B02461B6800689D
:102DC00010B500F47041DC1E090B042C08D800F487
:102DD0007060000A0E30012313FA00F0484310BD62
:102DE000072B0CD8002010BD43F480741461146CC0
:102DF000013304F07F0401346403001901E000236F
:102E000018468B42F0D110BD501400000368406892
:102E1000181823F00703083398428CBF00200120C4
:102E200070470000044B054A186890421ABF00F131
:102E300008021A6000207047A05C0100001000002A
:102E40002DE9F34190E8480023F00704083413F01B
:102E5000070202D19D19AC424AD035468068002253
:102E600003E0875C0DF802700132B242F9D19E187E
:102E7000A64204D900293DD0361B951B00E0002650
:102E800023F00707C7EB030C002204E012F80780C9
:102E900000F8028001326245F8D18218002003E078
:102EA0001DF8007017540130A842F9D15B1952196E
:102EB000E71A002004E013F800C002F800C0013057
:102EC000B842F8D1002E18DD00AB5D190023EA5C92
:102ED000CA540133B342FAD1C918E4180022C3F12D
:102EE000080302E0A05C885401329A42FAD104E05F
:102EF000104603E04FF0FF3000E00020BDE8FC8109
:102F00002DE9F0471C4B1D4C0026C4EB03081C4B5D
:102F10004FEAA80803FB08F8474629E02368D4F8DD
:102F200008A023F0070900251AF8052015F8093034
:102F30009A4202D00120F4F371F40135082DF3D147
:102F40002046FFF763FF88B90E4B054603EBC70A1F
:102F5000013705EB09031AF805201B7A9A4202D0C3
:102F60000120F4F35BF40135082DF2D101360C3465
:102F70004645D3DBBDE8F087901300000010000049
:102F8000ABAAAAAA00080000144B2DE9F0471B6861
:102F9000134D9B68134F03F00F097F1B0123124A47
:102FA00003FA09F9BB1002FB03F80026444606E0C9
:102FB0002846FFF72BFF00B9013401360C35464592
:102FC000F6DB2246BB104FF0553404FB03230748C1
:102FD0004946BDE8F047F0F38DB000BF4C14000047
:102FE0000010000090130000ABAAAAAAA93B0100A0
:102FF00041F4003138B5426304460163652502E0BF
:103000000A20F4F355F5236B002B01DB013DF7D1CA
:1030100038BD836A43F0004383627047836A23F0BC
:10302000004383627047F8B58668054601240F4661
:1030300006F00F06FFF7F2FF14FA06F6AC62EF6235
:10304000002405E0A1B228460022FFF7D1FF013499
:10305000B442F7DBF8BD00002DE9F041FFF7E2FED6
:10306000194E1A4BDFF87080194FF61A194BC8EB3E
:103070000707002814BF05461D4604465D1BFFF7E1
:1030800083FF47B1002140463A46F0F30DF0404639
:103090003946F4F383F146B100210C483246F0F38F
:1030A00003F00A483146F4F379F155B10021204686
:1030B0002A46EFF3F9F720462946BDE8F041F4F33C
:1030C0006DB1BDE8F08100BF90130000001000005A
:1030D0000008000000100000C5040000424B2DE96C
:1030E000F74F1D6841492846FFF79DFF404A414B75
:1030F000A968D31A404A9B105A43019271D001200B
:1031000001F00F0110FA01F18A4201DDF4F386F3B8
:103110002846FFF751FE394BA0F1040B1A68994677
:103120000E2A01D8861000E001264FF00008314C2D
:103130004CE06368013B072B01D8A36813B9012059
:10314000F4F36CF32046FFF761FE38B9FFF76AFE2F
:10315000074620B90120F4F361F300E00027204680
:103160003946FFF76DFE10B10120F4F357F3DFF895
:103170007CA0A1682268D9F80030CAEB010122F0D6
:103180000702C9100E2B96BF02EA0B02324346EA31
:10319000920289B22846FFF72BFFA7B12268D9F81F
:1031A000003022F00702CAEB07010832C9100E2BCB
:1031B00098BF02EA0B0289B28CBF324346EA920200
:1031C0002846FFF715FF08F101080C34019B9845CC
:1031D000AFDB2846FFF71DFF03B0BDE8F04FFFF758
:1031E0008FBE03B0BDE8F08F4C1400000008000053
:1031F0009013000000100000ABAAAAAA501400000F
:103200002DE9F7430446FAF38BF4204600F008FA60
:103210006B48EAF71DF92046F2F334F600F57870B2
:103220004FF47A730730674FB0FBF3F038602046F5
:10323000F2F328F6644B654AC3186169B3FBF2F3F5
:10324000634A22291360634E634D04DDE369580627
:1032500001D5336800E02B6803F5C2630433D3F86B
:1032600000E030682B68222905DDE269520602D5AC
:1032700000F5C26201E003F5C262043212689645AD
:10328000F1D0222905DDE269520602D500F5C263BC
:1032900001E003F5C2630433D3F80080EAF7B8F81D
:1032A0003168814660692A681025222805DDE369B6
:1032B0005B0602D501F5C26301E002F5C263043387
:1032C0001B689845F1D0222805DDE3695E0602D52A
:1032D00001F5C26301E002F5C2630433013DD3F896
:1032E0000080E2D1EAF794F83A68C9EB0006B2FA36
:1032F00082F39A40191FB2FBF6F2384B01321A6082
:103300004FF47A73A2FB03233548CA400160C1F130
:10331000200113FA01F08018ECF742FB396804230E
:103320000FE0B5FA85F2B6FA86F0013A8242A8BFFC
:103330000246964095409B18B6FBF1F201FB1266DF
:10334000551915F0404FECD0264A1360264B40F239
:10335000FF321D60236A002B244BC8BF6FF07F42F1
:103360001A606369222B0CDDE369580609D5002039
:1033700040F6270102461E4B00900190FFF76CFBC0
:1033800005E020461A4920220023FFF7E5F9002036
:103390001849F0F301F5184D286078B10120F4F3D5
:1033A0006DF220462D68F2F36DF5B5FBF0F04FF4A9
:1033B0007A754543114BA5F5FA651D60BDE8FE839E
:1033C000E91E0000A45C01003F420F0040420F00D4
:1033D000B40300003404000024040000A80300002B
:1033E000AC030000A4030000A0030000B003000031
:1033F00019B980008C85020084040000800400005C
:103400000D4B00211A6842F010021A601A6822F46B
:1034100000721A60094A136843F0807343F48033E2
:103420001360074B07221A6043F8041C59685A605E
:10343000044B20221A60704714ED00E0FCED00E020
:10344000241000E000E400E070B504460E46FAF3F4
:1034500067F32046F9F3FCF60546EAF75BFD40F614
:103460002A0102462046FAF395F48269436926B19F
:1034700042F0004243F0004303E022F0004223F018
:1034800000438261294643612046BDE87040FAF35B
:103490008FB42DE9F84304461E4690460D46FAF3D4
:1034A0003FF32046F9F3D4F641463246074620461C
:1034B000FAF370F42046FAF345F00646EAF72AFDDF
:1034C00040F62A0102462046FAF364F44FF0010860
:1034D000814685B108FA06F5836933EA050502D10C
:1034E0004046E9F787FF01360120B040E9F774FF55
:1034F000C9F818500EE0701C08FA06F608FA00F039
:10350000E9F778FF4046E9F767FFD9F818301E431E
:10351000C9F8186020463946BDE8F843FAF348B4C4
:10352000034630B1002000E01046421C5B08FBD18E
:10353000704770470346032B10B510460C461DD844
:10354000FAB1022B0BD0032B14D0012B03D0FFF7C1
:10355000E7FF0D4B06E0FFF7E3FF0C4B02E0FFF740
:10356000DFFF0B4B186043F8044C5A6804225A6082
:10357000002010BDFFF7D4FF064BF3E76FF001000A
:1035800010BD6FF0010010BD241000E0341000E009
:10359000441000E0541000E050B1431E034207D035
:1035A000002300E013465A1C4008FBD1012098403C
:1035B0007047000070B5EAF7E3F90446EAF7DAF974
:1035C000164E241826F4FE4626F0FF0606F50046A1
:1035D000A41B1ED00125B4F5004F0FD32846314659
:1035E0004FF40042FFF7A6FFB0B90135EDB2042D4C
:1035F000A4F5004406F50046EDD170BD20465CB14F
:10360000FFF7CAFF314602462846BDE87040FFF783
:1036100091BF4FF0FF3070BD70BD00BF8C6A0300DA
:103620002DE9F8430446FAF37BF2204640F60E01FA
:103630000022FAF3AFF30546002838D02046FAF30B
:103640006BF2014618B920460A46F9F3F5F5204613
:103650002F68D5F80080F9F303F60428064605D84C
:1036600025D108F4E028B8F5403F20D1002050498A
:10367000F0F392F3D8B907F0F0073F090FE0013FEC
:10368000072E2F6108D90C2E06D02B6C03F4406353
:10369000B3F5406F00D010B1464B01206B61002F95
:1036A000EDD1D5F8E83123F01003C5F8E831EAF799
:1036B00031FC40F62A0102462046FAF36BF33E4DF8
:1036C00006462860EAF726FC314602463B48EFF3FF
:1036D00011F52046F9F3C4F5394B18602B681A68C8
:1036E00042F080721A601A6842F002021A600022E8
:1036F000C3F8E0216269272A05DDD3F8E02142F012
:103700004002C3F8E02140F2DD5602E00A20F4F363
:10371000CFF12B68D3F8E0319B0301D4013EF5D102
:1037200000210B4620464FF40062FFF7B2FE002155
:103730000B46204640F61202FFF7ABFE00210B4677
:10374000204640F62902FFF7A4FE20460121FFF79C
:103750007BFE00201B49F0F31FF300B32046F9F372
:1037600077F50646EAF7D6FB40F62A0102462046E0
:10377000FAF310F3D0F814900746D0F8988020465A
:10378000F9F366F50123834043EA09037B6148F0BE
:103790000103C7F8983020463146FAF309F32B6845
:1037A0001A6A42F003021A62BDE8F843FFF702BF4B
:1037B00097850200FF7F0121B0600100BB3C010042
:1037C000B8600100A28502000721C0F8A4114021C1
:1037D000C0F8A8114FF4F061C0F8C8111821C0F862
:1037E000CC1108210122C0F8D01106210A23C0F80B
:1037F0009C21C0F8B021C0F8DC11C8221C21C0F8FF
:103800009831C0F8B42120231022C0F8E0110C2117
:10381000C0F8A031C0F8BC31C0F8C031C0F8C42134
:10382000C0F8D431C0F8E4110323C0F8E821042122
:10383000C0F8F0210022C0F8D831C0F8EC11C0F86F
:10384000F421C0F8FC21C0F80032704741F2E44393
:10385000984206D144F2F4300B1A584240EB030070
:10386000704700207047D0F81C1238B5044659B193
:10387000806804F0D0FB0546D4F81C02F4F33CF455
:103880000023C4F81C3200E00D46284638BD7FB541
:103890000446062384200393F4F31CF4C4F81C02AA
:1038A000B8B100218422EFF3FFF300251C23A068A8
:1038B000D4F81C1203AA0095019504F061FB06469A
:1038C000013008D1D4F81C02F4F316F4C4F81C52E9
:1038D00001E04FF0FF36304604B070BD2DE9F041F5
:1038E00004460D461646984640F2E93702E00A20A3
:1038F000F4F3DEF063691A6D002A04DA013FF6D1B1
:103900003846BDE8F081069A46443602B2F1807F1F
:1039100046F0004603D12A7842F08072B6181E6540
:1039200040F2E93602E00A20F4F3C2F063691B6D4D
:10393000002B03DB2B700120BDE8F081013EF2D1AA
:103940003046BDE8F08100002DE9F0438BB01D4604
:10395000DDF848909F4B0846C3F800901146174683
:10396000FFF774FF002800F030814FF40B70F4F380
:10397000B1F30446002800F0298100214FF40B72B6
:10398000EFF392F3A560C4F814902046FFF71CFFF4
:10399000914B1E68C4F818621EB13678003618BF05
:1039A000012604F12808404602214122F0F382F466
:1039B0000023009301930293384629464A46139BFD
:1039C00006F024FBE060002800F0FA80F9F338F4F8
:1039D0002060E068F9F344F46769804A7B688049B5
:1039E00003F0010383F00103D4F800C0002B18BFDB
:1039F000114684F87A3140F629039C456060D4F87A
:103A000008E0E26807F5007303D110B107F5087705
:103A100001E007F504770097D4F8BC010190D4F8D1
:103A2000C0010290D4F8C80103904FF0FF30049019
:103A3000D4F8C40105900820069000200790704635
:103A400004F04EFC6062002800F0BA80D4F818122E
:103A5000644FB9B10B78ABB1D7F8B0309847624931
:103A60002246D4F81802F0F32DF3D4F818025F4977
:103A7000224604F0F1FA2EB12046FFF708FF002895
:103A800040F09E8002210A46D7F8B830606A984715
:103A900020460021E2682B4600F06EF920610028E4
:103AA00000F08E8000210B462046514AF3F336F594
:103AB0000023C4F8940184F87D314E48F5F304F0F6
:103AC00010B3EFF347F5012383404B48C4F884312A
:103AD000F4F3FAF710B1EFF33DF508B1D4F884012F
:103AE000C4F8880145490020F0F356F1030CA4F80E
:103AF0008C31A4F88E013BB100212046404A0B4690
:103B0000F3F30CF5C4F8900100203E49F0F344F1C2
:103B1000012808BF84F822022046F6F391F4002819
:103B200035D000200125C4F8A40184F82A52364972
:103B3000F0F332F120B184F805523448EFF3DAF2B1
:103B400000203349F0F328F1C0B28DF8260068B1A7
:103B500000F00F004FF080730AA901F8020D4FF436
:103B60004072009320460F23FFF7B8FE0AA90823EE
:103B700001F8013D636900221D6F1A674FF08073E1
:103B800000932046F023FFF7A9FE63691D672149D2
:103B900022462148F4F30CF12048F3F3ABF7204B15
:103BA00004F58472511C1A600332DA60D4F8F020F4
:103BB000596004F585719960C3F810805A6105E079
:103BC0002046F4F399F2002400E0044620460BB0AE
:103BD000BDE8F0838804000044040000B9850200B9
:103BE000CB85020010A7880051E78000CDE7800058
:103BF00091F08000E08502000A8602000286020041
:103C0000EDE68000D5850200C1850200E98502004D
:103C1000AD85020095E68000E03C0100F9E28000FD
:103C2000BC60010038B50025044680F87951006970
:103C300000F0DEF82046F6F3F5F5E0682946F9F3E2
:103C4000F9F2D4F8940128B1F3F3ECF3D4F8940129
:103C5000F3F312F4D4F8900128B1F3F3E3F3D4F8BA
:103C60009001F3F309F4E06805F078FFD4F81C3212
:103C700023B11B7813B12046FFF7F5FD2046BDE8C0
:103C80003840F4F339B210B58469A068FFF7CAFF71
:103C9000E06805F061FD002010BD000010B58469EA
:103CA0000021342204F11C00EFF3FEF1034BA06865
:103CB00063622462F6F32AF3002010BD91F68000BF
:103CC0002DE9F347274D99462B680646072B0F46EB
:103CD000924640DC05F032FD80465020F4F3FAF1C4
:103CE000044600283AD000215022EFF3DDF12B6882
:103CF000A4F8149084E848002761C4F80C8020469A
:103D000041F2E4414A4643468DE88004FFF71CFE39
:103D1000A06010B300200A990B9A134B8DE8400461
:103D2000FEF79AFE074618B1A068FFF77BFF12E086
:103D3000A068F6F367F12B68A0610F210B4A3046AB
:103D4000EFF318F2F7730A483146EFF3D3F12B681B
:103D500001332B6002E0002400E004462046BDE869
:103D6000FC8700BFD4600100C1F6800033860200EA
:103D700013860200F4F3C0B12DE9F0411B4F9846C1
:103D80003B780546072B144626D85420F4F3A2F1BD
:103D9000064610B300215422EFF386F13B7800224F
:103DA00086F8443001333B700123B46086E820017B
:103DB000A6F84C20A6F85020A6F84E20A6F85220CF
:103DC000B3640420F4F386F10446306440B100216A
:103DD0000422EFF369F100E000263046BDE8F081EF
:103DE0003046F4F389F12646F7E700BFD8600100BA
:103DF000C26B1AB100235362826B5362C068FFF733
:103E0000B9BF0000054A064BD17E1970117F597069
:103E1000517F9970927FDA70704700BF8C6A0300FF
:103E2000906001002DE9F04F8FB0E9F7A9FD474EF2
:103E3000474D3368049005932B68B3F5805F00F21B
:103E40008180444F44493868EFF3A6F701287AD0BF
:103E50002B68DFF81C910393D9F8003000240693F7
:103E6000DFF810812368DFF810A10793D8F800303D
:103E7000DFF808B10893DAF80030384A0993DBF824
:103E80000030D7F800C00A93354B126819680C92BD
:103E90000B913449301D0968039A0D916146CDF8A4
:103EA00008C00193EFF37CF021462A683868EFF3ED
:103EB000FBF02D4A019BCAF800202849294A0498A2
:103EC0001C6014600C604FF0FF32311A3C60C9F87E
:103ED00000402C60C8F80040CBF80040EFF38CF7AE
:103EE0000599019BCA439042DDF808C029D1039A85
:103EF00006992A60C9F8001021681C4AC7F800C05A
:103F00001160079A08992260099AC8F80010CAF847
:103F100000200A990B9ACBF800101A600F490C9BED
:103F2000039A0B600D9B0F4960460B60311DEFF348
:103F300037F02A68301D21460FB0BDE8F04FEFF38F
:103F4000B3B0FEE7FEE70FB0BDE8F08F8C6A030068
:103F50009C5C0100985C0100828602004C14000009
:103F60004814000050140000DDBAADBB3814000046
:103F7000945C01004414000034140000401400005C
:103F800070470000774B2DE9F04F1B6891B0043B60
:103F9000012B03D8744B1868FFF7F2FFFEF7D2FD30
:103FA00000210446F9F334F720460021F9F300F725
:103FB000054658B12046F9F3B3F52B6A002B05DA14
:103FC0002046F9F3ADF54FF000432B62E9F7CBFF44
:103FD0002046F9F3CBF00EA90822EFF3F1F20246E6
:103FE0002046D4F840B00B92F9F38CF0824620467C
:103FF000F9F388F081462046F9F384F080462046A4
:10400000F9F3EEF007462046F9F3EAF006462046BB
:10401000F9F3E6F005462046F1F334F70146204671
:104020000C91F1F32FF784462046CDF834C0F1F31C
:1040300029F70B9A0C99DDF834C0029208F5424832
:104040004A4A05F5424500F542400AF5424A09F55B
:10405000424908F5A87807F5424706F5424605F5B6
:10406000A87501F542410CF5424C00F5A870B8FB6B
:10407000F2F8B5FBF2F50CF5A87CB0FBF2F00AF50E
:10408000A87A09F5A87907F5A87706F5A87601F5C5
:10409000A871B1FBF2F1DFF8F8E0BAFBF2FA02FB2B
:1040A0001899B7FBF2F702FB156602FB10C2CDF8B8
:1040B00004E0DFF8E0E02E4BB2FBFEF2B9FBFEF9C4
:1040C000B6FBFEF6089109922A492B4A2B48009329
:1040D000CDF80CB0CDF810A0CDF814900697079647
:1040E000EFF308F0264840F60D0144F2F432FEF7F3
:1040F00085FC38B1224840F6290144F2F432FEF73B
:104100007DFC20B91F4A204B1D4D1A6000E00025A0
:10411000204605F01BFE44F218334FF6FF72904222
:1041200014BF02461A4640F612011848FEF766FC14
:104130001649002818BF00214DB141B1124B284645
:104140001B685B6898472B6928465B689847204640
:10415000F9F3E6F42946FEF71DFE204611B0BDE84E
:10416000F08F00BF501400004C14000040420F00BC
:104170007D8602003F8602007E86020044860200A1
:10418000A85C0100D45C01008C040000945D010077
:1041900040390100A0860100084670472DE9F04F24
:1041A000D1F8FC3091B00B9303F56063044609939A
:1041B00071E10E22002320460BA9E8F3DBF50F285E
:1041C0000746204602D1E8F373F56CE100220BA903
:1041D0001346E8F3CFF510F00E0F40F061818B4EDF
:1041E0003A0D3E4040F23B43360A00F4F8789A42DA
:1041F00008924FEA181804D140F6FF739E4200F06F
:104200004A8100F478534FEA532B002B00F043818E
:1042100000F4F82A00F47803DB0C4FEA9A3A13EB27
:104220000A02079325D140F267339E4214D10CABAA
:1042300001930DAB02930EAB03930FAB0493204697
:104240000BA913460092E8F335F5002800F023810E
:104250000C9BC4F858331EE140F2DC539E4208D058
:1042600040F20B539E4204D040F627039E4240F09A
:104270001281D4F8D050314605F1B60344F82370CA
:1042800005F1C60344F823002046FFF785FF04EB41
:104290008503C3F8D40000270BE0012220460BA9B8
:1042A0001346E8F367F500F00E00022840F0F880AE
:1042B00001374745F1D10CAB01930DAB02930EAB27
:1042C000002703930FAB049320460BA93A463B46C5
:1042D0000097E8F3EFF420B1B94627E04FF0010969
:1042E00000E08146402300930CAB01930DAB029399
:1042F0000EAB039300220FAB049320460BA9134689
:10430000E8F3D8F40028E9D1B9F1010F0ED00D9BE4
:10431000002B40F0C5800F9B002B40F0C1800E9A0F
:10432000B2F5805F40F0BC809946DBE70C9A04EB65
:104330008503C3F814210E9A0127C3F8D4210CABCE
:1043400001930DAB02930EAB03930FAB00220493CA
:1043500020460BA93B460092E8F3ACF460B1012F74
:104360000AD10E9BB3F5805F06D10C9904EB850250
:10437000C2F89411C2F8143201370028DFD1374651
:104380004FF001082E4617E00025002300930CABE8
:1043900001930DAB02930EAB03930FAB0493204636
:1043A0000BA942462B46E8F385F408B10135ECE74A
:1043B000002D75D008F10108D845E5D135463E46B7
:1043C00000271FE0C02300930CAB01930DAB0293B9
:1043D0000EAB03930FAB049320460BA93A46002380
:1043E000E8F368F400285BD00F9B002B58D10E9B9C
:1043F000B3F5805F54D127B90C9A05F1A60344F8B0
:10440000232001375745DDD1002739E000FF0F0099
:10441000802300930CAB01930DAB02930EAB03937F
:104420000FABBBF1010F0CBF3A467A1C0493204638
:1044300000230BA9E8F33EF4089A40F23B439A426A
:104440000DD140F235139E4209D1D4F870330C9946
:1044500004EB83020133C2F87413C4F87033F8B16B
:104460000F9BEBB90E9BB3F5805F19D1BAF1000F2A
:1044700005D127B90C9A05F1A60344F8232001378A
:10448000079B9F42C4D1B9F1000F04D1D4F8D030BA
:104490000133C4F8D0300B9B099A9342FFF489AEE4
:1044A0000023C4F8D03011B0BDE8F08F10B5D0F8BB
:1044B0007023002306E0D0F870134FF44C74C1F859
:1044C0000049013304309342F5D110BD2DE9F84382
:1044D00000270446154699460E46B84609E0304680
:1044E00000210422EEF3E0F50137C6F80080B04663
:1044F00076194F45F3DBC4F80080BDE8F88370B54A
:104500000D460446D8B1D1B10E68C6B1B389CBB956
:10451000738A03F00303012B03D1F06908B1F3F3AD
:10452000EBF5738A201D23F0040373823146EDF30B
:1045300061F723890020013B2381286070BD6FF063
:10454000010070BD6FF00F0070BD2DE9F74F0C9F9B
:10455000019116469A46DDF834B0BDF8389005460C
:10456000002857D00F9B002B54D0002952D0002A8E
:1045700050D0BBF1000F4DD09BF80030002B49D03C
:1045800000F104084046EDF341F70446002844D00A
:10459000B9F1010F0BD157B906FB0AF0F3F39AF505
:1045A000074638B940462146EDF324F735E04FF091
:1045B000000800E08046002124222046EEF374F536
:1045C000019B0822A360638A204623F0030349EA83
:1045D000030343F0040363825946EEF33DF60023E0
:1045E000B9F1010FE3710CD1A4F814A0C4F81C8038
:1045F000A66104F12000394632465346FFF766FFB4
:1046000001E0EB6863612B89002001332B810F9B54
:104610001C6004E06FF0010001E06FF01A00BDE8DB
:10462000FE8F2DE9F84307460E461546002A2DD089
:1046300000282BD0002929DD1020F3F34BF5044688
:1046400040B300211022EEF32FF5E760242707FB8B
:1046500006F966814846F3F33DF5804630B92046B9
:10466000F3F34AF56FF01A00BDE8F88300214A46DB
:10467000EEF31AF5204640F8048B41463A4633469D
:10468000FFF724FF2C600020BDE8F8836FF00100E5
:10469000BDE8F8836FF01A00BDE8F88370B50646F0
:1046A00060B1046854B125895DB92068F3F324F53D
:1046B0002046F3F321F53560284670BD6FF0010008
:1046C00070BD6FF00F0070BDFFF719BF1FB500245C
:1046D000019203930A46234600940294FFF735FFA4
:1046E00004B010BDFFF70BBF51B1032902D804235A
:1046F000136003E0033121F00301116000207047D3
:104700006FF0010070472DE9F04186B005460C4678
:104710001E46DDF83080174612B31BB1B8F1000F0A
:1047200003D11DE0B8F1000F1AD12846214605AA91
:10473000FFF7DAFFB0B92EB1059B7B4398450FD345
:10474000B3070DD10D9B28460193012302930E9BC5
:1047500021460393059A3B460096FFF7F6FE01E0DB
:104760006FF0010006B0BDE8F08110B5044690B1CD
:10477000C36823B1406804F10C01FFF7A5FFA368EB
:1047800023B1606804F10801FFF79EFF2046BDE8F1
:104790001040F3F3B1B410BD2DE9FF4107461020DE
:1047A0000D4616469846F3F395F40446F8B10021F9
:1047B0001022EEF379F4124A27606560019204F149
:1047C00008020023029228460C2132460093FFF78C
:1047D0009AFF034658B90B4A0090019204F10C026B
:1047E000029228460C214246FFF78DFF18B1204661
:1047F000FFF7BBFF0024204604B0BDE8F08100BFF6
:104800009086020088860200FFF7AFBF806970477C
:10481000008A400070470000808ACB69B2FBF0F349
:1048200000FB1322D2B242F000421B0642EA1343BD
:104830008B61002300E001338869094A002802DA0D
:104840009342F8D106E0934204D0C30005D4C0F3EC
:10485000407070474FF6FF7070474FF6FF7070471B
:104860008096980010B58468002364694B61302CF1
:10487000C4BFD1F8F43003F47E03C1F8F430BDE8CE
:104880001040FFF7C9BF2DE9F041002480460F46D4
:104890001601254640463946AA19FFF7E3FF4FF6B1
:1048A000FF73984206D0A84001350443102DA4B2EE
:1048B000F0D100E004462046BDE8F081BF230B8024
:1048C000FF2313807047013906291DD8DFE801F066
:1048D000040A1C1C101C17002023438240238382DF
:1048E000802310E04023438283824FF480730AE0E8
:1048F00060234382402383824FF4C07303E010237C
:1049000043824023838203820020704701390A29B1
:1049100019D8DFE801F006080A0C0E18101818184C
:10492000130040230CE060230AE0802308E0A0236A
:1049300006E0C02304E04FF4807301E04FF4C0733D
:10494000438220238382838A428A53431B1103823A
:10495000002070476FF01600704770B50446058A56
:104960008068F8F375F400210646A068F9F320F298
:10497000A2685369222B05DDC36C9B059B0D073391
:10498000DB08A38510463146F9F312F2A38D6D00C2
:10499000E81A023870BD70B5044680680D461646A8
:1049A000F9F394F030B1204629463246BDE8704014
:1049B000FFF769BF06F5806635F8160080B270BD56
:1049C000F8B50446806816460F46F8F341F4002116
:1049D0000546A068F9F3ECF13A4601462046FFF798
:1049E000DAFF29463080A068F9F3E2F10020F8BD33
:1049F00001392DE9F84F044691461E460E2971D81B
:104A0000DFE801F0081870287070703470707070F2
:104A100070703B0090F82E20838B0AB1C58C00E0AB
:104A2000C58BED1AA369D9052ED53368AB4233D3B4
:104A3000A78B36E090F82E20038C0AB1C58C00E0DD
:104A4000458CED1AA3699A051ED53368AB4223D372
:104A5000278C26E083694FF0020513F4806F13D092
:104A60003368012B18D9876A02371AE0878CC58C06
:104A70008369ED1B13F4006F05E0878BC58C836998
:104A8000ED1B13F4407F04D135606FF01D00BDE8CD
:104A9000F88F3368AB4204D235606FF00D00BDE88B
:104AA000F88FA068F8F3D4F300218346A068F9F3E7
:104AB0007FF14FF00008824609E008EB070220462C
:104AC0005146FFF768FF08F1010829F8020BA845D5
:104AD000F3D1A0685946F9F36BF1C6F800800020C5
:104AE000BDE8F88F6FF00100BDE8F88F73B50023C3
:104AF000ADF80430ADF80630836804465B690D46B6
:104B0000272B05DDCB691B051B0D1B11043B06E0A4
:104B10001B2B06D84FF492629A4002D50C23836275
:104B20000EE0242B01D0272B04D1238A7F2B05D81C
:104B30000C2304E0172B01D0182B01DD1423A362F2
:104B4000EB6903F4E023B3F5803F0ED04FF004434C
:104B5000AB61002300E00133AA69002A2E4A02DA81
:104B60009342F8D157E0934255D02B69A26AA361D2
:104B7000033220462946FFF70EFF284BA2690009A1
:104B800003401343A36103F440730022B3F5407F55
:104B900084F82E2002D1012384F82E30A36A0DF16F
:104BA00006020433A383238A2046E383E38401A916
:104BB000FFF784FEBDF80620BDF80430D61AB6B261
:104BC00016B1E3836384A284A369DB050AD520467A
:104BD0002946A26AFFF7DFFE000980B200B1E08338
:104BE000E38B00E0A38B2384AEB92046FFF7B5FE2C
:104BF000A36900EBD07040106084980509D5A26AC3
:104C0000204629460132FFF7C6FE00096084A084D1
:104C100001E0238CA3847CBD8096980000FFFF00F8
:104C2000F8B543690546152B01D0162B3CDD284607
:104C3000F8F340F70646002836D12846F8F33CF74B
:104C4000002833D02846F8F303F3314607462846B8
:104C5000F9F3AEF00646EAF7FDF86B690446302B2F
:104C600004DDF16901F47041090B03E0A96901F465
:104C70006011C90C91B1F36903F4E0231B0C012B03
:104C800003D12046FFF742FE03E013B92046FFF7A9
:104C90001AFE20463146FFF729FF00E00C46284661
:104CA0003946F9F385F002E0002400E0044620468E
:104CB000F8BD08B54368DB68984708BD08B5436888
:104CC0001B68984708BD73B5002604460196EAF7AD
:104CD000C1F84C2231460546EEF3E6F16369152B27
:104CE0002B6001D0162B02D9EAF7B8F868606B6820
:104CF000D3B1AC602046F8F313F7E8602046F8F330
:104D0000DBF6064620B92046012101AAF8F30AF78E
:104D10006B6820461B699847054636B920463146E0
:104D200001AAF8F3FFF600E01D4628467CBD2DE9F8
:104D3000F7439946002304460F4690460193F8F343
:104D4000BBF6054620B92046012101AAF8F3EAF690
:104D50002046F8F3B1F678B12046F8F3ABF658B92F
:104D60002046FFF7B0FF50B1436839465E694246BE
:104D70004B46B047064604E06FF0180601E04FF0DE
:104D8000FF3625B92046294601AAF8F3CBF630466E
:104D9000BDE8FE8382604160016070472DE9F0410B
:104DA000541A012C0F461E46069D0EDD2046F3F3D5
:104DB00091F1804670B139462246EEF3F1F0C6F823
:104DC000008000202C60BDE8F08100201860286081
:104DD000BDE8F0816FF01A00BDE8F0810EB4F3B5C4
:104DE00081680446012945D908AB4068079A0193B8
:104DF000EEF3A8F2431C064603D0A368023B984298
:104E000002DD0020A06036E060683D21EEF3CAF1CB
:104E100040B367682568C71B21E028463A46EEF391
:104E2000ABF0B0B9EB5D3D2B13D12846EEF3E8F1C2
:104E30006268471C731CDB1B521BE919D2182846F9
:104E4000EEF30EF16368DB1B6360A368DF19A760F4
:104E500008E02B4613F8012B1D46002AFAD16168A1
:104E60008D42DAD3A368701C1B1AA36063681B18F9
:104E7000636000E00020BDE8FC4003B07047000024
:104E80002DE9F04FBBB01A9019911B921893002B8B
:104E900002F01C874FF48050F3F31CF112900028AD
:104EA00002F0148737A812994FF48052FFF772FF6F
:104EB00000214FF480521298EEF3F6F0189A116820
:104EC000D9B10B78CBB1449A1368022B03D814E004
:104ED000013A026000E0449802688B1813F8014C14
:104EE0001CB913F8023C002BF2D01298EEF358F0E4
:104EF0004499389A0B68D318389300238DF89C3066
:104F00004FF0FF321593139301231192169302F081
:104F1000A8BE1999012251F8046B00231991179228
:104F20001493179949B1F25C5F1C1092013AD2B206
:104F3000FD2A0FD8F55D9F1C0DE0F15C4A1ED2B230
:104F4000FD2A109103D880220D46109200E0179D93
:104F50005F1C00E000257B19B3F5607F82F27E863E
:104F6000109B202B28D005D8152B0BD01B2B42F0E3
:104F7000708664E01099222935D030D3802942F020
:104F8000688667E0F3195A78F35D1202D318072B8D
:104F900012DDBC1C34192246E14937A8FFF71EFF79
:104FA0002046EEF32DF1FA1C1218DE4937A8B2188C
:104FB000FFF714FF02F04DBEF4196278F35D1202A0
:104FC000D21837A8D849FFF709FFE378A2781B0267
:104FD00037A8D6499A18FFF701FF02F03ABEF25DF2
:104FE000149202F036BE149B0C2B02F02D869DF815
:104FF0009C30002B42F02D86F35D042B42F0298675
:1050000007F1020806EB08042046EEF3B9F6002883
:1050100042F01F8616F80830DB0702F11A8627A92E
:105020002046EEF325F31199013142F01286F3196F
:105030009A79DB791202D318119302F00ABEF319A0
:10504000DA799B7937A8BA4943EA0222FFF7C6FE0C
:1050500002F0FFBDF35DF4198F2B02F2FA8501A275
:1050600052F823F0399301006B930100559401002D
:1050700015990100F19A0100D5980100539801009B
:10508000719801007B940100199B01008D9B010028
:10509000B59B0100C99B010057BC01003B9A010070
:1050A000BB980100F7970100619C0100A19C0100E1
:1050B0004B930100E19C0100EF9C0100119D010058
:1050C0001F9D010017930100D992010057BC0100F8
:1050D000FD9401002D9D01001195010057BC0100B8
:1050E00057BC010057BC0100439D0100879D010092
:1050F0009B9D0100BD9E010081A0010057BC0100E5
:1051000057BC010025A20100C9920100B99201001B
:10511000A99201009FA30100B3A30100C7A301004E
:10512000DBA3010057BC0100E99B0100EF940100E3
:1051300057BC010057BC0100ED930100A7A6010078
:10514000EFA301006B9D0100799D0100B5A6010050
:105150001DB4010057BC010057BC010057BC010041
:1051600057BC01001D95010047A4010071A4010076
:10517000B3A40100F1A401002FA501006DA5010059
:10518000ABA50100E9A50100FDA5010057BC010088
:10519000C595010057BC010057BC010057BC010078
:1051A000D79701003195010057BC010057BC0100A1
:1051B00057BC010057BC010071B4010057BC01008D
:1051C0000B9801002BA70100FBA7010051A90100CA
:1051D0003BAA010025AB01005FAB0100E7AB01007A
:1051E00035AC010043AD0100CDAE010079AF010047
:1051F00025B001008FB401007B9601003B970100B0
:1052000071B00100ADB10100B9B20100C5B3010038
:10521000D5B40100AFB60100E7B4010005B5010047
:1052200023B5010041B5010053B5010065B501008A
:1052300077B5010089B50100F3B50100FFB50100A4
:105240000BB601002FBC010057BC010057BC010088
:1052500057BC010057BC010057BC010057BC0100FE
:1052600057BC010057BC010057BC010011A601004A
:1052700085A6010057BC010057BC010001B7010021
:1052800069B70100EFB7010075B80100A1B90100CD
:10529000B3B90100BFB90100E9B90100E1BA0100E9
:1052A000D9BB01004FEA950A5FFA8AFA4FF000086D
:1052B00001F03CB84FEA55095FFA89F94FF0000850
:1052C00001F005B84FEA55095FFA89F94FF0000877
:1052D00000F0EBBF07F1010806EB08042046EEF3EF
:1052E0004FF5002842F0B58416F80830D80702F1CF
:1052F000B084204627A9EEF3BBF1119B013342F0A5
:10530000A884F3195A799B791202D318119302F0E9
:10531000A0BCA37862781B029A18119202F099BC83
:10532000DE93020005890200378F0200748A0200B2
:1053300043920200647837A8A54922461694FFF7E5
:105340004DFD02F086BCE37822791B0443EA026338
:10535000627837A81343A2789E4943EA0222FFF7F6
:105360003DFD02F076BCA27863781202D2189A4909
:1053700037A8FFF733FD2279E378120237A897495F
:10538000D218FFF72BFD062D42F26384A2796379D0
:10539000120237A89249D218FFF720FD082D42F2D9
:1053A0005884237AE2791B0237A88E499A18FFF7AE
:1053B00015FD0A2D42F24D8407F10A0807F1090490
:1053C00016F80820335D1202D21837A88649FFF775
:1053D00005FD16F80830325D1B0237A883499A187C
:1053E000FFF7FCFC02F035BC814B0622B5FBF2F264
:1053F0001A704FF00008994624E0434610217D4A78
:105400001DA8EDF3B7F6434610217B4A2FA8EDF314
:10541000B1F66378A2781DA943EA022237A8FFF704
:10542000DDFC6379A2791B0443EA0263E27837A8C2
:10543000134322792FA943EA0222FFF7CFFC08F198
:105440000108063499F800309845D6DB02F001BC1B
:10545000022D06D137A869496278FFF7BFFC02F038
:10546000F8BBA37862781B0237A864499A18FFF743
:10547000B5FC02F0EEBBA27863781202042D1A4448
:1054800005D92379E1781B0609045B181A4337A86C
:105490005B49FFF7A3FC062D42F2DB83F3199A79EF
:1054A00059791202082D0A4405D9197ADB790906BF
:1054B0001B04C9180A4337A85249FFF78FFC0A2D6D
:1054C00042F2C783F3199A7A597A12020C2D0A44D0
:1054D00005D9197BDB7A09061B04C9180A4337A8CA
:1054E0004949FFF77BFC02F0B4BB37A84749627813
:1054F000FFF774FC02F0ADBBA37862781B0237A8FB
:105500003A499A18FFF76AFC02F0A3BB0135002163
:10551000EDB2179102F09DBBA378627837A83C49A1
:1055200042EA0322FFF75AFC02F093BB94F803A06F
:1055300023794FEA0A4A4AEA036A6378B5F1050B10
:105540004AEA030A48BFA5F1020BA3784FEAAB0B66
:105550004AEA032A5FFA8BFB4FF0000824E0434439
:105560001021244A2FA8EDF305F699F800301021F8
:105570004344214A1DA8EDF3FDF552462FA937A853
:10558000FFF72CFCE37822791B0443EA026362787C
:1055900037A81343A2781DA943EA0222FFF71EFC95
:1055A0000AF1040A08F10108DFF844900434D845F0
:1055B00099F80030D3DB9B4489F800B002F049BB76
:1055C0000B4BEA081A704FF0000899464DE000BFF7
:1055D0002C94020034900200628D02005A94020062
:1055E0008E8A02008D87020088900200FF8F0200E1
:1055F00028610100003E01000B3E01001F930200E4
:10560000D98D0200238A0200348A0200298B02000D
:10561000AF8D020043461021B14A1DA8EDF3AAF553
:1056200043461021AF4A2FA8EDF3A4F5E378227981
:105630001B0443EA026362781DA91343A27837A8CA
:1056400043EA0222FFF7CAFBE379227A1B0443EA0A
:105650000263627937A81343A2792FA943EA022291
:10566000FFF7BCFB08F10108083499F800309845B1
:10567000D0DB02F0EEBA94F803A023794FEA0A4A8D
:105680004AEA036A6378B5F1050B4AEA030A48BFA0
:1056900005F1020BA3784FEAEB0B4AEA032A5FFA03
:1056A0008BFB4FF000083BE0434410218C4A2FA8AD
:1056B000EDF360F599F80030102143448A4A1DA8A3
:1056C000EDF358F599F8003010214344874A33A888
:1056D000EDF350F552462FA937A8FFF77FFBE3798A
:1056E000227A1B0443EA0263627933A91343A27945
:1056F00037A843EA0222FFF771FBE37A227B1B04FF
:1057000043EA0263627A37A81343A27A1DA943EAE7
:105710000222FFF763FB0AF1080A08F101080834C6
:10572000DFF8CC91D84599F80030BDDB9B4489F86F
:1057300000B002F08EBA6E4B0C22B5FBF2F21A707A
:105740004FF0000899463EE043461021644A33A8D2
:10575000EDF310F543461021634A1DA8EDF30AF559
:1057600043461021614A2FA8EDF304F5E37822792E
:105770001B0443EA0263627833A91343A27837A873
:1057800043EA0222FFF72AFBE379227A1B0443EA69
:10579000026362792FA91343A27937A843EA022250
:1057A000FFF71CFBE37A227B1B0443EA0263627A65
:1057B00037A81343A27A1DA943EA0222FFF70EFB82
:1057C00008F101080C3499F800309845BCDB02F070
:1057D00040BAE37822791B0443EA0263627837A86F
:1057E0001343A278434943EA0222FFF7F7FA02F093
:1057F00030BAA378627837A83F4942EA0322FFF71C
:10580000EDFA02F026BA4FF00509B5FBF9F95FFA97
:1058100089F94FF0000816E063781021374A2FA865
:10582000EDF3A8F4237962791B0443EA0263A278BA
:1058300037A81343E2782FA943EA0222FFF7CEFAF2
:1058400008F101080534C845E6DB02F002BA37A8C2
:105850002B496278FFF7C2FA022D42F2FA8137A88B
:105860002849A278FFF7BAFA02F0F3B9002237A864
:1058700025496378FFF7B2FA022D42F22D82012208
:1058800037A82149A378FFF7A9FA032D02F0248253
:10589000022237A81C49E378FFF7A0FA042D02F092
:1058A000D681032237A818492379FFF797FA0122F6
:1058B000139202F0CEB9627837A81249FFF78EFA38
:1058C00037A811490122A378FFF788FA02F0C1B97D
:1058D00037A80E496278FFF781FA02F0BAB900BF23
:1058E000003E01000B3E0100163E0100223E010079
:1058F0002861010045870200299002002E3E010028
:105900006A8A0200319102009C8702005A8B0200D1
:10591000AB1E0E2B02F29D8101A151F823F000BFB6
:105920006199010057BC010057BC010057BC010040
:1059300057BC0100D9990100A7990100879901007E
:105940006F99010057BC010057BC0100D9990100B3
:10595000A7990100879901006F99010037A8A9490B
:105960006278FFF73BFA02F074B937A8A649627A69
:10597000FFF734FA0C2D8CBF4FF009084FF00008E8
:1059800001E04FF00008F31937A89E491A7AFFF793
:1059900025FA0C2D07D9B8F1000F08BF4FF0080801
:1059A00001E04FF0000807F10709984916F80920AF
:1059B00037A8FFF713FA002237A8954916F80930DF
:1059C000FFF70CFA0C2D07D9B8F1000F08BF4FF004
:1059D000070801E04FF000084FF00009A278637853
:1059E0008C491202494437A8D21809F10909FFF776
:1059F000F5F90234B9F11B0FF0D10C2D42F22981D7
:105A0000B8F1000F08BF4FF00608834CB844B0440B
:105A100004F1240998F8022098F801301202214676
:105A200037A8D2180C34FFF7D9F94C4508F1020811
:105A3000F0D102F00EB9142D19D0172D03D0132D6B
:105A400042F0078119E006EB0708744998F8162020
:105A500037A8FFF7C3F9724998F8152037A8FFF760
:105A6000BDF937A86F4998F81420FFF7B7F9F31973
:105A700037A86D49DA7CFFF7B1F9A946A2464FF085
:105A800000082546AA786B7868491202414437A875
:105A9000D21808F10908FFF7A1F90235B8F11B0F78
:105AA000F0D14D464FF00008227AE37960491202A6
:105AB000414437A8D21808F10B08FFF78FF90234D8
:105AC000B8F1210FF0D100249AF80E209AF80D3089
:105AD00058491202091937A8D2180B34FFF77EF97A
:105AE000212C0AF1020AEFD102F0B3B8E178627812
:105AF000A3780091217937A8019161790291A17968
:105B00000391E1790491217A05914B49FFF766F9F8
:105B100002F09FB8A9464FF00008254615F8013F4E
:105B2000FF2B04D037A845494246FFF757F908F143
:105B30000108B8F1040FF1D1B9F10C0F4D4642F252
:105B4000888004EB08035B78FF2B04D037A83B491F
:105B50004246FFF743F908F10108B8F10C0FF0D104
:105B6000102D42F2768004EB08035B78FF2B04D003
:105B700037A832494246FFF731F908F10108B8F178
:105B8000100FF0D102F065B8627837A80AB1A37897
:105B90001BB92B49FFF722F902E02A49FFF71EF94A
:105BA000F31937A82849DA78FFF718F902F051B845
:105BB000A378627837A8254942EA0322FFF70EF955
:105BC00002F047B8E37822791B0443EA0263627863
:105BD00037A81343A2781E4943EA0222FFF7FEF8D2
:105BE00002F037B837A81B496278FFF7F7F8022DA3
:105BF00042F22F8037A81849A278FFF7EFF802F099
:105C000028B800BF368E0200D38E02009B9302009C
:105C10004A890200D38B0200B38F0200BD8D0200BF
:105C2000E6900200E7860200C68B0200E98D0200C2
:105C300096900200B7860200A6870200458A0200FD
:105C40003992020084950200A78C02003C8D02006C
:105C5000CB870200A7940200E89402007C1C325D0E
:105C600037A8764902F00F02FFF7B8F8325D37A87F
:105C70001209BC1C7249FFF7B1F8325D37A87149AF
:105C800002F00702FFF7AAF8325D37A8D2086E4982
:105C900002F00302FFF7A2F801F0DBBF7C1C325DCB
:105CA00037A86A4902F00F02FFF798F8325D37A86B
:105CB0001209BC1C6649FFF791F8325D37A86549A7
:105CC00002F00702FFF78AF8325D37A8D20862496E
:105CD00002F00302FFF782F801F0BBBF37A85F496B
:105CE0006278FFF77BF801F0B4BF627837A85C49AF
:105CF000FFF774F8A27837A85A49FFF76FF837A86A
:105D00005949E278FFF76AF801F0A3BF37A857496D
:105D10006278FFF763F801F09CBF37A854496278B6
:105D2000FFF75CF801F095BFA2786378120637A8F8
:105D3000504942EA0322FFF751F801F08ABF627826
:105D400037A84D49FFF74AF8A27837A84B49FFF723
:105D500045F82379E2781B0237A849499A18FFF7DA
:105D60003DF801F076BF37A846496278FFF736F86C
:105D700001F06FBF37A844496278FFF72FF801F0B0
:105D800068BFA37862781B0237A840499A18FFF7CA
:105D900025F801F05EBF94F8028063784FEA082886
:105DA00098441FFA88F83A494FEAD82237A8FFF7F3
:105DB00015F808F4E062120A364937A8FFF70EF822
:105DC00008F0F802D208344937A8FFF707F808F0BE
:105DD00006025208314937A8FFF700F837A83049C2
:105DE00008F00102FEF7FAFF042D41F23287237911
:105DF000E4781B021C19A4B2E20A37A82949FEF76D
:105E0000EDFF04F4E062120A37A82749FEF7E6FF27
:105E100004F0F802D20837A82449FEF7DFFF04F0A7
:105E20000602520837A82249FEF7D8FF37A82149B1
:105E300004F00102FEF7D2FF01F00BBFF48702006D
:105E400042880200C68E020039880200BF94020018
:105E500038870200558C0200438E020093920200A4
:105E6000E6930200478D0200D4930200B79302002C
:105E7000E78E0200AC8E0200048E0200CC8D020080
:105E80000E900200438F0200F29402009B8C0200ED
:105E9000F5880200CC9402006D870200E4880200BD
:105EA000D994020076920200888B0200E3890200F6
:105EB000F18E0200A893020000226378674937A898
:105EC000FEF78CFF4FF000086549A27837A8FEF76F
:105ED00085FFCDF800802279E3781202D318019370
:105EE00002226049434637A8FEF778FFCDF80080CC
:105EF000A27963791202D31801930222012359492E
:105F000037A8FEF76BFFCDF80080227AE379120202
:105F1000D3180222019337A852491346FEF75EFFB9
:105F20001E2D41F29686627A37A84F49FEF756FF3A
:105F3000A27A37A84D49FEF751FFE27A37A84C49BB
:105F4000FEF74CFF227B37A84A49FEF747FFCDF802
:105F50000080A27B637B1202D31801930522434683
:105F600037A84049FEF73AFFCDF80080227CE37B5A
:105F70001202D31801930522012337A83949FEF7ED
:105F80002DFFCDF80080A27C637C1202D318019310
:105F90000522022337A83349FEF720FFCDF8008001
:105FA000CDF80480227DE37C1202D31802930522EF
:105FB0006C234FF0010937A82F49FEF70FFFCDF8EA
:105FC0000090CDF80480A27D637D1202D318029365
:105FD00005226C234FF0020A37A82749FEF7FEFE80
:105FE000CDF800A0CDF80480227EE37D1202D31804
:105FF000029305226C2337A81F49FEF7EFFECDF868
:106000000080CDF80480A27E637E1202D318029332
:106010000522682337A81849FEF7E0FECDF8009066
:10602000CDF80480227FE37E1202D318029305226A
:1060300037A868231049FEF7D1FECDF800A0CDF8AF
:106040000480A37F627F1B029B18029337A80A4932
:1060500005226823FEF7C2FE01F0FBBD4A8902005B
:106060002C880200A6860200E4910200C29202007F
:10607000409002007B940200269202000122637885
:106080009C4937A8FEF7AAFE4FF001089A49A2786A
:1060900037A8FEF7A3FECDF800802279E37812023C
:1060A000D318019302220023944937A8FEF796FEE5
:1060B000CDF80080A27963791202D31801930222ED
:1060C0008E49434637A8FEF789FECDF80080227A34
:1060D000E3791202D3180222019337A887491346A5
:1060E000FEF77CFE1E2D41F2B485627A37A8844902
:1060F000FEF774FEA27A37A88249FEF76FFEE27AB5
:1061000037A88149FEF76AFE227B37A87F49FEF750
:1061100065FECDF80080A27B637B1202D318019349
:106120000522002337A87549FEF758FECDF80080F8
:10613000227CE37B1202D31801930522434637A841
:106140006E49FEF74BFECDF80080A27C637C120204
:10615000D3180193052202234FF0000937A867499D
:10616000FEF73CFECDF80090CDF80480227DE37C64
:106170001202D318029305226C2337A86449FEF754
:106180002DFECDF80080CDF80480A27D637D120243
:10619000D318029305226C234FF0020A37A85C49FA
:1061A000FEF71CFECDF800A0CDF80480227EE37D32
:1061B0001202D318029305226C2337A85449FEF724
:1061C0000DFECDF80090CDF80480A27E637E120211
:1061D000D31802930522682337A84D49FEF7FEFD28
:1061E000CDF80080CDF80480227FE37E1202D31820
:1061F0000293052237A868234549FEF7EFFDCDF845
:1062000000A0CDF80480A37F627F1B029B1802933D
:1062100037A83F4905226823FEF7E0FD01F019BDCC
:10622000A27863781202D2183A4937A8FEF7D6FD51
:10623000A279637912061B04D218237937A81B02AE
:10624000D218E3783449D218FEF7C8FD122D41F276
:106250000085A27A637A12061B04D218237A37A823
:106260001B02D218E3792D49D218FEF7B7FDA27BA5
:10627000637B12061B04D218237B37A81B02D2189B
:10628000E37A2749D218FEF7A9FDA27C637C1206A7
:106290001B04D318227C37A812029B18E27B2149E9
:1062A0009A18FEF79BFD01F0D4BCA2786378120225
:1062B000D31800930222434637A81B4908F101086E
:1062C000FEF78CFD0234C845EFDD01F0C2BCA278B8
:1062D00063781202D31800930522434637A8124967
:1062E00008F10108FEF77AFD0234C845EFDD01F040
:1062F000B0BC00BF4A890200DA8E0200A686020006
:10630000F2910200CF9202004B9402008A940200A4
:1063100026920200869202009886020016910200E0
:106320008C930200028F0200138A0200CDF80080D5
:10633000A27863781202D318019305226C2337A840
:10634000BB4908F10108FEF749FD0234D045EDDDF7
:106350004FEA55095FFA89F909F1010B09F10209C0
:10636000B944BB4406EB09044FF00008CDF80080A7
:106370002278C9EB040313F80B301202D3180193EF
:106380000522682337A8AA4908F10108FEF726FD6F
:106390000234D045EADD01F05CBCA37862781B02D0
:1063A00037A8A4499A18FEF719FD01F052BCA3784A
:1063B00062781B0237A8A0499A18FEF70FFD01F07A
:1063C00048BCA37862781B0237A89C499A18FEF74C
:1063D00005FD01F03EBCA37862781B0237A89849FE
:1063E0009A18FEF7FBFC01F034BC2279E378120620
:1063F0001B04D218A37837A81B02D21863789149DE
:10640000D218FEF7EBFC227AE37912061B04D218AD
:10641000A37937A81B02D21863798B49D218FEF7EB
:10642000DDFC227BE37A12061B04D318A27A37A87C
:1064300012029B18627A85499A18FEF7CFFC01F088
:1064400008BCA2786378120237A88149D218FEF7F7
:10645000C5FC042D41F2FD832379E2781B0237A8A5
:106460007C499A18FEF7BAFC01F0F3BB2279E37875
:1064700012061B04D218A37837A81B02D21863781F
:106480007549D218FEF7AAFC062D41F2E283227A62
:10649000E37912061B04D318A27937A812029B18BD
:1064A00062796E499A18FEF799FC01F0D2BBDFF8C9
:1064B000BC914FF00108A84581F2CB832279E378A3
:1064C00012061B04D218A37849461B02D21863781F
:1064D00037A8D21808F10408FEF780FC0434B8F19C
:1064E000190F09F11809E6D101F0B3BBDFF880916B
:1064F0004FF00108A84581F2AC832279E3781206B7
:106500001B04D218A37849461B02D218637837A817
:10651000D21808F10408FEF761FC0434B8F10D0F3D
:1065200009F11309E6D101F094BBDFF848914FF06F
:106530000108A84581F28D832279E37812061B04B5
:10654000D218A37849461B02D218637837A8D2180C
:1065500008F10408FEF742FC0434B8F10D0F09F10C
:106560001409E6D101F075BBDFF80C914FF001087A
:10657000A84581F26E832279E37812061B04D218B3
:10658000A37849461B02D218637837A8D21808F1BD
:106590000408FEF723FC0434B8F10D0F09F11409C7
:1065A000E6D101F056BBDFF8D4904FF00108A845C2
:1065B00081F24F832279E37812061B04D218A37864
:1065C00049461B02D218637837A8D21808F104088C
:1065D000FEF704FC0434B8F10D0F09F11409E6D1FB
:1065E00001F037BBA37862781B0237A81C499A18C0
:1065F000FEF7F4FB01F02DBBA37862781B0237A8ED
:1066000018499A18FEF7EAFB01F023BB2279E378D8
:1066100012061B04D318A278647812029B1837A8BC
:10662000114901221B19FEF7D9FB01F012BB00BF73
:1066300000920200F48F0200B790020080890200ED
:1066400059890200169102008C930200028F020009
:106650009C920200AF920200A9910200C091020038
:10666000B98E0200379402003B910200998A020021
:10667000628C02009788020048950200F0930200A5
:106680002279E37812061B04D318A27864781202E8
:106690009B1837A8974902221B19FEF79FFB01F0B0
:1066A000D8BA37A894496278FEF798FB01F0D1BABE
:1066B0009249627807F1020837A8FEF78FFB16F8B7
:1066C00008208F49120937A8FEF788FB16F8082022
:1066D00037A88C4902F00F02FEF780FB032D41F230
:1066E000B882E27837A88849FEF778FB07F10508F9
:1066F000227937A88549FEF771FB16F8082037A8DC
:1067000092088349FEF76AFB16F8082037A88149EA
:1067100002F00302FEF762FB37A87F49A279FEF779
:106720005DFB01F096BA94F8028063784FEA08287E
:1067300098441FFA88F84FEAD82237A87749FEF71D
:106740004DFB08F4806302229B0A37A87449FEF7C8
:1067500045FB08F4007302225B0A37A87149FEF773
:106760003DFB08F4F87302221B0937A86E49FEF7B7
:1067700035FB08F00E0302225B0837A86B49FEF7D1
:106780002DFB022208F0010337A86949FEF726FB1A
:106790002379E4781B021C19A4B2E20A37A86549E0
:1067A000FEF71CFB04F4806305229B0A37A85C49B2
:1067B000FEF714FB04F4007305225B0A37A859495D
:1067C000FEF70CFB04F4F87305221B0937A85649A1
:1067D000FEF704FB04F00E0305225B0837A85349BB
:1067E000FEF7FCFA37A85249052204F00103FEF730
:1067F000F5FA01F02EBAA27863781202D21837A8FF
:106800004D49FEF7EBFA94F804E0E3784FEA0E2ED8
:106810000022734437A84949FEF7E0FA217AE27969
:1068200009028A1894F806E063790092A17A627AE4
:1068300009024FEA0E2E8A187344019237A80022EB
:106840003F49FEF7CBFA227BE37A0092627B37A8BE
:106850000192A27B3B4902920022FEF7BFFAA17C83
:10686000627C09028A1894F810E0E37B0092217D93
:10687000E27C09028A180192A17D627D09028A18D0
:106880000292217EE27D09028A180392A17E627E35
:1068900009028A180492217FE27E09028A18059271
:1068A000A17F627F09028A18069294F82010E27F85
:1068B00009028A18079294F8221094F821200902FC
:1068C0008A18089294F8241094F8232009028A1850
:1068D000099294F8262094F82510120252184FEAD3
:1068E0000E2E0A9237A8184900227344FEF776FA52
:1068F00001F0AFB93B910200508D0200808A020086
:10690000328B0200FF890200D7870200958B0200BC
:106910000991020087910200129202006E8D02001E
:106920009B910200118F0200D791020099940200FE
:10693000C1930200D8860200458C02004A890200F9
:1069400021870200A88B0200EE8B020094F802E07F
:1069500063784FEA0E2E0122734437A8AA49FEF746
:106960003DFAA179627909028A1894F804E0E37883
:106970000092217AE27909024FEA0E2E8A187344B6
:10698000019237A80122A149FEF728FAA27A637A78
:106990000092E27A37A80192227B9D49029201225D
:1069A000FEF71CFA217CE27B09028A1894F80EE0BB
:1069B000637B0092A17C627C09028A180192217D8E
:1069C000E27C09028A180292A17D627D09028A187E
:1069D0000392217EE27D09028A180492A17E627EE2
:1069E00009028A180592217FE27E09028A1806921E
:1069F000A17F627F09028A18079294F82010E27F33
:106A000009028A18089294F8221094F821200902A9
:106A10008A18099294F8242094F82310120252182C
:106A20004FEA0E2E0A9237A87A4901227344FEF7E4
:106A3000D5F901F00EB994F802E063784FEA0E2E12
:106A40000222734437A87049FEF7C8F9A179627928
:106A500009028A1894F804E0E3780092217AE27936
:106A600009024FEA0E2E8A187344019237A80222B7
:106A70006649FEF7B3F9A27A637A0092E27A37A800
:106A80000192227B624902920222FEF7A7F9217C41
:106A9000E27B09028A1894F80EE0637B0092A17CE5
:106AA000627C09028A180192217DE27C09028A181F
:106AB0000292A17D627D09028A180392217EE27D05
:106AC00009028A180492A17E627E09028A18059240
:106AD000217FE27E09028A180692A17F627F090265
:106AE0008A18079294F82010E27F09028A18089207
:106AF00094F8221094F8212009028A18099294F837
:106B0000242094F82310120252184FEA0E2E0A92F3
:106B100037A8404902227344FEF760F901F099B8A2
:106B2000627837A83C49FEF759F90122A37837A8C3
:106B30003A49FEF753F90222E37837A83749FEF7BE
:106B40004DF96379227903F001031B0237A8344918
:106B50009A18FEF743F901F07CB8A2786378120224
:106B6000D31800932822002337A82E49FEF736F9C0
:106B70002279E3781202D31800932822012337A840
:106B80002849FEF72BF9A27963791202D3180093F2
:106B90002822022337A82349FEF720F9227AE37935
:106BA0001202D31800935022002337A81D49FEF784
:106BB00015F9A27A637A1202D318009350220123A6
:106BC00037A81849FEF70AF9237BE27A1B029B18C3
:106BD000009337A8134950220223FEF7FFF801F073
:106BE00038B8A27863781202D21837A80E49FEF797
:106BF000F5F82379E2781B0237A80C499A18FEF7BA
:106C0000EDF801F026B800BF4A8902002187020092
:106C1000A88B0200EE8B0200E5870200F4860200DA
:106C20002D930200F590020011880200529202009A
:106C300094F804E0E3784FEA0E6E1B049E44A378B8
:106C40006C221B029E44637837A873449749FEF771
:106C5000C5F894F808E0E3794FEA0E6E1B049E44F1
:106C6000A3796C221B029E44637937A87344904930
:106C7000FEF7B4F894F80CE0E37A4FEA0E6E1B04CA
:106C80009E44A37A6D221B029E44637A37A8734404
:106C90008649FEF7A3F894F810E0E37B4FEA0E6E06
:106CA0001B049E44A37B6D221B029E44637B37A87A
:106CB00073447F49FEF792F894F814E0E37C4FEABE
:106CC0000E6E1B049E44A37C68221B029E44637CC0
:106CD00037A873447549FEF781F894F818E0E37D0E
:106CE0004FEA0E6E1B049E44A37D68221B029E4445
:106CF000637D37A873446E49FEF770F894F81AE084
:106D0000637E4FEA0E2E6C22734437A86949FEF762
:106D100065F894F81CE0E37E4FEA0E2E6D22734472
:106D200037A86449FEF75AF8A37F647F1B0237A88F
:106D3000604968221B19FEF751F800F08ABF94F8E9
:106D400002E063784FEA0E2E7344682237A85A494E
:106D5000FEF744F82279E3781202D31800936822F0
:106D60006C2337A85549FEF739F8A27963791202E6
:106D7000D318009368226C2337A85149FEF72EF8E8
:106D8000227AE3791202D318009368226D2337A880
:106D90004A49FEF723F8A27A637A1202D3180093C5
:106DA00068226D2337A84649FEF718F8227BE37A5C
:106DB0001202D3186822009337A813463F49FEF702
:106DC0000DF8A27B637B1202D3186822009337A8C8
:106DD00013463B49FEF702F894F810E0E37B4FEAD4
:106DE0000E2E73446C2237A83349FDF7F7FFA27CBF
:106DF000637C1202D3186C22009337A813462F49E4
:106E0000FDF7ECFF227DE37C1202D3186C22009385
:106E100037A813462A49FDF7E1FFA27D637D1202E0
:106E2000D31800936C2207F118086D2337A8234963
:106E3000FDF7D4FF16F80820E37D1202D318009363
:106E40006C226D2307F11A0937A81D49FDF7C6FF0B
:106E500016F80920637E1202D31800936C2268236F
:106E600037A81649FDF7BAFF227FE37E1202D31836
:106E700000936C22682337A81149FDF7AFFFA37F69
:106E800016F808E01B026822734437A80D49FDF785
:106E9000A5FF94F8203016F809401B0237A80949CD
:106EA0006C221B19FDF79AFF00F0D3BE328C020052
:106EB0008F950200DC920200248F0200D78F02001F
:106EC000428B0200688B02006378002237A8AA492F
:106ED00003F01F03FDF782FFA378012237A8A6491C
:106EE00003F01F03FDF77AFFE378022237A8A249D7
:106EF00003F01F03FDF772FF6279237902F01F028E
:106F00000092A27937A802F01F020192E2799B4910
:106F100002F01F02029203F01F030022FDF75EFF42
:106F2000627A237A02F01F020092A27A37A802F056
:106F30001F020192E27A914902F01F02029203F0CD
:106F40001F030122FDF74AFF627B237B02F01F0231
:106F50000092A27B37A802F01F020192E27B8749D0
:106F600002F01F02029203F01F030222FDF736FF18
:106F700000F06FBE6378002237A8814903F03F0319
:106F8000FDF72CFFA378012237A87D4903F01F03EA
:106F9000FDF724FFE378022237A8794903F01F03A5
:106FA000FDF71CFF6279237902F03F020092A2797B
:106FB00037A802F03F020192E279724902F03F02E3
:106FC000029203F03F030022FDF708FF627A237A62
:106FD00002F01F020092A27A37A802F01F0201926B
:106FE000E27A684902F01F02029203F01F030122B5
:106FF000FDF7F4FE627B237B02F01F020092A27B6E
:1070000037A802F01F020192E27B5E4902F01F02E4
:10701000029203F01F030222FDF7E0FE00F019BE0A
:107020000022637837A85849FDF7D8FE0122A378DB
:1070300037A85549FDF7D2FE0222E37837A8524916
:10704000FDF7CCFE0022237937A85049FDF7C6FE94
:107050000122637937A84D49FDF7C0FE37A84B4997
:107060000222A379FDF7BAFE00F0F3BD94F8028086
:1070700063784FEA082898441FFA88F84FEAD83313
:1070800000930522002337A84149FDF7A7FE08F425
:10709000F043DB1200930522002337A83D49FDF79A
:1070A0009DFE08F4E0631B1200930522002337A81D
:1070B0003949FDF793FE08F08003DB1100930222AB
:1070C000002337A83249FDF789FE08F07803DB106A
:1070D00000930222002337A82E49FDF77FFE08F017
:1070E000070300930222002337A82B49FDF776FE01
:1070F0002379E4781B021C19A4B24FF000084FEA70
:10710000D4390522682337A8244904F4F04A4FEA09
:10711000EA2A8DE8000304F4E064FDF75FFE05222F
:10712000682337A81E4924128DE80005FDF756FE96
:10713000682337A81B490522CDF800800194FDF78C
:107140004DFE052237A86D2314498DE80003FDF795
:1071500045FE05226D2337A811498DE80005FDF78E
:107160003DFE37A80F4905226D23CDF8008001941C
:10717000FDF734FE00F06DBDB18C0200668902009F
:1071800032890200C39002004C8E02007D8B020007
:1071900005930200659402004F90020005870200EB
:1071A000528A0200118E020094F8028063784FEA3E
:1071B000082898441FFA88F84FEAD833009305222C
:1071C000012337A8B549FDF709FE08F4F043DB12A7
:1071D00000930522012337A8B149FDF7FFFD08F40C
:1071E000E0631B1200930522012337A8AD49FDF788
:1071F000F5FD08F08003DB1100930222012337A87C
:10720000A649FDF7EBFD08F07803DB10009302229E
:10721000012337A8A249FDF7E1FD08F00703009319
:107220000222012337A89F49FDF7D8FD2379E4788E
:107230001B021C19A4B24FF001084FEAD4390522F1
:10724000682337A8984904F4F04A4FEAEA2A8DE8FF
:10725000000304F4E064FDF7C1FD0522682337A8AC
:10726000924924128DE80005FDF7B8FD682337A880
:107270008F490522CDF800800194FDF7AFFD05226E
:1072800037A86D2388498DE80003FDF7A7FD052287
:107290006D2337A885498DE80005FDF79FFD37A8C8
:1072A000834905226D23CDF800800194FDF796FDFA
:1072B00000F0CFBC94F8028063784FEA0828984425
:1072C0001FFA88F84FEAD83300930522022337A823
:1072D0007249FDF783FD08F4F043DB1200930522A9
:1072E000022337A86E49FDF779FD08F4E0631B120D
:1072F00000930522022337A86A49FDF76FFD08F0C5
:1073000080030222DB11009337A813466349FDF77F
:1073100065FD08F078030222DB10009337A81346BE
:107320005F49FDF75BFD022208F00703009337A8D1
:1073300013465C49FDF752FD2379E4781B021C19C2
:10734000A4B24FF002084FEAD4390522682337A8C7
:10735000554904F4F04A4FEAEA2A8DE8000304F4A0
:10736000E064FDF73BFD0522682337A84F4924124E
:107370008DE80005FDF732FD0522682337A84C494A
:10738000CDF800800194FDF729FD6D2337A846490B
:1073900005228DE80003FDF721FD052237A86D23A6
:1073A00042498DE80005FDF719FD37A8404905223F
:1073B0006D23CDF800800194FDF710FD00F049BC6D
:1073C00094F802E063784FEA0E2E2822734437A81F
:1073D0003849FDF703FD94F804E0E3784FEA0E2EF8
:1073E0002822734437A83449FDF7F8FC94F806E0E6
:1073F00063794FEA0E2E5022734437A82D49FDF7CA
:10740000EDFC237AE4791B0237A82B4950221B1983
:10741000FDF7E4FC00F01DBCA27863780092E278EE
:107420002521019222791DA8029262790392A27904
:107430000492E2790592227A0692627A0792A27AFF
:107440000892E27A0992227B0A92627B0B92A27BDB
:107450000C92E27B0D92227C0E92184AEBF38AF694
:1074600037A817491DAAFDF7B9FCF2E37C1C325D71
:1074700037A8144902F07F02FDF7B0FC325D37A84F
:107480001149D209FDF7AAFCE3E3A378627837A893
:107490000E4942EA0322FDF7A1FCDAE3059302005C
:1074A000659402004F90020005870200528A020094
:1074B000118E02004C910200148902003A3E010034
:1074C00068910200B294020066920200709102007C
:1074D000A378627837A8944942EA0322FDF77EFC3C
:1074E000B7E3E37822791B0443EA0263627837A8A2
:1074F0001343A2788D4943EA0222FDF76FFCA8E30B
:10750000E37822791B0443EA0263627837A81343C5
:10751000A278874943EA0222FDF760FC99E3E37809
:1075200022791B0443EA0263627837A81343A278E6
:10753000804943EA0222FDF751FC8AE3A37862788E
:1075400037A87D4942EA0322FDF748FC81E3A3788E
:10755000627837A8794942EA0322FDF73FFC78E3D5
:10756000A378627837A8764942EA0322FDF736FC11
:107570006FE3A378627837A8724942EA0322FDF7E5
:107580002DFC66E394F801905FEA990900F06183AD
:107590004FF00008A179E279090294F803E041EA8A
:1075A0000241627923790A434FEA0E2E4EEA034ED6
:1075B000A3780092617AA27A090241EA0241227A12
:1075C00037A80A430192217B627B090241EA02410A
:1075D000E27A4EEA03030A4302925B49424608F10B
:1075E0000108FDF7FBFB0C34C845D3DB31E337A8BA
:1075F00056496278FDF7F2FB2BE337A854496278CD
:10760000FDF7ECFB25E3227AE17923791143A27996
:1076100094F803E0114362794EEA030EA3780A431B
:107620004EEA030E63780092227BE17A4EEA03036E
:107630001143A27A37A81143627A0A430192227C4D
:10764000E17B1143A27B1143627B0A4302924149D1
:107650000022FDF7C3FB227EE17D237D1143A27D45
:1076600094F813E01143627D4EEA030EA37C0A43B3
:107670004EEA030E637C0092227FE17E37A811431D
:10768000A27E4EEA03031143627E0A43019294F8FC
:107690002020E17F1143A27F0A43617F0A430292C7
:1076A0002C490122FDF79AFBD3E2A37864781B02F0
:1076B0001C19A4B204F00F0300932822002337A85A
:1076C0002549FDF78BFB04F0F0031B1100932822E2
:1076D000012337A82049FDF781FB04F470631B12D6
:1076E00000932822022337A81B49FDF777FB37A810
:1076F0001A492822E30BFDF771FBAAE22179E2780F
:1077000009028A1894F802E063780092A2796179FC
:10771000120252184FEA0E2E019237A81049002289
:107720007344FDF75BFB94E2D38802003F930200B1
:10773000579302006F930200588E02006D8E020074
:10774000828E0200978E020068900200249102004F
:10775000D4890200798D0200998D0200ED92020019
:10776000538702002179E27809028A1894F802E02E
:1077700063780092A179627909028A180192217ACC
:10778000E27909028A180292A17A627A09028A18B9
:107790000392217BE27A09028A180492A17B627B20
:1077A00009028A180592217CE27B09028A18069256
:1077B000A17C627C09028A180792217DE27C090281
:1077C0008A180892A17D627D09028A180992227E98
:1077D000E17D120252184FEA0E2E0A9237A87B4919
:1077E00000227344FDF7FAFA33E22179E2780902C4
:1077F0008A1894F802E063780092A179627909020C
:107800008A180192217AE27909028A180292A17AF1
:10781000627A09028A180392217BE27A09028A18A5
:107820000492A17B627B09028A180592217CE27B8B
:1078300009028A180692A17C627C09028A180792C2
:10784000217DE27C09028A180892A17D627D0902ED
:107850008A180992227EE17D120252184FEA0E2EFA
:107860000A9237A85A4900227344FDF7B7FAF0E1AB
:107870002179E27809028A1894F802E0637800928C
:10788000A179627909028A180192217AE2790902C2
:107890008A180292A17A627A09028A180392217BDD
:1078A000E27A09028A180492A17B627B09028A1893
:1078B0000592217CE27B09028A180692A17C627CF7
:1078C00009028A180792217DE27C09028A1808922F
:1078D000A17D627D09028A180992217EE27D09025A
:1078E0004FEA0E2E8A180A927344002237A83949AB
:1078F000FDF774FA217FE27E09028A1894F81AE0F3
:10790000637E0092A17F627F09028A18019294F837
:107910002010E27F09028A18029294F8221094F84B
:10792000212009028A18039294F8241094F8232045
:1079300009028A18049294F8261094F82520090266
:107940008A18059294F8281094F8272009028A18BA
:10795000069294F82A1094F8292009028A180792AE
:1079600094F82C1094F82B2009028A18089294F8A5
:107970002E1094F82D2009028A18099294F83020CC
:1079800094F82F10120252184FEA0E2E0A9237A8BE
:10799000104901227344FDF721FA5AE1A378627875
:1079A0001B0237A80C499A18FDF718FA51E137A8BD
:1079B0000A496278FDF712FA4BE1A378627837A89A
:1079C000074942EA0322FDF709FA42E14F88020023
:1079D0008C890200FE940200458C0200018802009E
:1079E0007E870200E2782379120442EA0362637818
:1079F000217A1A43E379207B1B0443EA016361790E
:107A000094F802C00B43E17A94F806E0090441EAD5
:107A10000061607A42EA0C220143A07A43EA0E2315
:107A200041EA00210091E17B207C090441EA0061E8
:107A3000607B0143A07B41EA00210191E17C207D34
:107A4000090441EA0061607C0143A07C41EA002115
:107A50000291E17D207E090441EA0061607D0143DD
:107A6000A07D41EA00210391E17E207F090441EAE3
:107A70000061607E0143A07E41EA00210491E17F24
:107A800094F82000090441EA0061607F0143A07F6F
:107A900041EA0021059194F8231094F82400090488
:107AA00041EA006194F82100014394F8220041EA80
:107AB0000021069194F8270094F82810000440EA69
:107AC000016094F82510014394F8260041EA002152
:107AD000079137A88249FDF781F9BAE0E278237966
:107AE000120442EA03626378217A1A43E379207B25
:107AF0001B0443EA0163617994F802C00B43E17A05
:107B000094F806E0090441EA0061607A42EA0C2236
:107B10000143A07A43EA0E2341EA00210091E17B70
:107B2000207C090441EA0061607B0143A07B41EABB
:107B300000210191E17C207D090441EA0061607C23
:107B40000143A07C41EA00210291E17D207E0904ED
:107B500041EA0061607D0143A07D41EA002103917B
:107B6000E17E207F090441EA0061607E0143A07E3E
:107B700041EA00210491E17F94F82000090441EAE0
:107B80000061607F0143A07F41EA0021059194F8E4
:107B9000231094F82400090441EA006194F82100BC
:107BA000014394F8220041EA0021069194F827004D
:107BB00094F82810000440EA016094F8251001436D
:107BC00094F8260041EA0021079137A84549FDF7BE
:107BD00005F93EE00B2D3CD1A37862781B02D21848
:107BE00037A84149FDF7FAF82379E2781B02D21849
:107BF00037A83E49FDF7F2F8A37962791B02D21843
:107C000037A83B49FDF7EAF8237AE2791B02D2183C
:107C100037A83849FDF7E2F8A27A637A120237A84A
:107C200035499A18FDF7DAF813E0E37822791B0456
:107C300043EA0263627837A81343A2782F4943EAE4
:107C40000222FDF7CBF804E00022149201E00123A8
:107C5000139310997B19FF297DF463A9159A0132BA
:107C60001592159B1B998B427DF453A9119A511CB7
:107C700003D037A82249FDF7B1F89DF89C3023B115
:107C800037A8204927AAFDF7A9F8169B0A2B0CD87C
:107C900000201D49ECF3A4F038B9139929B937A88D
:107CA0001A49139AFF23FDF799F8389A002302F82E
:107CB000013B449B1A9800931299189B3892FDF748
:107CC0006DF804461298F0F317F201E06FF001042A
:107CD00020463BB0BDE8F08F01211391B9E700BF0A
:107CE000C28C0200FF8C02004F8F0200638F0200E3
:107CF000778F02008B8F02009F8F02002C8E020074
:107D00001D900200F4890200468902009C8702004F
:107D10002DE9F04F8DB0059205468A4606A8002150
:107D2000142298460B91EBF3BFF1594B1C78002CB1
:107D300040F0A3806B69232B0CDD1C2228462146D2
:107D400023460094F5F388F2002806DA012602277C
:107D5000B14605E00427012601E00C270326A146D1
:107D60002846F5F30BF20128834602D0022813D1EE
:107D700005E028465146EBF3CBF040000BE02846E7
:107D8000FCF7A1FF044638B1FCF793FFC20503D509
:107D90002046FCF793FF0B900B9800284ED0F0F391
:107DA00099F1044600286ED0BBF1010F03D0BBF15E
:107DB000020F1BD10BE00B9B002101930290059A4F
:107DC0002846534600910391EBF3A0F00CE00B9A88
:107DD0000CAB520843F8042D284601212246FCF73B
:107DE000A6FF0B9B5B000B93002840D122884FF627
:107DF000FD73013A92B29A4203D92046F0F37CF126
:107E00001CE0B9F1000F03D004EB4707069719E017
:107E1000E31962880693A388A7F5805707EB12221F
:107E20001B0602EB1343E3180793E388DB19E318FF
:107E300008932389DF19E719099703E0154B0024FC
:107E400006930126169A5046009206A932464346EA
:107E5000FDF716F850B9169B28461A68D8F8001096
:107E600001F038FDD8F800200B4B1A6014B1204601
:107E7000F0F342F1064A01231370169B0020C8F864
:107E80000000186001E06FF01A000DB0BDE8F08F3F
:107E900029610100608B02008893020030B5194609
:107EA000039B049C43B14CB100251D6025600394E5
:107EB000BDE83040FFF72CBF184630BD204630BD2E
:107EC000014B00221A70704729610100F8B50C4F70
:107ED00006463C688CB101250BE0284600212C4663
:107EE000E6F7C6FF20B128463146E6F7BBFF04E0BF
:107EF00001353B689D42F0D900242046F8BD00BF03
:107F00002C61010010B5847801462046E6F7B0FFE9
:107F100028B120460021E6F7A5FF002010BD4FF054
:107F2000FF3010BD70B50C4E0D46306880B90B495E
:107F3000E6F798FF012404E020460021E6F792FFCF
:107F4000013433689C42F7D9034B28461D6070BD4D
:107F50004FF0FF3070BD00BF2C610100ADDEADDE23
:107F6000064B1A68194632B1012300E001339342EF
:107F7000FCD900230B600020704700BF2C6101007A
:107F80002DE9F0470C4616688246154608468422BD
:107F9000002198469DF82470EBF386F02046FFF709
:107FA00095FFC0B2002832D0012323709DF8203005
:107FB000A070003318BF0123E3703C233C2EB4BFF4
:107FC000B1464FF03C09A4F80E806770A3810026EB
:107FD00015E0504641463A46F0F390F030B96368F8
:107FE000002B0CBF6FF01A0000200BE0A3780136C5
:107FF000C3706368436123896060013323814E4508
:10800000E7DB0020238963812B60BDE8F0874FF018
:10801000FF30BDE8F087F8B506460C4600250BE0BA
:108020007B693046636000237B61FB703946E278F0
:10803000F0F386F00135ADB26768002FF0D12389E7
:1080400020465B1B238163895D1B6581FFF75AFF17
:10805000A77027703846F8BD10B5C37C032B08D035
:108060009C1D00EBC40401336160A260C374002056
:1080700010BD4FF0FF3010BD2DE9F84311F01F0681
:1080800018BF012606EB511707F107094FEA8909C6
:1080900048460D4601F01F08F0F31CF00446002886
:1080A0003BD000214A46BFB2EAF3FEF76780A580C5
:1080B000E580A46021462246002303E04FF0FF3014
:1080C000906101330432BB42F8D356B14FF0FF3216
:1080D00002FA08F87B1D04EB83035A6882EA08025F
:1080E0005A6017F01F0318BF012307F01F0003EBAE
:1080F00057172780002203E04FF0FF358D600132D3
:108100000431BA42F8D343B14FF0FF338340013713
:1081100004EB87077A6853407B602046BDE8F8830C
:108120000846EFF3E9B7436B23B14FF47F629A60DF
:10813000436B05E0836B4BB14FF47F629A60836BB6
:108140009868D0F1010038BF0020704701207047C7
:108150000346002001E00130C0B25B08FBD170474C
:108160000B6843F440330B6008680B6800F4403040
:1081700023F440330B60A0F54031484240EB01004E
:10818000704708B5416B09B9816B21B1806AFFF76F
:10819000E7FF012008BD084608BD2DE9F047DDF8DE
:1081A00020801F88099D1046894614461E46394680
:1081B00042462B46EFF38EF48246E8B1012313FAD0
:1081C00007F72B68013BDB19B3FBF7F35F43631E33
:1081D000DB195F4017EA090F0ED02046FFF7B8FF02
:1081E00030805046EFF380F43188204642462B46DB
:1081F000BDE8F047EFF36EB45046BDE8F08770B5C8
:10820000002301290CBFB0F84620B0F86C2086B0DE
:108210000493B0F84430120101290446ADF8163039
:108220000D46806A41F6FF7329D104AED4F8C4101C
:10823000009604F15C060196994214BF4FF4803118
:108240004FF4005104F150060DF116030296FFF7AA
:10825000A4FF002840D0BDF81630E26D15FA03F3F4
:10826000511EC918B1FBF3F14B43A3659B1A9BB296
:10827000C018A4F86030049BE06363662BE004AD93
:10828000D4F8CC10009504F184050195994214BFEF
:108290004FF480314FF4005104F178050DF11603CD
:1082A0000295FFF77AFFB8B1BDF81630012515FA2F
:1082B00003F3D4F88420511EC918B1FBF3F14B43EA
:1082C000C4F880309B1A9BB2C018A4F88830049B75
:1082D0002064C4F88C30284606B070BDFFF78FBF0D
:1082E0002DE9F74F8DE803000EAEE02014469A46C4
:1082F0000D9F96E8400ADDF84C80EFF3EBF605465B
:10830000002800F079810021E022EAF3CDF69A4BB3
:108310000021B8F1000F08BF98460A46C5F81C8036
:108320002046F4F38BF70C9BC0F30030AB63934B08
:1083300003212B60002285F83000C5F834A02846C0
:10834000EDF3F8F5082205F120000199EAF384F72E
:10835000002385F82730009BEC62AB62BBF1FF3F46
:1083600014BF5B46CC23B9F1CC0F88BFC3EB09091E
:10837000C5F89830BDF84430A5F84670C5F89C3073
:108380009DF84830A5F86C60C5F8A0300C9BA5F8A6
:108390009490002B45D0AA6B1368D80704D523F01E
:1083A00001031360AA6B1360AB6B4FF0FF329A604E
:1083B0002046F4F345F740F63C03984212D1E86AB0
:1083C000F4F34EF7052809D0E86AF4F349F70828D2
:1083D00004D0E86AF4F344F70C2803D1AB6B4FF0F8
:1083E000FF329A60AB6B9A681205120D1AB15A6887
:1083F00042F00F0201E041F6FF72C5F8CC201A6886
:1084000002F4E012920C85F8B5201A6802F46002BA
:10841000520D85F8BA201B6803F040731B0E85F8D7
:10842000BB30BAF1000F4DD06A6B1368D90704D581
:1084300023F0010313606A6B13606B6B4FF0FF3224
:108440009A60E86AF4F3FCF640F63C03984212D1D5
:10845000E86AF4F305F7052809D0E86AF4F300F7B1
:10846000082804D0E86AF4F3FBF60C2803D16B6B00
:108470004FF0FF329A606B6B9A681205120D1AB1B9
:108480005A6842F00F0201E041F6FF72C5F8C420BD
:10849000C5F8C8201A6802F4E012920C85F8B620DC
:1084A0001A6802F4E072920985F8B7201A6802F49B
:1084B0006002520D85F8B8201B6803F040731B0E54
:1084C00085F8B93062680023012AC5F8A430C5F8E0
:1084D000AC3018D1A268B2F5026F03D040F63C016F
:1084E0008A4202D14FF0004303E04FF08042C5F8CA
:1084F000A420C5F8A830D5F8A430C5F8AC30D5F81C
:10850000A830C5F8B0302046F4F39AF640F62903B7
:10851000984208D12046F4F3A3F620B12046F4F3A4
:108520009FF602280FD92046F4F38AF640F634036A
:1085300098420CD12046F4F393F620B12046F4F390
:108540008FF6012803D1002385F8313004E0284656
:10855000FFF717FE85F831002846FFF7E4FD85F8A0
:10856000B40068B10D23FF2FA5F844300CD8FF2EBE
:1085700009D80C2305E000BF906101008C50010078
:108580000423A5F844304FB1BC002046EFF3A2F518
:10859000E86468B300212246EAF386F54EB1B400E0
:1085A0002046EFF397F5686710B300212246EAF3FF
:1085B0007BF527B128460121FFF790FEC0B126B117
:1085C00028460221FFF78AFE90B1D5F8A4305BB1AE
:1085D00095F8313043B9AB6DB3F1804F08D8D5F879
:1085E0008030B3F1804F03D8012385F8DD3003E0FC
:1085F0002846EDF3F9F400252846BDE8FE8F00BFBC
:1086000010B50446F5F38CF2002120460A46F4F337
:1086100015F6C30407D5204601F0DBFA00280CBF8D
:108620002020402010BD202010BD2DE9F047044639
:10863000266A09A9042E666A9DF82000CCBF06F4BC
:10864000781606F4F01691E82202760C4FF0000836
:108650004BE031F828A01FFA83FCE24501EB8807C4
:1086600003D197F802C0844504D008F101085FFAED
:1086700088F83AE0002A35D006FB08F800252EE0FD
:1086800063692046222B0ADDE3695A0607D540F6C6
:1086900027010022F4F342F70146204600E00021C2
:1086A0004FF4CC62F4F3DAF5056063692046222BBF
:1086B0000ADDE3695B0607D540F627010022F4F3E3
:1086C0002DF70146204600E0002140F26462F4F3F9
:1086D000C5F509EB880353F8253001350360EBB28B
:1086E000B342CDD3F878BDE8F087A845B1D30020D8
:1086F000BDE8F0872DE9F84304461E46002B00F044
:10870000B480436A02EB061503F4F8594FEA1929BD
:1087100055F8043C013E0BB900279FE020469847DE
:10872000002800F09E80F7E70122BA4055F8103C7F
:108730001A4200F0928063692046222B0ADDE36929
:108740005A0607D540F627010022F4F3E7F6014662
:10875000204600E000214FF4C462F4F37FF5076087
:1087600015F90C2C22B1012A19D0013275D144E03F
:1087700063692046222B09DDE3695B0606D540F6D6
:108780002701F4F3CBF60146204600E0002140F239
:108790002462F4F363F555F8083C03605DE0636917
:1087A0002046222B0ADDE369590607D540F627014A
:1087B0000022F4F3B3F60146204600E0002140F227
:1087C0002462F4F34BF563698046222B20460ADDD0
:1087D000E3695A0607D540F627010022F4F39EF616
:1087E0000146204600E0002140F22462F4F336F511
:1087F00055F8083C026813432DE063692046222B9C
:108800000ADDE3695B0607D540F627010022F4F391
:1088100085F60146204600E0002140F22462F4F390
:108820001DF563698046222B20460ADDE36959065F
:1088300007D540F627010022F4F370F601462046E2
:1088400000E0002140F22462F4F308F555F8082C0A
:10885000036823EA0203C8F8003001374F457FF46C
:1088600063AF103D002E7FF453AFBDE8F8830000E6
:1088700070B59D4904460020EBF38EF2002800F00D
:10888000318100209849EBF387F297490546002093
:10889000EBF382F2944906460020EBF37DF215F0EB
:1088A000006500F0AC804FF4001200211346204612
:1088B000E6F741FD0222062113462046F4F344F672
:1088C00063692046222B0ADDE3695A0607D540F684
:1088D00027010022F4F322F60146204600E00021A1
:1088E0004FF4C162F4F3BAF40668002506F480760A
:1088F0001BE04FF47A70EFF3DBF063692046222B24
:108900000ADDE3695B0607D540F627013246F4F33A
:1089100005F60146204600E000214FF4C162F4F361
:108920009DF40668013506F480761EB9B5F57A7FA8
:10893000DFD170BDB5F57A7F00F0D4804FF47A7046
:10894000EFF3B6F00822062113462046F4F3FCF5B7
:108950000023062104222046F4F3F6F54FF47A7042
:10896000EFF3A6F063692046222B0ADDE36959067E
:1089700007D540F627010022F4F3D0F50146204642
:1089800000E000214FF4C062F4F368F405680026AB
:1089900005F001051BE04FF47A70EFF389F063698D
:1089A0002046222B0ADDE3695A0607D540F6270147
:1089B0000022F4F3B3F50146204600E000214FF415
:1089C000C062F4F34BF40568013605F001051DB1F2
:1089D000B6F57A7FDFD102E0B6F57A7F03D1204683
:1089E0000621082279E029464FF480122B462046C2
:1089F000E6F7A1FC2046062101222B466EE073011A
:108A000070D54FF48012134629462046E6F793FCB2
:108A10000122062113462046F4F396F54FF47A70AE
:108A2000EFF346F00422062113462046F4F38CF5BA
:108A3000062108222B462046F4F386F54FF47A707F
:108A4000EFF336F063692046222B0ADDE3695E0608
:108A500007D540F627012A46F4F360F50146204683
:108A600000E000214FF4C062F4F3F8F3066800253B
:108A700006F001061BE04FF47A70EFF319F063691A
:108A80002046222B0ADDE369590607D540F6270167
:108A90003246F4F343F50146204600E000214FF44E
:108AA000C062F4F3DBF30668013506F001061EB977
:108AB000B5F57A7FDFD102E0B5F57A7F03D12046A4
:108AC0000621042209E000214FF400120B46204643
:108AD000E6F731FC2046062102220023BDE8704063
:108AE000F4F332B570BD00BF6853010046F29053F5
:108AF000994210B5044609D049F21823994207D08B
:108B0000B1F5964F0CBF1F23002302E02A2300E09B
:108B10003C230521FF222046E6F779FC4FF40002B2
:108B2000062113462046E6F73CFC1E20EEF3C0F774
:108B3000204606214FF400020023BDE81040E6F76E
:108B400030BC0000F0B5036A466A042BCCBF06F4C3
:108B5000781606F4F01685B00446760C00253BE046
:108B6000102168461F4A2B46EAF304F300206946A9
:108B7000EBF336F100282ED000210A46EAF3CCF6BA
:108B800063690746222B20460ADDE369590607D5AB
:108B900040F627010022F4F3C1F40146204600E02C
:108BA00000214FF4CC62F4F359F305606369204669
:108BB000222B0ADDE3695A0607D540F62701002279
:108BC000F4F3ACF40146204600E0002140F2646278
:108BD000F4F344F307600135EBB2B342C0D305B000
:108BE000F0BD00BFD5950200F0B5036A85B0042B37
:108BF0000446466A03DD06F0F866B60D02E006F0AC
:108C0000F076760D00253BE0102168461F4A2B4682
:108C1000EAF3B0F200206946EBF3E2F000282ED030
:108C200000210A46EAF378F663690746222B2046BC
:108C30000ADDE3695A0607D540F627010022F4F35E
:108C40006DF40146204600E000214FF4CB62F4F3BE
:108C500005F3056063692046222B0ADDE3695B06A4
:108C600007D540F627010022F4F358F401462046C8
:108C700000E0002140F25C62F4F3F0F2076001359D
:108C8000EBB2B342C0D305B0F0BD00BF0C990200F7
:108C9000F0B5036A85B0042B0446466A01DDF60E82
:108CA00002E006F0F056760E00253BE01021684603
:108CB0001E4A2B46EAF35EF200206946EBF390F081
:108CC00000282ED000210A46EAF326F663690746FB
:108CD000222B20460ADDE3695B0607D540F6270113
:108CE0000022F4F31BF40146204600E000214FF47B
:108CF000CA62F4F3B3F2056063692046222B0ADDF1
:108D0000E369590607D540F627010022F4F306F47B
:108D10000146204600E0002140F25462F4F39EF246
:108D200007600135B542C1D105B0F0BD1B99020005
:108D300000487047C0AD3A022DE9F04304460F46A3
:108D400085B00020904915461E46EBF325F060B92A
:108D50002046394615B1FFF7EBFF07E0FFF7E8FFC4
:108D60004FF47A75B0FBF5F500E005460020874921
:108D7000EBF312F000F00F00012808D0022809D010
:108D8000834B844A032814BF9146994604E0DFF8D8
:108D9000149201E0DFF8109229462046FFF7A6FE64
:108DA0002046F4F355F2002180462046F5F300F00A
:108DB000794B0246002E4BD101930323029339468F
:108DC000204632462B460096CDF80C90FFF72DFC3E
:108DD0000746002837D063692046222B0ADDE36965
:108DE0005B0607D540F627013246F4F397F30146B8
:108DF000204600E000214FF4C062F4F32FF2026835
:108E0000BF004FF68373134007F07C0205F17F0724
:108E1000FF09013F42EA07471F4363692046222BAF
:108E20000ADDE369590607D540F627010022F4F36D
:108E300075F30146204600E000214FF4C062F4F3D0
:108E40000DF2076096E029465448EAF353F192E0A8
:108E500000218DE80A0003230293204639462B4661
:108E6000CDF80C90FFF7E1FB002D00F08380204649
:108E7000E6F774F8064606E0AB4203D16369222B9D
:108E800007DC12E00C36002E74D03388002BF3D1AF
:108E900070E0E3695A0608D540F627012046002213
:108EA000F4F33CF30146204601E0204600214FF454
:108EB000C062F4F3D3F10268B37802F07C02B3EB42
:108EC000920F57D03579F3782D061B0505F07065A4
:108ED00003F4700300214FF07F622B432046E6F736
:108EE00096FA737902211B052D4A43F4003320467C
:108EF000E6F78DFAB3686FF07F42032113402046F6
:108F0000E6F785FA63692046222B0ADDE3695B06F2
:108F100007D540F627010022F4F300F3014620466E
:108F200000E000214FF4C062F4F398F102684FF6BC
:108F3000837335881340B2787F35ED119200013D7F
:108F400002F07C0242EA05451D4363692046222B5C
:108F50000ADDE3695E0607D540F627010022F4F337
:108F6000DDF20146204600E000214FF4C062F4F338
:108F700075F10560012620464146F4F319F73046A5
:108F800005B0BDE8F08300BFEC950200745301000A
:108F90008C5101000C52010006970200A3950200BB
:108FA0000000FE1F80530100F85301002DE9F0433B
:108FB00099468BB00023079308930993036A476A85
:108FC000042BCCBF07F4781707F4F01704460D46BE
:108FD00090467F0C00260CE0102103A8334A33464C
:108FE000EAF3C8F0002003A9EAF3FAF620B9013643
:108FF000F6B2BE42F0D34EE008AB009309AB01934A
:1090000020462946424607ABE6F7C0FB0123294626
:109010004A462046FFF790FE20462946FFF792FD7C
:10902000236A012B2CDD63692046222B0ADDE369CC
:109030005E0607D540F627010022F4F36FF20146E1
:10904000204600E000214FF4C062F4F307F16369A9
:109050000646222B20460ADDE369590607D540F66D
:1090600027010022F4F35AF20146204600E00021D5
:109070004FF4C062F4F3F2F0036843F480633360AA
:10908000089B20460093099B294601934246079B73
:10909000E6F7D4F807E0204629464A460023FFF7C2
:1090A0004BFE0028A8D10BB0BDE8F083D595020097
:1090B0002DE9F04F002587B004460E46049505952E
:1090C000F4F3C6F0294683462046F4F371F6A1492D
:1090D00082462846EAF384F648B1012384F86033D7
:1090E00029462A46EAF318F4C4F85C0301E084F840
:1090F000600300209849EAF373F648B10123002188
:1091000084F868330A46EAF307F4C4F8640301E01C
:1091100084F868032046F3F3F5F7904B676A9842AA
:109120008F4B94BF20252125A3F1080898BF9846AE
:1091300007F4F8573F0A08EBC50863692046222B5D
:109140000ADDE3695A0607D540F627010022F4F349
:10915000E5F10146204600E000214FF4C462F4F33B
:109160007DF018F8083C013D036063692046222B1E
:109170000ADDE3695B0607D540F627010022F4F318
:10918000CDF10146204600E000214FF4C562F4F322
:1091900065F058F8043CA8F108080360002DCCD114
:1091A00047E0082102A86F4A2B46E9F3E3F70020C5
:1091B00002A9EAF315F600283AD000210A46EAF39C
:1091C000ABF3236A80460C2B07DDB0F5803F04D259
:1091D000C3B24FEA102843EA084863692046222BAD
:1091E0000ADDE369590607D540F627010022F4F3AA
:1091F00095F10146204600E000214FF4C462F4F3EB
:109200002DF0056063692046222B0ADDE3695A06CA
:1092100007D540F627010022F4F380F101462046ED
:1092200000E000214FF4C562F4F318F0C0F80080AC
:109230000135BD42B5D1204631464B4A1F23FFF7C9
:1092400059FA00253EE00821484A2B4602A8E9F3D6
:1092500091F7002002A9EAF3C3F58146002830D037
:1092600063692046222B0ADDE3695B0607D540F6D9
:1092700027010022F4F352F10146204600E00021CC
:109280004FF4C462F3F3EAF7056063692046222BCA
:109290000ADDE369590607D540F627010022F4F3F9
:1092A0003DF10146204600E0002140F22462F3F344
:1092B000D5F7002180460A464846EAF32DF3C8F860
:1092C00000000135BD42BED1204604A905AAE5F73C
:1092D0000FFF049F52463B4631460025204600952D
:1092E000E5F752FE384304902046F4F347F4059A1C
:1092F000049B002A3CD01A4363690592222B204626
:109300000ADDE3695A0607D540F627012A46F4F339
:1093100005F10146204600E0002140F21C62F3F313
:109320009DF763690546222B20460ADDE3695B064B
:1093300007D540F627010022F4F3F0F0014620465D
:1093400000E0002140F21C62F3F388F7059B0268FD
:109350003AE000BFC595020000970200BFAD3A0297
:1093600000960200E79502001C970200E2950200B9
:10937000002B2BD063692046222B09DDE3695906B7
:1093800006D540F62701F4F3C9F00146204600E077
:10939000002140F21C62F3F361F763690546222B5A
:1093A00020460ADDE3695A0607D540F62701002268
:1093B000F4F3B4F00146204600E0002140F21C62C4
:1093C000F3F34CF7049B026813432B60049BABB18F
:1093D00063692046222B0ADDE3695B0607D540F668
:1093E00027010022F4F39AF00146204600E0002114
:1093F0004FF4C362F3F332F7049B0360059BABB1F8
:1094000063692046222B0ADDE369590607D540F639
:1094100027010022F4F382F00146204600E00021FB
:1094200040F21C62F3F31AF7059B03603146524683
:109430002046E6F77EF94FF4FA60EEF339F3204662
:109440005946F4F3B5F407B0BDE8F08FF8B504461B
:1094500015460E46F3F3FCF6002107462046F4F3CA
:10946000A7F4314602462B462046FFF79FFD2046D3
:1094700031462A46E5F7D8FD20463946BDE8F84092
:10948000F4F396B438B5036A0446012B2DD1436931
:10949000222B0ADDC3695A0607D540F627010022B0
:1094A000F4F33CF00146204601E0204600214FF451
:1094B000C062F3F3D3F663690546222B20460ADD2A
:1094C000E3695B0607D540F627010022F4F326F096
:1094D0000146204600E000214FF4C062F3F3BEF6DF
:1094E000036823F400732B6038BD2CDD4369222B05
:1094F0000ADDC369590607D540F627010022F4F3B7
:109500000DF00146204601E0204600214FF4C062E4
:10951000F3F3A4F663690546222B20460ADDE369CE
:109520005A0607D540F627010022F3F3F7F7014664
:10953000204600E000214FF4C062F3F38FF6036889
:1095400043F400732B6038BD70470120704738B575
:1095500005460C46FFF79CFB284621460022FFF7F4
:10956000F3FF28462146BDE83840FFF781B90000E7
:1095700038B504460D4600203149EAF331F440B1D4
:1095800000210A46EAF3C8F12946C3B20122204667
:1095900003E02046294601220523E5F78BFF002042
:1095A0002849EAF31DF448B100210A46EAF3B4F170
:1095B0002946C3B209222046E5F77CFF0020224954
:1095C000EAF30EF448B100210A46EAF3A5F1294670
:1095D000C3B205222046E5F76DFF00201B49EAF3E0
:1095E000FFF348B100210A46EAF396F12946C3B2D7
:1095F00006222046E5F75EFF002120464FF4786200
:109600004FF43863E5F7CDFE002120464FF4604269
:109610004FF42043E5F7C5FE4FF4C0220021134666
:109620002046E5F7BEFE0122002120461346E5F75D
:10963000B8FE20462946BDE83840FFF7D5BA00BF3E
:1096400012970200DB95020012990200CA950200EF
:1096500038B5036A0446092B69DD4369222B0ADD0C
:10966000C3695B0607D540F627010022F3F356F7DE
:109670000146204601E0204600214FF4C062F3F38A
:10968000EDF5026812F0010253D163692046222BE6
:1096900009DDE3695D0606D540F62701F3F33EF7E1
:1096A0000146204600E0002140F26C62F3F3D6F55B
:1096B0004FF0004303604FF47A70EEF3F9F1636901
:1096C0002046222B0ADDE369590607D540F627011B
:1096D0000022F3F323F70146204600E0002140F288
:1096E0006C62F3F3BBF505686369ED04ED0C222BA6
:1096F00020460ADDE3695A0607D540F62701002215
:10970000F3F30CF70146204600E0002140F26C62C2
:10971000F3F3A4F56D030023036005F54245064805
:1097200005F5A875B5FBF0F56420684338BD002049
:1097300038BD002038BD00BFA086010038B500212B
:1097400005461020E3F7A0FF002104461022E9F3AC
:10975000ABF46560204638BD08B1E4F71DB870472A
:1097600010B50446E4F706F96060E0602068E7F7AA
:1097700016FA6368A0F50060206118180123A06044
:10978000237610BD38B50546F4F3CAF11C20EEF37C
:10979000A1F4084C00211C222060E9F385F4206824
:1097A0000560FFF7DDFF044922682846BDE8384020
:1097B000E6F726BC90040000D93F00002DE9F84FE1
:1097C0000C46F4F3ADF141F20100E568EEF382F4EA
:1097D00000287CD000F1010C064620E0013219700F
:1097E000D2B2434639783D460137C1B13D2903F134
:1097F0000108F3D1327029464646002203E00132C7
:109800003770D2B2664611F8017FC3EB0508B04449
:1098100006F1010C002FF2D11A7008F10105E7687A
:10982000A368FB189D4205D22B781BB12F466346D7
:109830000022D7E725460123E2688346BA1A2A8226
:109840003BE0594611F8012B9A4202D14FF0000C2F
:109850000AE0102B2AD10F2AF8DC27E01BF8018F31
:1098600007F80C800CF1010C6245F7D101EB0208FE
:10987000895C07EB020C4FF03D0907F8029008F1F4
:10988000010B0CF1010701F10109002203E018F8B6
:1098900002A00CF802A001324A45F8D17A184FF024
:1098A000000C07F801C08B44571C06E011F802B009
:1098B00001EB020C0BF1010BE344B345C1D30133BF
:1098C0000235112BB8D1BDE8F84FEEF315B4BDE861
:1098D000F88F0000F8B50E4617460446F4F320F161
:1098E0003020EEF3F7F3054668B1C660074E30232B
:1098F000436033688760036029462046FFF75EFFB8
:1099000035600020F8BD6FF01A00F8BD9404000027
:1099100008B5064B1B683BB9054B196821B1054BCF
:109920001A680AB1FFF7D6FF002008BD94040000B2
:10993000985C01009C5C0100F8B5104B07461C6860
:109940001E46BCB1E3689BB10D4D2A689A420FD107
:10995000F4F3E6F0E068EEF3CFF300232B6007E0CA
:1099600038462568F4F3DCF02046EEF3C5F32C46C8
:10997000002CF5D100233360F8BD00BF9404000033
:109980008893020073B5856E04466DB1D0F8CC3073
:1099900000EB8303D3F8D420036E9A4203D1406EC8
:1099A000A847054600E000252046F3F351F40023C4
:1099B00002A941F8083D06466946204601AA0DF075
:1099C000C1FE9DE806004FF4FF20E9F3E9F22046CE
:1099D0003146F4F3EDF1E36E5BB1D4F8CC2004EB47
:1099E0008202D2F8D410226E914202D1606E2946D2
:1099F00098477CBDF8B50446F0F3BAF000284FD084
:109A0000A56E6DB1D4F8CC3004EB8303D3F8D42029
:109A1000236E9A4203D1606EA847054600E00025F8
:109A20002046F3F315F4002107462046F4F3C0F175
:109A30000121064600222046F0F3BAF04FF48011CF
:109A40000A462046F0F396F040210A462046F0F3FD
:109A5000A5F04FF080710A462046F0F38BF02046C7
:109A6000FFF790FF0F4B0121C6F804354FF4FC734C
:109A7000C6F808350A462046F0F39AF020463946E3
:109A8000F4F396F1E36E5BB1D4F8CC2004EB8202E0
:109A9000D2F8D410226E914202D1606E29469847C6
:109AA000F8BD00BFF200394001207047C36B44F29B
:109AB000583293420DD004D844F25632934218D112
:109AC00012E04AF62E22934208D04AF62F22934201
:109AD0000FD1C0F884334AF6322303E0C0F8843350
:109AE0004AF63123C3637047C0F8843344F25433D9
:109AF000C363704738B541F2E443044603630D463F
:109B000029B108460F49EAF347F1A06240B9284657
:109B10000D49EAF341F1A06210B94FF6FF73A36259
:109B20000A492846EAF338F10949E0622846EAF38F
:109B300033F1084960632846EAF32EF184F85500B2
:109B400038BD00BF2D9902002399020064990200DC
:109B5000439902004E9902007047000030B585B06D
:109B60000190002404A840F8044D01A90422E9F35F
:109B700017F2019DB5B12B46D3F88C2012B100220B
:109B8000C3F88C2001340433102CF5D10398FEF770
:109B900097F90398FFF7D0FE034B9D4202D0284669
:109BA000EEF3AAF205B030BDE46101000367D0F81E
:109BB000CC3010B500EB8303029CD3F8D43044665C
:109BC0008166C266036610BD00238366C3660367B1
:109BD00070478069C0F3C06070472DE9F8430446C0
:109BE0001E46089D099FFAF761FC00212046F4F308
:109BF000DFF080462046F3F333F30A28C8BFD8F8D5
:109C00002C306061C8BFA3642228D8F80430C8BFD4
:109C1000D8F8AC20A361C8BFE261DA001CD52228C5
:109C200014DDE3695B0611D50022204640F62701CA
:109C3000F3F374F401462046F4F3BAF0D0F8043696
:109C4000002163622046F4F3B3F002E0D8F8043652
:109C5000636294F8243023624FF4E063A3604FF012
:109C6000FF33E36011232361A1464FF0000817E0A2
:109C70004146F4F39DF02046F3F3E2F22046F3F37D
:109C8000EFF21EB1D9F814319E4203D0D9F88C30CE
:109C90009F4201D1C5F8008008F1010809F10409CB
:109CA000D4F8D03020469845E2D32968F4F380F008
:109CB0000120BDE8F883F7B5002213460D460121C7
:109CC0000446E5F738FB0021282207460B462046CC
:109CD0000091F3F3C1F20646280709D0204601217E
:109CE0000622F3F367F6204602210622F3F362F61A
:109CF00015F0F00F04D0204600210222F3F35AF6AB
:109D000015F4706F0ED0204600210122F3F352F6B5
:109D100001210A462046F3F34DF620460221012296
:109D2000F3F348F601213B4620464FF0FF32E5F7BA
:109D300002FB2046002128224FF0FF330096F3F368
:109D40008BF2FEBD0020EAF327B0000010B50C49ED
:109D50000446FFF7F7FF80B288B9D4F880000849BD
:109D6000EAF31AF080B250B9D4F880000549EAF35A
:109D700013F04FF6FF7380B2002808BF184610BDDD
:109D80006D9902007B990200436907B50A2B09DD32
:109D9000003118BF01210091242200210123F3F397
:109DA0005BF201E04FF0FF300EBD07B50021F82255
:109DB0000B460091F3F350F200F00F000EBD0000CF
:109DC0002DE9FF47DDF830809246DDF834900F46EC
:109DD0004FF46372002104461E460E9DB8F1010F38
:109DE00008BF4FF00008E9F35FF111232361C4F8C5
:109DF0008860C4F85C90C4F858A0C4F80480B8F136
:109E0000000F40F0C580204641463A464B46FFF7DA
:109E10004BFE002800F0C0804FF0C0531A68130FAB
:109E200002F47021236093B202F47002120D626496
:109E300044F25832090C9342E36321640AD004D8F7
:109E400044F25632934208D104E0A3F52A432E3B54
:109E5000012B02D82046FFF729FE636C20460E3BFB
:109E6000012B8CBF0023012384F84C304FF0C051EC
:109E70003A46FAF793F9D4F8D030002B00F08A80F4
:109E8000002704AB43F8047D8DE8480020464FF0DE
:109E9000C0513A463B46FFF7A0FE00287CD0204642
:109EA000FFF736FD0F9B0095019320463946324659
:109EB000A36DFDF7F3FF002870D105B12D683A4E70
:109EC00020462946FFF716FE3278002A42D1636900
:109ED000132B19DD4FF400612046F3F35BF7334990
:109EE00007462846E9F37CF738B128462F49E9F3BD
:109EF00053F7B0F1FF3F08BF00200023BB65039973
:109F0000F8652046F3F354F72046A16DFFF7BAFA3F
:109F10002046A16DFFF71BFB28462549E9F33CF7D6
:109F2000024620B92046A16DFFF792FB0246C4F815
:109F30008823A16D2046FFF789FA2046FFF75AFDD6
:109F40002046A16DFFF7B4F82046A16DFFF710FB86
:109F5000012333702046F3F3E1F528461549E9F370
:109F60003FF738B113492846E9F316F70146204672
:109F7000FFF7A1FE28461049E9F332F778B12846E9
:109F80000D49E9F309F701462046FFF7E5FD06E034
:109F9000002404E01C4602E0044600E03C46204663
:109FA00004B0BDE8F08700BFE06101003E99020007
:109FB0005B99020073990200349902001FB50F4C9F
:109FC00002462378BBB910B90346014601E00C4BA9
:109FD000191D00200090019002930391094844F25A
:109FE00010714FF0C053FFF7EBFE28B1064B202253
:109FF0001A6001232370034804B010BD706501008E
:10A0000064620100E4610100A00400002DE9FF4743
:10A0100007464FF46370884691469A460D9E0E9D02
:10A02000EEF358F00446C8B10C9B39460193424602
:10A030004B46CDF800A002960395FFF7C1FE0746F8
:10A0400020B92046EEF358F03C4607E006B13668EA
:10A05000C4F8806005B12D68C4F88450204604B06F
:10A06000BDE8F08770B5064686B04FF4BC70EEF3DD
:10A0700031F00446E8B100214FF4BC72E9F314F06A
:10A080000D4B266000930D4B0025019330680C4961
:10A090000C4A2346029503950495059500F0D8FED9
:10A0A00030B94FF49663C4F8603184F8640100E07D
:10A0B0002C46204606B070BDA53881005D3D81006C
:10A0C000D8D288003CC5890010B5044650B1036859
:10A0D00005491868224600F060FE2046BDE81040A1
:10A0E000EEF30AB010BD00BF3CC589002DE9F04178
:10A0F000054686B08020EDF3EDF70446002844D0F5
:10A1000000218022E8F3D0F704236360B4232560A4
:10A11000A381A046C5F85847274600260EE01C221A
:10A1200002FB06423C61A8681B4910320023FAF387
:10A130006DF338621C3700282BD0013663689E42CD
:10A14000EDDB164B16490093002301930293039312
:10A15000049305932868134A234600F079FEC0B99A
:10A1600013E0D8F8201031B123689868FAF336F379
:10A170000023C8F82030013508F11C0863689D42AF
:10A18000EFDB2046EDF3B8F70024204606B0BDE82B
:10A19000F0810025F2E700BF49488100A94681000F
:10A1A0007CD388007F3F890070B5044600281ED00C
:10A1B00003680F491868224600F0EFFD2546002687
:10A1C0000DE0296A29B123689868FAF307F30023A0
:10A1D0002B62E86908B1EDF38FF701361C3563682F
:10A1E0009E42EEDB2046BDE87040EDF385B770BDC2
:10A1F0007F3F890010B50446C06F08B1FFF764FFC8
:10A20000D4F8840008B107F0C1FED4F8800008B18A
:10A21000FFF7CAFFD4F8B00008B100F013F9A06846
:10A2200008B101F0E3F92046BDE81040EDF364B752
:10A230002DE9F04F07468DB0B8208A4690461D465E
:10A24000179EEDF347F70446002800F0A0804FF07A
:10A25000000B0021B822E8F327F7266084F88CB0C1
:10A260003846FFF76BFA0BABC4F8A8B02A4601904A
:10A270000693814641F2E44120463346CDF800B0D2
:10A28000CDF808A0CDF80C800494CDF814B001F0FE
:10A290005DFA0546002875D0A06010F06FDA2B69D2
:10A2A0001021E3603C4B6060A3643C4A3346276165
:10A2B00064643846E8F35EF72B69D86FF2F356F71B
:10A2C00049F6981398422B69D86F06D8F2F34EF7E7
:10A2D00008210346324A09A805E0F2F347F7314A5C
:10A2E0000346082109A8E8F345F7314609AA2E4B91
:10A2F0002E48E8F3FFF63246002016992C4B8DE8E5
:10A300008001F8F7A9FB064600283BD163680127C6
:10A3100083F8787008210A46286930F0D5DA3621AA
:10A320003A46D5F89802EFF730FD2846FFF7DEFEF3
:10A33000C4F8800030B3284607F0F6FDC4F8840066
:10A3400000B32846FFF78EFEE067D8B1636819496D
:10A3500083F8E070184B02968DE848000396049647
:10A3600005962868154A234600F072FD50B9284624
:10A3700000F032F8C4F8B00020B111482146EDF3E6
:10A38000A9F120B120464946FFF734FF00242046BA
:10A390000DB0BDE8F08F00BFBD888100DB55010026
:10A3A000E05501004D4989004039010081990200C2
:10A3B000FD8D81002CD58800198A810058FB890009
:10A3C000F589810001207047024B01221A70E3F7E2
:10A3D00063BA00BFFC03000070B5064686B02020BB
:10A3E000EDF37EF60446F0B100212022E8F35CF69E
:10A3F0004FF4E153E3804B2323810A2363810E4B07
:10A4000026600025009330680C490D4A23460195CB
:10A41000029503950495059500F01AFD30B933684F
:10A42000012283F86321204606B070BD2046EDF37B
:10A4300063F62C46F7E700BF7D9A81008CD5880033
:10A44000C04B890010B5044678B1FBF309F32368CB
:10A4500022461868054900F0A0FC2046EDF34CF6B2
:10A46000236800221B6883F8632110BDC04B89005C
:10A470000368D3F8D42041F26B03116B99420BD1DE
:10A48000936AEF2B28D001D8D62B04E0F52B23D0EC
:10A4900040F20F118B421FD0936A40F2C652934292
:10A4A0001AD040F27452934216D0036A7F2210E011
:10A4B000482283F8FD2006E002F0C002921102EB70
:10A4C000810183F8FD10036A93F9FD20142A0BDC47
:10A4D000482283F8FD207047036A93F8FD104AB2C2
:10A4E000B2F1FF3FE8D1E3E77047D0F8E81110B5CB
:10A4F000044629B18068FAF371F10023C4F8E83109
:10A50000D4F8001229B1A068FAF368F10023C4F866
:10A510000032D4F88434D3F8301139B1A068FAF39A
:10A520005DF1D4F884340022C3F83021D4F85013FC
:10A5300029B1A068FAF352F10023C4F85033D4F8DB
:10A54000541529B1A068FAF349F10023C4F8543531
:10A55000D4F8F41529B1A068FAF340F10023C4F847
:10A56000F435D4F8C41729B1A068FAF337F1002301
:10A57000C4F8C43710BD10B50446006807F0D8F819
:10A58000D4F8800620B106F021F80023C4F8803604
:10A59000D4F87C0620B106F049FA0023C4F87C36D2
:10A5A000D4F89C0120B108F089FE0023C4F89C3146
:10A5B000D4F88C0120B101F025FE0023C4F88C31C1
:10A5C000D4F8400120B102F069FF0023C4F8403103
:10A5D000D4F8540120B1FEF3FFF30023C4F8543142
:10A5E000D4F8300120B102F019FC0023C4F8303156
:10A5F000D4F8340120B102F0C1F90023C4F8343199
:10A60000D4F8380120B102F01BFB0023C4F8383124
:10A61000204602F0D5FAD4F84C0120B106F0BAFA7F
:10A620000023C4F84C31D4F8480120B108F078FD7B
:10A630000023C4F84831D4F8440120B106F032F9BF
:10A640000023C4F84431D4F85C0120B108F016FAB4
:10A650000023C4F85C31D4F82C3113B10023C4F8C2
:10A660002C31D4F8600120B104F0B4F90023C4F80F
:10A670006031204608F0AAFA204605F09FFFD4F882
:10A68000500120B105F0FAFF0023C4F85031D4F88E
:10A69000700120B101F09EFC0023C4F87031D4F8A1
:10A6A000780120B104F0A8FC0023C4F87831D4F874
:10A6B0007C0120B107F06CFE0023C4F87C31D4F893
:10A6C000740120B108F072FD0023C4F87431D4F88D
:10A6D000840120B101F01CFC0023C4F88431D4F8BB
:10A6E000880120B104F0E2FB0023C4F88831D4F8DB
:10A6F000780420B107F0F4FC0023C4F87834D4F8CF
:10A700007C0420B107F02EFD0023C4F87C34D4F87B
:10A71000800420B107F0C0FD0023C4F88034D4F8D1
:10A72000940120B108F0A2FE0023C4F89431D4F8BB
:10A73000640820B108F0F6FE0023C4F86438D4F8A9
:10A74000F80620B108F040F90023C4F8F836D4F830
:10A750009C0620B104F0E2FE0023C4F89C36D4F835
:10A76000A00620B101F060FD0023C4F8A036D4F8A3
:10A77000CC0620B104F0BAFE0023C4F8CC36D4F8DD
:10A78000D40620B104F0F4FC0023C4F8D436D4F885
:10A79000D00620B108F084FA0023C4F8D036D4F8EB
:10A7A000600820B107F0D6FE0023C4F86038D4F862
:10A7B000DC0620B107F0FEFB0023C4F8DC36D4F839
:10A7C000BC0608B105F081FDD4F8C00608B105F05B
:10A7D0007CFDD4F8A00120B103F0F8FE0023C4F8FA
:10A7E000A031D4F8F00620B106F0C2F90023C4F875
:10A7F000F036D4F8300720B1EDF37EF40023C4F82E
:10A800003037D4F8A40620B105F03AFD0023C4F88F
:10A81000A436D4F8940620B104F070FF0023C4F8E5
:10A820009436D4F8240120B108F06CF80023C4F861
:10A830002431D4F8280120B103F0A6FD0023C4F888
:10A840002831D4F8880420B106F0A8FA0023C4F80F
:10A850008834D4F8E80520B104F0D2FD0023C4F810
:10A86000E835D4F8380620B1F9F7CEFF0023C4F854
:10A8700038362046BDE8104004F0D4BB70B5D0F89F
:10A880008434056801220446A3F89020D5F8D80046
:10A890003C49E9F3A5F240B1D5F8D8003949D4F8DC
:10A8A0008464E9F379F2A6F89000D4F88434642241
:10A8B000A3F84A20D5F8D8003349E9F391F240B122
:10A8C000D5F8D8003049D4F88464E9F365F2A6F8E5
:10A8D0004A00D4F884346422A3F84C20D5F8D80078
:10A8E0002A49E9F37DF240B1D5F8D8002749D4F8D8
:10A8F0008464E9F351F2A6F84C00D4F8843464225D
:10A90000A3F89220D5F8D8002149E9F369F240B1C3
:10A91000D5F8D8001E49D4F88464E9F33DF2A6F8CE
:10A920009200D4F884340122A3F89620D5F8D800F8
:10A930001849E9F355F240B1D5F8D8001549D4F8D3
:10A940008464E9F329F2A6F89600D4F8843404224A
:10A95000A3F89E20D5F8D8000F49E9F341F240B1A1
:10A96000D5F8D8000C49D4F88464E9F315F2A6F8B8
:10A970009E00D4F884346422A3F894200122A3F822
:10A98000982070BD079A0200239A0200E399020002
:10A99000749B0200CD990200B5990200F7B5036AD5
:10A9A000044693F9FC00421C2CD0236893F87C20C9
:10A9B0000A2A02D8FEF308F225E0D3F8D850144949
:10A9C0002846E9F3E9F113498DF804002846E9F334
:10A9D000E3F111498DF805002846E9F3DDF1002582
:10A9E0008DF806002E4601AF7857FEF3EDF176B2F2
:10A9F000E8550135B042A8BF0646032DF6B2F2D1A4
:10AA0000304600E00820236A83F8FC00FEBD00BF4A
:10AA1000F5990200FB990200019A02000368D0F840
:10AA2000842470B5D3F8D8500323D371D0F884248C
:10AA300004461372D0F88424444982F8AD30D0F82B
:10AA40008424284682F8AE30E9F3A6F140B220B95A
:10AA500028463F49E9F3A0F140B2431E0E2B0CD823
:10AA60000128D4F8842401D1002302E0022804D173
:10AA70000123D371D4F884241372D4F8843493F866
:10AA80001C210AB10322DA7132492846266AE9F309
:10AA900083F186F8FC002046FFF780FF2E49284608
:10AAA000266AE9F379F186F8FD002046FFF7E0FC1D
:10AAB000236A93F8FD2083F8FE20216841F26B029F
:10AAC000D1F8D430186B904229D1226A92F9FC0057
:10AAD000082824DC9B6AD12B12D0E92B10D0902BB4
:10AAE0000ED08B2B0CD08D2B01D10D2315E0932B89
:10AAF0000AD1B1F87A301B051B0DB3F5826F01DC6A
:10AB000018230AE01B2308E08E2B01D1102304E058
:10AB1000D62B01D0E42B02D1172382F8FC30236816
:10AB200040F27452D3F8D4309B6A934203D040F27F
:10AB3000C652934207D1236A93F9FC20082A02DC0B
:10AB4000172283F8FC20012070BD00BF579A020035
:10AB50001F9A0200959B0200519A020010B504460C
:10AB60001C49806822460023F9F350F6C4F8E80136
:10AB700070B3A068184922460023F9F347F6C4F8D9
:10AB8000000228B3A068154922460023F9F33EF6D7
:10AB9000C4F85003E0B1A068114922460023F9F33C
:10ABA00035F6C4F8540598B1A0680E492246002332
:10ABB000F9F32CF6C4F8F40550B10023A0680A4953
:10ABC0002246F9F323F6C4F8C407003018BF012069
:10ABD00010BD00BF713D82005D01820075EF8100F4
:10ABE0001DFD8100CD378200A5CF810070B5FF2209
:10ABF0000446012384F8732484F8DB2241F2010126
:10AC0000D4F8842400260376A4F858146420032181
:10AC100084F8400584F8763484F87264D171D4F8ED
:10AC2000842440F62A151172A4F85A54A4F85C54EE
:10AC3000A4F85E54A4F86054A4F86254A4F86454D0
:10AC4000A4F86654A4F86E1440F62B150221A4F85B
:10AC50006854A4F8701407250421A4F86A54A4F8D1
:10AC60006C14A4F82E06A4F8686384F82062A4F893
:10AC70002C6684F8346284F8236284F8216284F8B4
:10AC8000F26484F8B06284F8276521684FF0FF30E1
:10AC900081F8533048632168204681F841302168AB
:10ACA00081F84230216881F8D160216881F84360E1
:10ACB000216884F80E6284F80F62C4F8506681F847
:10ACC0009430216881F8F530216881F8F4302168EA
:10ACD00081F89D30216881F83431216881F869312B
:10ACE000216881F82861216881F86161216881F813
:10ACF0006A612268966684F8643384F8653392F852
:10AD00004F10890718BF82F8523003230125002213
:10AD100084F8DC3184F8E4314FF44873A4F8343516
:10AD200084F85065A4F84E2584F8DC5505F096DDCE
:10AD3000052384F82036236884F8206184F8585667
:10AD400083F8115123684FF0FF31A4F87017A4F86D
:10AD5000541884F8736784F8A15784F8B05783F8BF
:10AD60004251236883F84351236883F85C61236868
:10AD700083F86451236883F86651236883F86B5124
:10AD8000236883F86751236883F86851236883F840
:10AD90003B612368C3F83C6170BD2DE9F0470F4665
:10ADA0009246002834D00468002C35D04FF00008BB
:10ADB000C14628E0D4F8C40239464044E8F300F222
:10ADC000E8B9D4F8C8324FEA890653F82930534518
:10ADD00015D1D4F8C43243445D6B013D5D63EDB9D8
:10ADE000184629463822E8F35FF1D4F8C80229460C
:10ADF00080190422E8F358F12846BDE8F08709F1EC
:10AE0000010908F13808236893F8B4309945D1DB7B
:10AE10006FF01D00BDE8F0876FF01D00BDE8F08702
:10AE2000F8B500250F4606682C4608E0D6F8C4029F
:10AE300039464019E8F3C4F1383538B10134336884
:10AE400093F8B4309C42F1DB6FF01D042046F8BD4E
:10AE50002DE9F0478A461146984691460468FFF767
:10AE6000DFFF031E05DA2368002693F8B420354679
:10AE70003BE0D4F8C822382042F82380D4F8C4221A
:10AE800000FB0320436B013343630020BDE8F087E0
:10AE9000D4F8C43206F138019F5D98191FBB4946AA
:10AEA0001F22E8F3D9F1D4F8C4320C999E19089BFB
:10AEB000C6F820A0B362099B384673620A9BF3620E
:10AEC0000B9B3363D4F8183743F8351003EBC502F6
:10AED0000D9B5360736B01337363D4F8C83243F82E
:10AEE0002580BDE8F08701350E469542D0DB6FF036
:10AEF0001500BDE8F0872DE9F04107680C461546BE
:10AF00009846D7F8CC02002604E003689C420BD098
:10AF1000064600690028F8D111E0002303610EB154
:10AF2000306101E0C7F8CC02069B80E83001C360C5
:10AF30000020BDE8F0816FF01500BDE8F08114201D
:10AF4000EDF3C8F00028E8D1F5E7000013B50023C1
:10AF50000446009321460068194AFFF7CCFF0146DA
:10AF600058BBD4F888040322164B05F07FFF014636
:10AF700018BBD4F888040222134B05F077FF014672
:10AF8000D8B9D4F888040522104B05F06FFF0146AC
:10AF900098B9D4F8880406220D4B05F067FF0146E6
:10AFA00058B9D4F8880408220A4B05F05FFF00283E
:10AFB00014BF4FF0FF30002001E04FF0FF301CBD08
:10AFC000C9A381002DCC8100B12C8200F92E820012
:10AFD000FD4E000029FD8100026810B5D2F8CC02B8
:10AFE00000230EE00468A14209D101690BB1196187
:10AFF00001E0C2F8CC12EDF37FF0002010BD034653
:10B0000000690028EED16FF01D0010BD41F2E4434D
:10B01000984208D10023064A9A5A8A4205D0023340
:10B02000B3F58C7FF7D1002070470120704700BF37
:10B030005C9A02002DE9F043D0F854530021C82255
:10B0400087B004462846E8F32FF06423EB850323FA
:10B0500085F8603000220123D4F858014FF4805164
:10B0600039F042D8FF28074605D1236A18691968C4
:10B070004DF094D90746236A6F860021A4F85674D0
:10B08000204607F46057B3F808801E680CF008DB10
:10B09000B7F5205F05F1380908D0B7F5C05F07D0D4
:10B0A000B7F5805F14BF0A27142702E0A02700E04D
:10B0B00028270021FF238DE80A00D4F88434029069
:10B0C00003971B7942460493484633465BF07ADA8D
:10B0D000236893F84F309A0703D0EB8843F020039E
:10B0E000EB8007B0BDE8F08382B010B51424614353
:10B0F000D0F8D44203936350059B60184360069BCD
:10B1000002618360049BC360BDE8104002B07047D9
:10B1100030B503680446DB6985B09A6D4068D4F8A1
:10B120003C16DB6DF9F738FBC4F83806002800F050
:10B13000DE81204604F068F9C4F8E805002800F034
:10B14000D981204605F04AFEC4F88804002800F0A2
:10B15000D481204603F048F9C4F82801002800F003
:10B16000CF81204607F098FBC4F82401002800F0A6
:10B17000CA81204604F0D6FCC4F89406002800F0EA
:10B18000D181204605F08EF8C4F8A406002800F00E
:10B19000CC81204604F0F2FE002840F0C981204610
:10B1A00004F04EFF002840F0C381204604F076FFF3
:10B1B000002840F0BD81204604F0D4FF002840F074
:10B1C000B781204605F00AF8002840F0B1812046FA
:10B1D00005F020F80546002840F0AA810321D4F8A4
:10B1E000A4060A4605F054F9C4F8BC06002800F08D
:10B1F000A281D4F8A40602212A4605F049F9C4F830
:10B20000C006002800F09A812946C04AC04B20465B
:10B210000095019407F084FBBE4B1A1D07CA1B68FA
:10B220008DE80700082122462046FFF75DFF2068D1
:10B2300006F062FA204606F065FFC4F8780400289C
:10B2400000F07F81204606F0A7FFC4F87C040028A8
:10B2500000F07981204607F035F8C4F88004002812
:10B2600000F07381204601F063FEC4F81805002841
:10B2700000F06D81A84B2046C4F8543101F0E8FD80
:10B28000C4F83001002800F06481204601F0A0FBE2
:10B29000C4F83401002800F05E81204601F000FD72
:10B2A000C4F83801002800F05881204601F092FCD3
:10B2B000002840F05581204607F092FBC4F85C015D
:10B2C000002800F05081204607F06CF9C4F86008AF
:10B2D000002800F04A8120682146A2688F4B03F0C5
:10B2E000CBFEC4F89802002800F04181204603F00C
:10B2F000BBFBC4F86001002800F03B81884B20466E
:10B30000C4F82C3105F000FBC4F84401002800F01B
:10B310003281204607F01EFFC4F84801002800F0E3
:10B320002C81204605F074FCC4F84C01002800F084
:10B330002781204602F0D6F8C4F84001002800F02A
:10B3400021812368012283F8A120204604F0EAF835
:10B35000C4F89C06002800F01781204607F09EFBE9
:10B36000002840F01381204605F0E4F9C4F85001AC
:10B37000002800F00D81204605F004F9002840F077
:10B380000981204600F03CFEC4F87001002800F05E
:10B390000381204603F09AFDC4F87801002800F0EC
:10B3A000FD80204607F010F8C4F87C01002800F06A
:10B3B000F880204607F010FFC4F87401002800F060
:10B3C000F380204600F0BAFDC4F88401002800F0A4
:10B3D000ED80204603F034FDC4F88801002800F019
:10B3E000E780204607F0BEFFC4F89401002800F073
:10B3F000E180204600F06AFEC4F88C01002800F0CD
:10B40000DB80204607F070FFC4F89C01002800F0A4
:10B41000D580204669F094DE60B1204608F036F809
:10B42000C4F86408002800F0C9802368012283F86A
:10B43000322102E0236883F83201204607F08EFAB9
:10B44000C4F8F806002800F0BB80204605F002FB97
:10B45000C4F87C06002800F0B580204605F0C4F84A
:10B46000C4F88006002800F0AF80204607F03EFCBC
:10B47000C4F8D006002800F0A9802368012283F8D0
:10B48000A320204600F0E2FEC4F8A006002800F049
:10B490009F80204603F0D4FFC4F8CC06002800F0BB
:10B4A0009980204603F08AFEC4F8D406002800F0F4
:10B4B0009380204606F08EFDC4F8DC06002800F0DC
:10B4C0008D80236893F869313BB1204603F09CF8E6
:10B4D000C4F8A001002800F08380204605F022FB7C
:10B4E000C4F8F00600280CBF7620002079E04FF465
:10B4F000967076E040F22D1073E04FF4977070E094
:10B5000040F22F106DE04FF498706AE01934820019
:10B51000E5338200389A0200EFBEADDE41FF8100C4
:10B52000EFBEAD0D40F231105BE04FF4997058E082
:10B5300040F2411055E040F2471052E04FF4A47041
:10B540004FE024204DE025204BE0262049E02A2032
:10B5500047E0312045E0322043E040F2F51040E082
:10B560004FF4FB703DE035203BE0BD2039E0392051
:10B5700037E03C2035E03E2033E040F26D2030E003
:10B580003F202EE043202CE06A202AE0472028E0DC
:10B59000492026E0482024E04A2022E040F2E5202D
:10B5A0001FE040F2E6201CE04B201AE05A2018E091
:10B5B0005B2016E05E2014E05F2012E0632010E0C4
:10B5C00065200EE008480CE067200AE06C2008E0E7
:10B5D0006E2006E06F2004E0702002E0722000E0A0
:10B5E000732005B030BD00BF50464D00F8B504468D
:10B5F000002800F0A6800FF099D9D4F8F415D0F106
:10B60000010638BF002621B1A068F9F37BF000B92C
:10B6100001362046D4F82C1305F00CDF2046D4F870
:10B62000DC1405F007DF2046D4F8341305F002DF00
:10B63000D4F8400308B1ECF35FF5D4F8980220B1D8
:10B6400003F070FD0023C4F89832276AB96911B17C
:10B65000204661F09BD80025BD61D4F86432595969
:10B6600011B1204632F098DA0435202DF5D1D4F806
:10B67000580103F0B3FA2046FEF737FFD4F8180557
:10B6800020B101F031FC0023C4F818352046FEF744
:10B6900072FF204602F042FA23688619D3F8D410CC
:10B6A00031B1606802F035FA23680022C3F8D42073
:10B6B0002368D3F8D80028B1ECF31EF523680022E4
:10B6C000C3F8D820D4F8D05204E02846EF68ECF351
:10B6D00013F53D46002DF8D12146C4F8D05220681C
:10B6E000FFF77AFC206818492246FFF756FBD4F88A
:10B6F000640118B107F09EF8C4F86451D4F89C02B4
:10B7000020B1ECF3F9F40023C4F89C32D4F8F80427
:10B7100048B1ECF3F1F40023C4F8F83403E0204618
:10B72000616815F037D8D4F89422002AF7D104F5CF
:10B73000C6600C30F8F7B2FF2046616801F08AF865
:10B7400000E006463046F8BDDD5601002DE9F04F19
:10B7500091B0002491461B9E9DF868200790DDF86B
:10B7600078B02046099198460892DDF880A00C94A4
:10B770000D940E94E3F792FB484631461C9A1D9BAC
:10B78000CDF800B00CF031F8054608B1012376E39E
:10B79000FEF71AFE0DAB01930EAB029348463146FD
:10B7A0001C9A1D9BCDF800B002F0AEF9074618B9FF
:10B7B00001230C93044688E30D9848B1AA49E8F3A5
:10B7C0000FF328B129462A46E8F3A6F01FFA80F9BC
:10B7D0001F9B3046009341460CAA4B4601F06CF883
:10B7E0000446002800F0898305680E9A46600D9B88
:10B7F000C5F8DC20D0F88424FF21C5F8D470C5F842
:10B80000D83082F86010426A0023C261079A0D9313
:10B810008260964AC5F80C80C5F8A4206E610E932C
:10B82000012280F84226D0F8E022C0F8A4B163F3E8
:10B830001722C0F8E022089A414685F8212080F8B6
:10B84000CF31032380F84135FFF7D0F9236804F5A1
:10B85000C662DB696068196E0C32F8F7E2FE0746D3
:10B86000002840F032832046394605F007D82046AC
:10B8700007993246434606F045FFC4F8640108B90B
:10B880000F23FCE27A4B28468DE88800794B7A49F1
:10B8900004937A4B7A4A0593234602970397FFF75E
:10B8A000D7FA08B11023EAE2089B1C9A8DE84800F9
:10B8B0001D9B02920393204609994A464346CDF8C0
:10B8C00010B002F01DFA0C90002840F0FE822369AF
:10B8D000D86FFEF76AFAA4F84006B4F8AA010DF092
:10B8E000CFD9003018BF01200A3054F820300AA9FF
:10B8F000236220692FF0FCDF00283DD10A9B074618
:10B90000C4F8B03139460FAA204604F0ADDC394600
:10B910002046BDF83C20013704F0AADC062FF1D107
:10B920004FF44073C5F8E8302A23C5F8B830322305
:10B93000C5F8BC3036234FF47D62C5F8C43040F200
:10B94000D453A5F8CA20A5F8C0304FF45D72002387
:10B9500085F8B670A5F8C82084F89437D5F8B830C3
:10B96000842B02D98423C5F8B8304FF40470ECF36B
:10B97000B1F3C4F89C0208B9142380E24FF40472B6
:10B980000021E7F391F322460023D2F8A002D4F875
:10B990009C12043241F82300D4F89C1251F8231071
:10B9A0008B710133042BF0D1012385F89330236A86
:10B9B0001869EEF7A1FF00F0010085F85400236A32
:10B9C0001869EEF799FFC0F3C00085F855002946C5
:10B9D000204607F0EDF92B49D5F8D800E8F3DCF163
:10B9E000D5F8D42040F26E51936A07468B4208D0B6
:10B9F000126B41F26B018A425AD1D12B01D0E92B53
:10BA000012D1D4F88434192283F84920D4F884342C
:10BA10004FF0FF325A64642283F87A20D4F88434D9
:10BA2000012283F8302059E0B3F5897F11D8B3F5AE
:10BA3000887F32D8F52B07D8F42B2ED2E42B2CD0CC
:10BA4000EF2B2AD0D62B27E0A3F58773012B45D8FF
:10BA500023E0B3F59A7F17D2B3F5987F1DD840F253
:10BA60001712934218E000BF839B020000315F076A
:10BA700001638200EC56010008D68800514F000097
:10BA8000DD560100899B0200B3F59A7F26D9B3F5F4
:10BA90009B7F02D9B3F5A57F20D1D4F8843432221C
:10BAA00083F87A20D4F88434642283F8492010E0A3
:10BAB00041F2E4418A4211D140F2DA5293420DD16F
:10BAC000D4F88424642382F87A30D4F8842482F869
:10BAD0004930D4F884344FF0FF325A642046FEF7E0
:10BAE000CDFED4F884341922A3F8AA20204607F00A
:10BAF0007FF8D4F88434226A19781069DA784EF025
:10BB0000D1D8D4F878364FF0010983F83490E16940
:10BB10002069043103F0D7FD236AD4F884B418698E
:10BB20004EF0D8D9CBF8400004F5E47B20695946A3
:10BB30002EF064DF0622281D5946E7F331F2B4F8EF
:10BB4000AA010DF09DD8003018BF01200A3054F82A
:10BB5000203020462362FEF761FF08B918238EE1EA
:10BB6000216A0F2340F2FF32A1F80031A1F802212F
:10BB700001F1F80301F1F402204601F01BFC236AF5
:10BB8000D3F8F420C3F8F020C3F8E820D3F8F82065
:10BB9000C3F8EC201A68022A08BF83F8159007F052
:10BBA0000103002B0CBF0323002385F84F30236AC9
:10BBB0001869EEF7A1FE10F40060236806D093F830
:10BBC0004F2002B1012283F8512001E083F8510097
:10BBD000216A20461C3106F06DDA00212046D4F897
:10BBE00020900BF05DDD00227F2309F150010093CE
:10BBF0000190134609F11C005AF020DD204664F044
:10BC00002FDF40F2CC63C4F828362046FFF780FAD5
:10BC10000C90002840F05981D4F8800402219DF94D
:10BC20002C2059F0F9DD20464146FEF797FF10B968
:10BC30004FF47A7323E1204602F0F4FFC4F8580170
:10BC400010B940F2E9331AE12046FFF7F3F9204634
:10BC5000314614F07FDD10B940F2EB330FE1C4F848
:10BC6000BC05C4F8C0053146204614F073DD10B998
:10BC70004FF47B7303E10123C4F8C40585F8A830B1
:10BC8000204602F045FC10B140F2ED33F7E0062308
:10BC9000A5F86030A5F8623095F89C30012B04D1EE
:10BCA0004022A5F86020A5F86220D5F888300A2245
:10BCB0001A804FF454725A80D5F88C300126C42271
:10BCC0001E805A80D4F830011FF0C8DD08B184F816
:10BCD0000E62B4F8E13243F4C05343F01E03A4F8FB
:10BCE000E132236A1869EEF707FEC10607D5D4F8DA
:10BCF000843401229A74D4F88434FF22DA74B4F8BC
:10BD0000E1224FF2FF731340D4F88424A4F8E13207
:10BD1000D278012A07D123F4006323F00C031B041B
:10BD20001B0CA4F8E132FF260221012284F8E06214
:10BD300084F8DF6284F8DE62204603F0BDDB012177
:10BD40003246204603F0B8DB236A4FF0FF38C4F8D0
:10BD500014821869EEF7D0FD10F00406204605D0D5
:10BD60000321FEF3C3F684F81C8204E03146FEF39F
:10BD7000BDF684F81C62236A1869EEF7BDFD3A0728
:10BD800002D5002384F81C32FB0603D5204600218F
:10BD9000FEF3ACF6BE070ED5A26A002382F84D3042
:10BDA000E26A82F84D30B4F8E13223F080031B04DC
:10BDB0001B0CA4F8E132780703D52046002164F07B
:10BDC000D5DF390607D5B4F8E13223F010031B04A0
:10BDD0001B0CA4F8E13295F84130A3B195F842303C
:10BDE0008BB117F0600F0ED007F02001D1F10101E7
:10BDF00007F0400238BF0021D2F10102204638BFCF
:10BE0000002200F00FFFB4F8AA010CF039DF003077
:10BE100018BF012000F10A0654F82670D4F8681201
:10BE20002046384A3B4660F06FDCB86154F8261073
:10BE3000886910B940F24C4321E0503128223C304F
:10BE4000E7F3AEF01420ECF34BF1C4F8300710B96F
:10BE500040F24D4313E0AB6D204643F00403AB6565
:10BE60000EF078DD2046FFF771F810B14FF4FA6359
:10BE700005E0204603F0DEF818B140F2D1730C93D0
:10BE800023E023682049D3F8D800E7F3A9F770B17D
:10BE90000346184613F8012B1AB11C498A5C520755
:10BEA000F7D500210A22E7F337F5C4F88406A06825
:10BEB0000021F8F3A7F4012384F8A837BAF1000FA2
:10BEC00017D00023CAF8003013E00D9820B1ECF32E
:10BED00013F100230D930E9314B12046FFF786FB58
:10BEE000BAF1000F04D00C9B0024CAF8003000E027
:10BEF0005446204611B0BDE8F08F3046394601F077
:10BF000008FEE2E710570100489A02000AA08800E4
:10BF100038B5044670B1056821462868FFF75CF81B
:10BF2000286805492246FEF738FF2046BDE838401C
:10BF3000ECF3E2B038BD00BF1657010070B5066AD9
:10BF40008EB005463820ECF3CBF0044600282FD005
:10BF50001B4B05600093002301930293039304930A
:10BF6000059328681749184A2346FEF771FFF8B968
:10BF7000164B214600932868154A0223FEF7BBFFA3
:10BF80000546A8B929461C2204F10B00E7F38CF002
:10BF90003069316807AA4CF025DA234607AAD97A16
:10BFA000AA5C01350A43DA7201331C2DF6D103E095
:10BFB0002046FFF7ADFF002420460EB070BD00BF45
:10BFC000C54F830084E188001657010074E18800A2
:10BFD0007D4F830038B5044670B105682146286856
:10BFE000FEF7FAFF286805492246FEF7D6FE2046EE
:10BFF000BDE83840ECF380B038BD00BF1A570100EF
:10C0000030B5054687B00C20ECF36AF004460028F2
:10C010003FD000230560012100930190204A28466B
:10C02000204B02F037FA0028606032DB1E4BD5F857
:10C0300094068DE81800052121221C4B03F0F2FB29
:10C0400038BB1B4BD5F894068DE818000521242237
:10C05000184B03F0E7FBE0B9174B019000930290F7
:10C0600003900490059015492868154A2346FEF769
:10C07000EFFE70B9134B286800932146124A032340
:10C08000FEF739FF28B92A680123A36082F8A93096
:10C0900003E02046FFF79EFF0024204607B030BD96
:10C0A0007954830075548300C15583007D54830007
:10C0B000915683009D5483004D558300C0E1880054
:10C0C0001A570100A8E18800D154830030B5054615
:10C0D00087B000286DD00820ECF302F00446002859
:10C0E00068D000230560142100930190354A28464A
:10C0F000354B02F0CFF9002860605EDB334B4FF424
:10C1000098718DE818006B22D5F89406304B03F037
:10C1100089FB002851D12F4B05218DE818006B2297
:10C12000D5F894062C4B03F07DFB002845D12B4B12
:10C130004FF490718DE818006C22D5F89406284BC6
:10C1400003F070FB002838D1264B4FF490718DE836
:10C1500018006F22D5F89406234B03F063FB0028E8
:10C160002BD1224B0A218DE818006E22D5F89406B7
:10C170001F4B03F057FB00281FD10095D5F89406FC
:10C180000A216E221B4B03F003FEB0B91A4B01903B
:10C190000093029003900490059028681749184A6C
:10C1A0002346FEF755FE40B92B68012283F8AC20E8
:10C1B00000E00446204607B030BD2046EBF39CF774
:10C1C0000024F7E7215C8300015C8300395E830073
:10C1D000555C8300195E8300355C8300595E8300E3
:10C1E000815C8300C55E8300C15C8300F15E8300D7
:10C1F000ED5C8300E15B8300195D8300D8E188007A
:10C200001E57010010B5044650B10368054918686F
:10C210002246FEF7C2FD2046BDE81040EBF36CB7A6
:10C2200010BD00BF1E57010010B5044650B1036891
:10C23000054918682246FEF7B0FD2046BDE81040CB
:10C24000EBF35AB710BD00BF999B020070B50546CD
:10C2500086B00820EBF33EF70446002800F0B980D2
:10C260005F4B05604FF49071009301903022D5F838
:10C2700094065C4B03F0D6FA002840F0AA805A4B93
:10C28000D5F894068DE818004FF49071F422574BBE
:10C2900003F0C8FA002840F09C80554BD5F894066E
:10C2A0008DE818000A21F422504B03F0BBFA002855
:10C2B00040F08F804F4BD5F894068DE818004FF46E
:10C2C0009071A0224C4B03F039FB002840F0818094
:10C2D0004A4BD5F894068DE8180005213022484BCA
:10C2E00003F0A0FA002874D1464BD5F894068DE8E7
:10C2F00018000521F422444B03F094FA002868D179
:10C30000424BD5F894068DE818000521A022404B39
:10C3100003F014FB00285CD1D5F8940605213022E7
:10C320003C4B009403F034FD002852D1D5F894061C
:10C330000521F422384B009403F02AFD002848D14F
:10C34000D5F894060521A022344B009403F0A6FDF5
:10C3500000283ED1D5F89406C0213022304B0094FD
:10C3600003F016FD002834D1D5F89406C021A02290
:10C370002C4B009403F092FD58BBD5F89406C021D5
:10C38000F422294B009403F003FD10BBD5F894066A
:10C390000A21F422254B009403F0FAFC0646C0B9AA
:10C3A0008DE8110001212846214A224B02F072F843
:10C3B000002860600DDB204B28688DE848001F498D
:10C3C0001F4A23460296039604960596FEF740FD03
:10C3D00018B12046FFF728FF0024204606B070BDA4
:10C3E00059638300216383003BA10000D59C0000BA
:10C3F000E5A000006D6383003D63830099628300C4
:10C400002161830077A0000031A00000E962830071
:10C4100071618300A96183000D9D00001D6283008E
:10C420003D668300556683005D9C00008F9C000084
:10C430008563830081638300B964830038E28800E8
:10C44000999B02002023402180E80A00C0F8B01028
:10C45000C16218214FF4F0628163016401651D21FE
:10C460002DE9F04182600B251022C16505210A24C7
:10C47000C2604561856142620425C0F8B82001664A
:10C4800080224FF4F0714FF480660461C4618562CC
:10C49000012409254FF0140C4263112708228166FC
:10C4A0004FF027080321C0F8B43004624466C46426
:10C4B00043658567C0F830C0C2638765C666066796
:10C4C0004167C0F87C80C0F8A440B024C0F8C040E8
:10C4D0004824C0F8C4406024C0F88450C0F8885094
:10C4E000C0F8C84002253024C0F8E030C0F8F03071
:10C4F000D3234FF01208C0F88C50C0F89050C0F809
:10C500009C50C0F8A050C0F8CC404FF4FA65062407
:10C51000C0F8F4300023C0F88080C0F894C0C0F8A0
:10C520009810C0F8A810C0F8AC20C0F80021C0F8DE
:10C530000421C0F8D040C0F8D470C0F8D850C0F87A
:10C54000DC20C0F8E840C0F8E460C0F8FC30C0F877
:10C55000F810BDE8F08101207047704738B50446F7
:10C56000D0F82C0320B1EBF3C7F50023C4F82C332B
:10C57000D4F8340320B1EBF3BFF50023C4F834330F
:10C58000D4F8180730B1236823B1EBF3B5F50023D5
:10C59000C4F81837D4F8C40218B123680BB1EBF310
:10C5A000ABF5D4F8C8020025C4F8C45228B12368FA
:10C5B0001BB1EBF3A1F5C4F8C852D4F8640208B17A
:10C5C000EBF39AF5D4F854030025C4F8645218B17B
:10C5D000EBF392F5C4F85453D4F8140320B1EBF301
:10C5E0008BF50023C4F81433D4F8D40208B1EBF36C
:10C5F00083F500256319D3F8A032D3F8E00008B121
:10C60000EBF37AF50435102DF4D1D4F8A00208B17B
:10C61000EBF372F5D4F8840420B1EBF36DF500234D
:10C62000C4F88434D4F8DC0420B1EBF365F50023BE
:10C63000C4F8DC34D4F8280520B1EBF35DF5002311
:10C64000C4F8283538BD10B50C46D1B1C86918B149
:10C65000EBF352F50023E361D4F8880020B1EBF34B
:10C660004BF50023C4F88830D4F88C0020B1EBF3EC
:10C6700043F50023C4F88C302046BDE81040EBF3AE
:10C680003BB510BD70B504464FF4B8701646EBF3D9
:10C6900027F50546A8B14FF48470EBF321F5E86166
:10C6A00078B13146FFF7CEFE4FF45470EBF318F536
:10C6B000C5F8880028B1C420EBF312F5C5F88C004A
:10C6C00020B929462046FFF7BEFF0025284670BD49
:10C6D0002DE9F0411D4600260368C0F8C46293F8B6
:10C6E000B430044638205843EBF3FAF4C4F8C402DB
:10C6F000002855D0236893F8B4008000EBF3F0F4E1
:10C70000C4F8C80210B940F2F53394E04FF4007059
:10C71000EBF3E6F4C4F81807002800F09580C4F89D
:10C7200064622020EBF3DCF4C4F8640210B94FF427
:10C730007E7380E0C820EBF3D3F4C4F8540310B93F
:10C7400040F2F23377E04FF4B870EBF3C9F4C4F879
:10C75000840410B940F2F9336DE08020666AEBF38F
:10C76000BFF4B06210B940F2034364E04FF4847048
:10C77000EBF3B6F4C4F82C0310B940F2EF335AE0EF
:10C780004FF48470EBF3ACF4C4F8340310B94FF4F5
:10C790007C7350E01220EBF3A3F4C4F8140310B937
:10C7A0004FF47D7347E0B420EBF39AF4C4F8D4025D
:10C7B00010B940F2F6333EE04FF46470EBF390F4BE
:10C7C000C4F8A002F0B100F1E403C4F8A43200F50B
:10C7D000E47300F52B70C4F8A832C4F8AC02264606
:10C7E00004F110072368D6F8A082DB69D3F8D400DF
:10C7F0004001EBF375F4C8F8E000D6F8A032D3F8A6
:10C80000E00010B940F2F73315E00436BE42E9D13A
:10C810004FF48470EBF364F4C4F8DC0410B940F214
:10C82000FB3308E04FF48670EBF35AF4C4F82805A4
:10C8300020B940F2FF332B60BDE8F0813820EBF3E4
:10C840004FF4C4F8780610B94FF48163F3E7012080
:10C85000BDE8F08138B50D46044600282BD0FFF71F
:10C860007CFE20462946FFF779FEA06A08B1EBF36B
:10C8700043F4636A5BB1986A20B1EBF33DF4636AF9
:10C8800000229A62606AEBF337F400236362D4F803
:10C89000780620B1EBF330F40023C4F87836216831
:10C8A00021B12846FFF7CFFE002323602046BDE8D4
:10C8B0003840EBF321B438BD2DE9F341064640F68C
:10C8C0007400884615461F46EBF30AF4044610B977
:10C8D00040F2EA3310E02623C0F8E035C0F8E43532
:10C8E000089B4146C0F81C373A463046FFF7CAFE5F
:10C8F000206018B940F2EB332B602DE040231A4A38
:10C9000080F8B430236812680460C3F898204FF4AC
:10C910000870EBF3E5F3A06240B100F58870E062C7
:10C920002C20EBF3DDF3606230B902E040F2F23329
:10C93000E2E740F2F333DFE72046314642462B463A
:10C940000097FFF7C5FE38B12046314642462B46D8
:10C950000097FFF700FE20B920463146FFF77AFF27
:10C9600000242046BDE8FC814404000003680B223B
:10C97000DB69C3F8BC205A619A61704710B5044660
:10C98000F8B1D0F8500208B1EBF3B6F3D4F8E802EE
:10C9900020B1EBF3B1F30023C4F8E832D4F8FC0380
:10C9A00020B1EBF3A9F30023C4F8FC332368054955
:10C9B00018682246FEF7F1F92046BDE81040EBF377
:10C9C0009BB310BD6E7D890080F8C01370470000D6
:10C9D000F0B587B00546FFF7C9FF4FF48160EBF370
:10C9E00079F30446002800F0D48000214FF48162DE
:10C9F0004026E6F359F3256084F8E163BC20EBF3AD
:10CA000069F3C4F85002002800F0BA800021BC226B
:10CA1000E6F34AF30123A3726373A373E373A3746E
:10CA200094F8E13300223F2BE67498BFE374FF23B0
:10CA300084F828300B23227462742273E272052179
:10CA4000022284F8DE33002384F8271084F82D2096
:10CA500041F2285084F82C306085286890F89C00BA
:10CA6000217501280CBF0120104684F82E000120FA
:10CA700084F8C0034FF40060A2756063224621462B
:10CA80000520D0750220D07723B94FF48070A4F828
:10CA9000E40302E02020A1F8E40301330132023173
:10CAA000082BEDD100260127204641F2285184F8B9
:10CAB0002F6084F8307018F0D1DA0221204685F812
:10CAC000DA721AF011DE84F8D86304212846324A5B
:10CAD000324B0096019401F0DDFCB042C4F8000432
:10CAE0004EDB042128462E4A2E4B0096019405F079
:10CAF00017FFB042606043DB4FF43E70EBF3EAF2A5
:10CB0000C4F8E80200283BD031464FF43E72E6F309
:10CB1000CBF21020EBF3E4F2C4F8FC0300282FD092
:10CB2000214B28680093214B21490193214B224A34
:10CB300003932346029604960596FEF789F9F8B901
:10CB40001E4B84F854721A1D07CA8DE8070022464E
:10CB50001B6828460721FEF7C7FAFF2384F8DD3358
:10CB60002B68204693F841101BF03CDDC823C4F825
:10CB7000EC3220461BF04AD8202384F8E23308E048
:10CB8000D4F8500208B1EBF3B7F22046EBF3B4F25D
:10CB90000024204607B0F0BD01918300E59083009A
:10CBA000A1918300819183006199830099B78300EB
:10CBB0005CE2880015AA83006E7D8900A09B0200BC
:10CBC000024618B100680249FEF7E7B8704700BF97
:10CBD0005D89890010B5044686B00E490E4A234689
:10CBE00000680AF0F1D90D4B2068009300230193EF
:10CBF00002930393049305930949064A2346FEF7DB
:10CC000027F920B12046FFF7DBFF4FF0FF3006B0D9
:10CC100010BD00BF5D89890021CF830015CE830040
:10CC20004CE3880038B50446D0F834011546FFF7C8
:10CC3000CBFED4F838012946BDE8384000F02CB8C6
:10CC400010B50446002824D0416969B190F8293014
:10CC50001BB103689868F7F355F523686169986814
:10CC6000F7F3BCF500236361A06908B1EBF344F26C
:10CC7000E06918B1EBF340F20023E3612368054952
:10CC800018682246FEF789F82046BDE81040EBF30D
:10CC900033B210BD7686890080F8281070470000F6
:10CCA00070B5054686B03420EBF314F20446002834
:10CCB00000F0928000213422E6F3F6F14023256053
:10CCC00084F82A305020EBF305F2A06100287BD0D5
:10CCD00000215022E6F3E8F1012384F8203084F8A3
:10CCE000213084F8223084F8233084F8243084F80A
:10CCF000253084F8263084F827302372102363729D
:10CD000094F82A300F2B98BF63722B6A002618699B
:10CD1000EDF7F2FD4FF47A73E381C823238200F02C
:10CD20001000012300280CBF0520072084F82830BC
:10CD300003232073E3722046A6721DF0FDDC04215C
:10CD40002846274A274B0096019401F0A3FBB042E6
:10CD5000206339DB04212846234A244B00960194A2
:10CD600005F0DEFDB04260602EDBA8682049224657
:10CD70003346F7F34BF5606130B34FF4BA70EBF321
:10CD8000A9F1E06100B331464FF4BA72E6F38CF1D9
:10CD9000184B28680093184B18490193184B194AEF
:10CDA0000393194B02960493184B05932346FEF701
:10CDB0004FF8064640B92B68204693F842101DF004
:10CDC0006DDC84F8296007E0A06908B1EBF394F109
:10CDD0002046EBF391F10024204606B070BD00BF61
:10CDE00005DF8300EDDE830061DF830041DF830028
:10CDF00071E28300DDDF830045E5830088E388007E
:10CE000029E18300768689004457010025A30000AC
:10CE10000023037440F6FB63C381704710B50446DA
:10CE200090B11EF025D9606808492246FDF7B5FF8C
:10CE3000E06E08B1EBF360F1206EEBF35DF120469C
:10CE4000BDE81040EBF358B110BD00BF6E888900FB
:10CE500030B5054687B07020EBF33CF1044600285E
:10CE600034D000217022E6F31FF12B682560636047
:10CE70001820EBF32FF1206620B300211822E6F3EF
:10CE800013F16420EBF326F1E066D8B100216422AF
:10CE9000E6F30AF10F4A104B0292104A0093002366
:10CEA000019303920493059360680D490D4A23464C
:10CEB000FDF7CEFF30B901236382A3822046FFF73E
:10CEC000A7FF03E02046FFF7A9FF0024204607B094
:10CED00030BD00BFDDF1830095EE830075F0830067
:10CEE000DCE388006E88890070B50446E8B1856986
:10CEF000C669284600F016F9616C41B1A868F7F3DD
:10CF000001F4A868616CF7F369F4002363642246B6
:10CF100030460649FDF741FF28682146FEF75CF8D8
:10CF20002046BDE87040EBF3E7B070BD826A89002F
:10CF30002DE9F0433C234FF005090A27D0F8008083
:10CF4000C0F80435C0F80895C0F8107587B00446DD
:10CF5000A020EBF3BFF00546002800F0B1800021CF
:10CF6000A0220026E6F3A0F02E70AC61C5F81C806C
:10CF7000284620F0AFDF0421A862554A20463346F8
:10CF80000096019501F086FAB042A866C0F298803A
:10CF9000204600F0E1F80646002840F09180A068A5
:10CFA0004C492A463346F7F331F46864002800F010
:10CFB0008780494B40460093484B49490193494B70
:10CFC000494A02932B46039604960596FDF740FFC7
:10CFD0000346002874D1009029462068434AFDF793
:10CFE0008AFF014600286BD1D4F888040122404B07
:10CFF00003F03CFF002863D13E4BD4F894068DE843
:10D000001800394601223C4B02F00CFC002857D195
:10D010003A4B32228DE81800D4F894063946384B42
:10D0200002F000FC024600284AD1D4F89406494692
:10D03000344B009402F0ACFE002841D1D4F89406A1
:10D0400049460122304B009402F0A2FE002837D15D
:10D05000D4F89406494632222C4B009402F098FEF4
:10D0600070BBD4F894064946A422294B009402F0E0
:10D0700015FF28BBD4F8940649463022254B00946E
:10D0800002F086FEE0B9D4F89406C0212D22224B8E
:10D09000009402F07DFE98B9D4F8940690212D22D8
:10D0A0001E4B009402F0D6FC50B9D8F8D8001C49A9
:10D0B000E6F372F64FF47A7390FBF3F36B8103E0BF
:10D0C0002846FFF711FF0025284607B0BDE8F0838A
:10D0D00001FD8300DD16840009FD8300AD0F84008F
:10D0E000A8E4880089118400826A890065068400AA
:10D0F000F9078400F5138400A5118400D913840076
:10D100009511840091128400C91284005512840084
:10D11000791384000D138400A9148400A5148400DD
:10D120006885890038B5D0F81455044675B10849AA
:10D13000024660F0B5D9074922462068FDF72DFE6A
:10D140002846EAF3D9F70023C4F8143538BD00BFE8
:10D150001139840066570100F0B5044687B04FF4DA
:10D160000A60EAF3B7F7054620B9C4F814054FF092
:10D17000FF3005E100214FF40A62E5F395F72268DC
:10D1800005F120032B60002608236B612E61F82136
:10D19000D36520467B4A7C4B0096019405F0C0FB8A
:10D1A000B042A86105DA2046FFF7BCFF6FF001002E
:10D1B000E6E0764B002243F8042BF2071FD57449B2
:10D1C00001270A780D2A07FA02FE03DCD21917FAA2
:10D1D00002F001E04FF40040CA78012111FA02F791
:10D1E0000D2A47EA0E0747EA000003DC521811FA3D
:10D1F00002F201E04FF40042024343F8042CB0076E
:10D2000023D5634901274A7853F804EC0D2A07FA1D
:10D2100002FC03DCD21917FA02F001E04FF40040DF
:10D220008A78012111FA02F70D2A47EA0C0747EA2A
:10D23000000003DC521811FA02F201E04FF4004240
:10D24000024342EA0E0243F8042C710723D55049E9
:10D2500001270A7953F804EC0D2A07FA02FC03DCD3
:10D26000D21917FA02F001E04FF400404A79012187
:10D2700011FA02F70D2A47EA0C0747EA000003DC1F
:10D28000521811FA02F201E04FF40042024342EA5E
:10D290000E0243F8042C320723D53D4901278A7931
:10D2A00053F804EC0D2A07FA02FC03DCD21917FA32
:10D2B00002F001E04FF40040CA79012111FA02F7AF
:10D2C0000D2A47EA0C0747EA000003DC521811FA5E
:10D2D00002F201E04FF40042024342EA0E0243F838
:10D2E000042C0136102E7FF465AF2A4B00210393E6
:10D2F0002068294A234600910191029104910591E9
:10D30000FDF7A6FD70BB0121D4F888040A46234B23
:10D3100003F0ACFD48BBD4F8880401210222204B65
:10D3200003F0A4FD20BB1F4BD4F894068DE8180031
:10D33000802105221C4B02F0F3F9E0B91B4B1A1DAA
:10D3400007CA8DE807002046032122461B68FDF727
:10D35000CBFE20461649224660F09CD870B9C4F82E
:10D3600014550DE06FF003000AE06FF0040007E0D1
:10D370006FF0050004E06FF0060001E06FF00800B8
:10D3800007B0F0BDC53884004538840074650100DD
:10D3900060E188000D32840066570100CD2F8400C3
:10D3A00009368400F9398400FD318400B09B020005
:10D3B0001139840070B51E468B89154642F256021B
:10D3C00093420C4608D842F2550293422DD242F2C3
:10D3D0005002934229D108E042F2600293421AD0EF
:10D3E0004EF2F542934220D11AE0CB89012B04D1B1
:10D3F0006FF03B032B600F2303E06FF045032B60BE
:10D40000142333600368D3F88030D90412D52B6815
:10D41000023B2B600EE06FF04A032B600F2308E005
:10D420006FF095032B60962303E06FF04A032B60A7
:10D4300014233360D4F8080130B300214022E5F30F
:10D4400033F6D4F8082180231370D4F80821296812
:10D450005170D4F808219370D4F808313268DA702A
:10D46000D4F80831BF221A71D4F8083100225A7159
:10D47000D4F808310322DA8046221A810A225A811E
:10D4800001229A810A22DA81D4F80C0128B1002104
:10D490001022BDE87040E5F307B670BD10B5044634
:10D4A000E0B103680E4918682246FDF776FCE36890
:10D4B00033B1214651F80C3BD3F83C06F7F712F98B
:10D4C000A36833B1214651F8083BD3F83C06F7F77F
:10D4D00009F92046BDE81040EAF30EB610BD00BFC2
:10D4E000969F890070B5054686B01020EAF3F2F5E4
:10D4F0000446002837D000211022E5F3D5F5D5F8F1
:10D500003C06E421194A04F10803F7F7DFF830BBC1
:10D51000D5F83C06E821164A04F10C03F7F7D6F8D3
:10D520000646E0B98DE8110004212846114A124B45
:10D5300005F0F6F90028606011DB104B28680093B5
:10D540000F4B10490193104B104A03932346029648
:10D5500004960596FDF77CFC08B9256003E020469B
:10D56000FFF79CFF0024204606B070BD6B570100FA
:10D5700071570100DDBD84009DBD840075B6840037
:10D5800051BE840050E6880079B68400969F8900D9
:10D5900001207047012970B50E46144607D1174B7C
:10D5A00003211046D3F8B8300A46984770BD19BB1E
:10D5B000124BD3F8C050FFF7EBFF3146024620462E
:10D5C000A847204601213246A8472046022132467C
:10D5D000A847204603210122A84720464FF4817125
:10D5E0000122A84720464FF480713246A8472046C2
:10D5F00040F201113246A84770BD00BF10A7880055
:10D60000806C20381F2805D8802333FA00F000F002
:10D610000100704700207047C16FB0F84E3010B560
:10D620008A6AB3B1FF2B16D9180B0138012814D818
:10D6300003F47060000A09280FD878B103F0F000F5
:10D6400090280AD803F00F0009288CBF0020012081
:10D6500004E0184602E0012000E000200C6B41F2DB
:10D66000E4418C4215D1A2F582610739012903D822
:10D670003F2B98BF002010BD40F20C418A4207D0DA
:10D6800040F221418A4204D1502B98BF002010BDA6
:10D69000002010BD90F8763010B504463BB9044B1D
:10D6A00004491A682CF03CDA012384F8763010BD66
:10D6B00078B802007CB8020070B50C4605461646E4
:10D6C00008460A220021E5F3EFF463881E432B6D20
:10D6D0006680980603D5238843F480632380D5F8B9
:10D6E000943042F25002198C914205D15B8C052B8B
:10D6F0009CBF46F00406668070BD0000D0F8800034
:10D700000149E6F36DB300BF119C020010B5044659
:10D710000C20EAF3DFF4C4F80C0138B10C2200212C
:10D72000E5F3C2F4D4F80C3110229A7210BD10B592
:10D730000446D0F80C0120B1EAF3DEF40023C4F86B
:10D740000C3110BD70B5064605460024686938B135
:10D75000064B1B6898473046214600223BF03ADED4
:10D7600001340435062CF1D170BD00BF10A788002C
:10D770002DE9F043046985B00546EC20A66FEAF375
:10D78000A9F43062002875D01020A66FEAF3A2F445
:10D79000706200286ED0002637460F216846384A4E
:10D7A0003346E5F3E7F4D4F880006946E6F318F36E
:10D7B00008B10137BFB2013640F2F1339E42ECD1DD
:10D7C00037B9D4F880002F49E6F30AF3002843D094
:10D7D000B8000630EAF37EF4C5F85C06002849D0AC
:10D7E0000023838000260F216846254A3346E5F34F
:10D7F000C1F4D4F880006946E6F3F2F298B1D5F8A6
:10D800005C866946D4F88000B8F80490E6F3C4F268
:10D8100008EB89031881D5F85C369A8803EB8201FE
:10D820000132CE809A80013640F2F1339E42DAD145
:10D83000D4F880001349E6F3D3F2D5F85C6650B112
:10D84000D4F880000F49E6F3A7F2D5F85C36012240
:10D8500070801A7000E03070A36F586A60B10123C5
:10D8600003808380C3800381022343810423838157
:10D87000002001E06FF01A0005B0BDE8F08300BFA2
:10D88000629C02006F9C02002DE9F04F0568C6689B
:10D890002B688FB0DF6900230446009388460BA8ED
:10D8A0000921944A3346E5F365F4D4F81490B9F1AC
:10D8B000000F40F01081D4F888103A6801F500712B
:10D8C000E06FD4F808A00992D7F804B0FAF798FEF0
:10D8D0000146A868FCF776FD002800F005810921C3
:10D8E000844A0BA83346CDF80090E5F343F4E26F89
:10D8F000D4F88810B8F1000F02D001F5007300E0F1
:10D900004346099801F50871B8F1000F08BF0020DF
:10D9100001900091CDF808B0B9684FF0FF3903913C
:10D92000CDF81090F968DFF8DC810591D5F8E015A5
:10D93000504606910BA9CDF81C80FAF7D1FC05469C
:10D94000002800F0D1802A466B4B20460021FFF7CB
:10D9500021FE2A46204600213BF03CDD002509211E
:10D96000644A33464FF0010B0BA8CDF800B0E5F345
:10D9700001F400953A68D4F88830019250460BA91A
:10D98000E26F03F5107302950395CDF8109005959D
:10D990000695CDF81C80FAF7A3FC0746002800F096
:10D9A000A4803A46544B20462946FFF7F3FD5946DA
:10D9B0003A4620463BF00EDD4FF0020B09214D4A5E
:10D9C00033460BA8CDF800B0E5F3D4F3099AD4F8A8
:10D9D0008830019250460BA9E26F03F52073009541
:10D9E00002950395CDF8109005950695CDF81C800D
:10D9F000FAF776FC0746002877D03A463E4B204699
:10DA00002946FFF7C7FD59463A4620463BF0E2DC7F
:10DA10004FF0030B0921374A33460BA8CDF800B06D
:10DA2000E5F3A8F3099AD4F88830019250460BA97F
:10DA3000E26F03F53073009502950395CDF81090D1
:10DA400005950695CDF81C80FAF74AFC0746002894
:10DA50004BD03A46284B20462946FFF79BFD3A46D5
:10DA6000204659463BF0B6DC042733460921214ABB
:10DA70000BA80097E5F37EF3099AD4F88830019259
:10DA800050460BA9E26F03F540730095029503958C
:10DA9000CDF8109005950695CDF81C80FAF720FC7E
:10DAA000064608B3324620462946134BFFF772FD5F
:10DAB0003246204639463BF08DDC2646706930B14F
:10DAC0000E4B0F49D3F88C309847C6F8C00001358B
:10DAD0000436062DF2D1D4F89410204608310022E5
:10DAE000FFF7EAFD012700E0074638460FB0BDE822
:10DAF000F08F00BFE29B0200F05D010010A78800DC
:10DB0000D4318900C403000010B5BDE81040FCF713
:10DB10007DBA11B10846FCF721B87047F8B5046921
:10DB20000546002C42D0E06F08B1FCF74DF82046C6
:10DB3000FFF708FED4F89460B4F846000BF0A0D8C4
:10DB4000706A28B103F04BFC00230746736200E0C3
:10DB50000746D4F8900003F021FC00263F18D4F8C3
:10DB60008C0004F0D9F92046C4F88060E667FFF71E
:10DB7000DEFDD5F85C0618B1EAF3BEF2C5F85C66C6
:10DB8000A36F186A20B1EAF3B7F2A36F00221A62FA
:10DB9000A36F586A20B1EAF3AFF2A36F00225A6272
:10DBA000204601F03BFD00232B6100E0274638466C
:10DBB000F8BD0000F0B587B04FF480350021042394
:10DBC00003AA0446D0F8887000952CF05BDC234B48
:10DBD00006AE46F8083D0021042320463246009553
:10DBE0002CF09CDC0423002105AA204600952CF093
:10DBF00049DC049B059A9A422AD1194B00210493CF
:10DC000020460423324600952CF088DC04230021B2
:10DC100005AA204600952CF035DC049B059A9A4213
:10DC200016D104230021204603AA00952CF076DCAF
:10DC30000023C7F88C31D7F82031B3F1042F09D075
:10DC40000848C0EB030CDCF1000040EB0C0002E0E4
:10DC5000002000E0012007B0F0BD00BFAA5555AA82
:10DC600055AAAA5500040084224B70B54FF00061FC
:10DC7000002603660A464666044605682DF0C6DDA2
:10DC80004FF08073C4F820310323A4F8A830022396
:10DC9000A4F8AA300723A4F8A4300423A4F8A630DB
:10DCA00041F2010384F8A260A4F8BC304FF416736B
:10DCB000A5F810362B6893F89C20012A0CBF0C2283
:10DCC0000622A5F80E2693F864211AB1226E42F0BE
:10DCD0008072226693F89C20074812F1FF3218BF29
:10DCE00001220649E5F306F2FF2384F834310123CB
:10DCF000637470BD60A8E7B87857010078750200BA
:10DD00002DE9F04F97B09B464FF0000916AB8A46BD
:10DD1000174643F8049D21995A46054601F097FCA1
:10DD20000446002800F01D839DF8803028610374AC
:10DD30002B6840F61201D3F8D400D3F8D860D3F89A
:10DD4000DC304A46C4F88430E067C4F88060F0F301
:10DD500021F0C4F888008046E860E06FEFF380F2BD
:10DD6000A0642046FFF780FF30469749E6F338F07D
:10DD700028B149464A46E5F3CFF51FFA80FA304606
:10DD80009249E6F32DF048B100210A46E5F3C4F5C7
:10DD90004FF6FF7380B2984218BF07465046394687
:10DDA000FDF734F908B90C23DAE28949A4F844A054
:10DDB000A4F846703046E5F3EFF78649C4F86001F1
:10DDC0003046E5F3E9F7C4F86401B4F846000AF018
:10DDD00057DF003018BF0120263054F82030B4F847
:10DDE0004600C4F894300AF04BDF003018BF012021
:10DDF0000A3055F8203020462B62FFF701FC08B9A5
:10DE00000D23ADE2E06FEFF3E5F1E06FEFF39CF689
:10DE1000204600212BF0B0DB20464FF0FF312CF0E4
:10DE200021DC2046FFF7C6FE08B90E2398E23046F3
:10DE30006949E5F3B1F7FF2808BF0120A4F84E00B7
:10DE40002046FFF7E9FB08B90F2389E26349304612
:10DE5000E5F3A2F7624984F84C003046E5F39CF7FD
:10DE6000604920653046E5F397F794F84C306065DB
:10DE70000B2B05D930465C49E5F38EF7C4F8500109
:10DE80005A493046E5F388F7594984F83501304658
:10DE9000E5F382F784F836012B6893F86A312BB1E9
:10DEA00030465449E5F378F7C4F8540152493046F6
:10DEB000E5F372F7514984F858013046E5F36CF701
:10DEC000E36F41F26B02196BA4F86801914220D113
:10DED0009B6A4E2B08D1B4F84E30402B19D9236DD4
:10DEE00043F00203236514E0E42B04D1B4F84E3070
:10DEF000B3F5A85F06E0EF2B0BD1B4F84E2041F24A
:10DF000001239A4205D8236D43F48003236500233F
:10DF100063653B493046D4F85C71E5F33DF7394918
:10DF200038603046D4F85C71E5F336F736497860EE
:10DF30003046D4F85C71E5F32FF73449B8603046C9
:10DF4000A76FE5F329F73876A36F1A7E012A01D06F
:10DF500003221A76236D990604D5012120460A462C
:10DF60002DF0F6D8D4F880002949E5F339F720B12F
:10DF7000D4F880002649E5F30FF781462549D4F807
:10DF80008000E5F32DF720B1D4F880002149E5F3B6
:10DF900003F707462049D4F88000E5F321F720B1C4
:10DFA000D4F880001C49E5F3F7F62B6893F8282194
:10DFB000BAB3226D920504D5B9F1000F01D007B1B3
:10DFC00060BB00222BE000BF259C0200B49C020035
:10DFD0004C9C0200579C0200AB9C0200BA9C0200C1
:10DFE000069C0200869C02009F9C0200CC9B0200C3
:10DFF000D79B0200799C0200369C0200C29C020062
:10E00000419C02002C9C0200C09B0200ED9B020080
:10E01000199C0200F29B0200929C0200012283F8EC
:10E0200028212B6893F8692132B1226D12F0010288
:10E0300018BF012283F86921B4F846200123C4F8EF
:10E04000B830B4F844002B68A5F8AA21E26FA5F80F
:10E05000A801C3F8D420A26C1A6194F84C2083F86C
:10E060007C202B68226DB4F84E00C3F88020626DCE
:10E07000A3F87A00C3F8842094F84C2020460B2A99
:10E0800084BFD4F85021C3F84821D4F8B820012720
:10E0900083F83D705A62A9682A4603F02BFFC4F842
:10E0A0008C0008B919235BE1219AE36F0292A26CFC
:10E0B00004900692B4F84620B4F84400ADF82A2043
:10E0C000DA6B03930B921A6CADF828000C925A6C21
:10E0D00002A80D9294F84C20CDF814B00E929A6AD2
:10E0E00009960F92B4F84E2010921A6B1192226D7D
:10E0F0001292626D13925A68DB680792089303F0DC
:10E10000AFFAC4F8900008B9102329E12623C5F816
:10E11000E035C5F8E4354FF4FF73C4F83831B4F88E
:10E1200046000AF0ADDD10F1000918BF4FF00109FB
:10E13000494620462EF0FCD8B9F1000FD4F89430AF
:10E140000CBF02220122C3F804901A602B6A14BF8C
:10E1500001220222C3F804901A60E06FD5F81C90E7
:10E16000EFF376F0D8F85C31C9F8000023F00043F3
:10E170007E4AE3662367A36C0C2101FB0323303B3B
:10E18000C4F8D830204639462BF0ACDDD4F8949052
:10E19000D4F890004146D9F80020334603F066F9E0
:10E1A000C9F8240008B91123DAE04FF0FF31204606
:10E1B0002DF04EDAD4F89430E16E586A03F00CF981
:10E1C000D4F8943003F12202009203F11C0103F110
:10E1D0001E02586A203303F0ECF8D4F89480D8F883
:10E1E000240003F0F4F888F82800D4F89430D5F827
:10E1F0002080586A03F0EBF888F81400D4F8948073
:10E20000D8F8240003F0E6F8D4F89430C8F81800E1
:10E21000DA8B37FA02F1C90701D41223A0E0296A88
:10E22000586A0861988B4A8108811A8C588C8A81B7
:10E23000C8810F2240F2FF30D8829A8220463946A8
:10E24000FFF722FB08B913238AE02B6893F86931A2
:10E25000002B32D0002120462BF0F6DF3046444917
:10E26000A76FE5F399F5236DC0B2DA07386020D5C2
:10E27000636D1B061DD4E36F9A69900002D5DA69BD
:10E28000D10704D5DB69DA0701D4580711D5E36E4D
:10E2900099000ED530463649E5F3A2F530B1344940
:10E2A0003046E5F379F5C1B2204604E02046082166
:10E2B00001E0204600212BF073DDE06FEBF358F412
:10E2C00020462DF017DF0094E06F2A492A4A0023E8
:10E2D000FBF76CFC204600212DF0EEDE2046FFF718
:10E2E0000DFA08B915233BE004F1FC063146E5F3CD
:10E2F000A9F13046E5F338F518B93046E5F340F5B5
:10E3000008B116232CE02046FFF700FA2846A16C3E
:10E3100001F0E2F92B68DA69526AC5F84425013A3E
:10E3200085F84225D3F89800A8B103789BB113492A
:10E330002246E5F3C7F62B681149D3F89800224628
:10E34000F9F78AFE606930B12B68D3F898100D4B4D
:10E35000D3F8B03098472846FFF70AFA10B11B23CC
:10E360001593159817B0BDE8F08F00BF005E01004F
:10E37000FD9B020001DC840015DC84005DD9840073
:10E38000BDD9840010A7880010B50446002828D005
:10E390000368144918682246FCF7FFFC236A1BB186
:10E3A00004F12000E4F396F0E3691BB104F11C00D2
:10E3B000E4F390F0A3691BB104F11800E4F38AF0D0
:10E3C00063691BB104F11400E4F384F023691BB109
:10E3D00004F11000E4F37EF02046BDE81040E9F3BC
:10E3E0008BB610BD8A570100036830B5DB6905465E
:10E3F000586D87B000012430E9F372F60446002816
:10E4000038D0034643F8245BC36004F11001D5F80B
:10E410003806E4F349F068BBD5F8380604F1140176
:10E42000E4F342F030BBD5F8380604F11801E4F308
:10E430003BF0F8B9D5F8380604F11C01E4F334F0E8
:10E44000C0B9D5F8380604F12001E4F32DF088B9FD
:10E450004FF4856363600B4B019000930A4B03906C
:10E4600002930490059009492868094A2346FCF75D
:10E47000EFFC18B12046FFF787FF0024204607B0C5
:10E4800030BD00BFC10B85007513850080E6880094
:10E490008A570100F0B5D0F828410068A568C06926
:10E4A000406D854211D2E7682E01B8194360059B83
:10E4B00001358360069BBA51C3606068A560C31CC8
:10E4C000591821F003016160F0BD6FF01500F0BD37
:10E4D000D0F828311869E3F3C3B7D0F8280110B198
:10E4E0000069E4F31FB07047D0F82831D869E3F32E
:10E4F000B7B7D0F82831D869E4F314B0D0F8283190
:10E50000186AE3F3ADB7D0F82831186AE4F30AB01B
:10E5100073B505462EF058DC0446B8B12B684FF0B1
:10E520000052C5F86802009293F82F202846019205
:10E530002146002204332EF0D3D9064650B928468E
:10E5400021462FF0B1DB064620B901E06FF01A0634
:10E5500030467CBD284621462FF01EDBF8E7F8B593
:10E560001F4603680D461E691146D6F88000144602
:10E57000E5F32AF440B3B84224D121460022D6F86C
:10E580008000E5F315F4287021460122D6F88000BA
:10E59000E5F30EF4687021460222D6F88000E5F318
:10E5A00007F4A87021460322D6F88000E5F300F4B2
:10E5B000E870D6F8800021460422E5F3F9F32871CB
:10E5C0000120F8BD4FF0FF30F8BD000038B504461B
:10E5D000B8B103680B4918682246FCF7DEFB606B94
:10E5E00008B1E9F389F5D4F880000025656318B116
:10E5F000E9F382F5C4F880502046BDE83840E9F3DD
:10E600007BB538BD915701002DE9F04105698CB00B
:10E6100007468420E9F364F50446002800F0D2811F
:10E6200007603C20E9F35CF58046002800F0CA81D1
:10E630003B69012680F8386080F8396043603B6AA6
:10E64000046031461869ECF77EFAD8F80430B64910
:10E65000D3F88000E5F3A0F3D8F80430C8F814002C
:10E66000B249D3F88000E5F397F3D8F80430C8F83E
:10E670001800AF49D3F88000E5F38EF3D8F80430E2
:10E68000C8F81C00AB49D3F88000E5F385F3D8F84F
:10E690000430C8F80800A849D3F88000E5F37CF3FB
:10E6A000D8F80430C8F81000A449D3F88000E5F386
:10E6B00073F3A34BC8F80C00C4F880800093A14BFF
:10E6C000A1490193A14BA24A0293A24B0393A24BEF
:10E6D0000493A24B059338682346FCF7B9FB8046A8
:10E6E000002840F06F8184F82C003B699C49D3F8E6
:10E6F0008000E5F351F384F86F003220E9F3F0F481
:10E7000007466063002800F05D8141460A2206A8A2
:10E71000E4F3CAF40C238DF8193099238DF81A30DC
:10E72000A6238DF81B3008238DF81E30B7238DF8F3
:10E730001F30E2238DF820308A4AC4238DF821301F
:10E740008DF818608DF81D601068516809AB03C31F
:10E75000128985491A80854B3E70A363844B84F8E7
:10E760005A80E363636B9E71D5F88000E5F338F35C
:10E77000002800F093807C49D5F88000666BE5F3B3
:10E780000BF370707B49D5F88000666BE5F304F3FA
:10E79000B0707949D5F88000666BE5F3FDF2F07052
:10E7A0007649D5F88000666BE5F3F6F2307174496E
:10E7B000D5F88000666BE5F3EFF270717149D5F81A
:10E7C0008000666BE5F3E8F2F0716F49D5F88000E0
:10E7D000666BE5F3E1F2B0716C49D5F88000E5F3C2
:10E7E000DBF284F844006A49D5F88000666BE5F3F3
:10E7F000D3F230726749D5F88000666BE5F3CCF24E
:10E800007072616B05230A31634A2046FFF7A7FE49
:10E81000616B05230F3186B2604A2046FFF79FFEE9
:10E82000616B0523143136185D4A2046FFF797FEC9
:10E83000616BB6B21931052336185A4A2046FFF7E4
:10E840008EFE616BB6B236180B7AB6B2B34225D1E2
:10E850001E310523544A2046FFF781FE616B0523D4
:10E86000233186B2514A2046FFF779FE616B0523BA
:10E87000283136184E4A2046FFF771FE616BB6B25A
:10E88000052336182D3120464A4AFFF768FE636B90
:10E89000B6B236185B7AB6B2B34225D0626B0023AB
:10E8A0005370626B0C219370626BD370626B117149
:10E8B000616B02224A71A86F616B0068C871616B5D
:10E8C0000A72616B4A72606B812284F8402006A94B
:10E8D0000A2284F841300A30E4F362F3606B09A93C
:10E8E0001E300A22E4F35CF3626BAB6FD279002135
:10E8F0001A6004F14D000822E4F3D6F3002384F8F3
:10E90000583084F85930A4F85630D5F880002A4998
:10E91000E5F366F2002851D0D5F880002649E5F3EA
:10E920003BF284F85F0051E0E49D0200D19C0200BC
:10E93000FA9C02000A9E0200629D0200D09D020025
:10E940005128850085DA0000A4E68800E12B8500C7
:10E9500091570100D52B8500A45701006DD300000D
:10E96000989E02003B380100479E02001127850057
:10E9700089278500919D0200319E02001B9E0200A6
:10E98000F39D0200E29C0200A89D02004E9D020041
:10E99000819D02003D9D02000D9D02001D9D020013
:10E9A0002D9D0200719D0200549E0200659E020092
:10E9B000769E0200879E0200BD9D0200BA2384F865
:10E9C0005F3003E02046FFF701FE002420460CB034
:10E9D000BDE8F08130B5044685B0002840D0D0F8BD
:10E9E000201131B103689868F5F3F8F60023C4F8F4
:10E9F000203123681A6892F82F2022B3D3F824011B
:10EA000001A900225EF0A2DA0FE043685A060CD595
:10EA1000D4F83051451904E00368C5F81031E9F322
:10EA20006BF3D5F810010028F6D1236801A9D3F8BB
:10EA300024015EF0A1DA0028E7D104E00368C4F8FD
:10EA40004431E9F359F3D4F844010028F6D123689E
:10EA5000044918682246FCF7A0F92046E9F34CF374
:10EA600005B030BD5DB3890030B5054687B04FF4C1
:10EA7000A670E9F32FF30446002875D000214FF467
:10EA8000A672E4F311F33C4B256000933B4B3C4AE8
:10EA90000193002302930392049305932868394954
:10EAA000394A2346FCF7D4F900285DD12B6A1A684D
:10EAB000022A05D15B7D002B0CBF1623302300E01A
:10EAC000302322184430B0F5887F1374EED1A86843
:10EAD0002E492A460023F5F399F6C4F820010028B0
:10EAE00042D04FF47A7345F27352C4F81C31A4F843
:10EAF0003C2100234622C4F84431A4F83E21284694
:10EB00008DE828004FF48A71214A224B03F008FF58
:10EB10000028C4F8300127DB1F4BD5F894068DE898
:10EB200018000521B0221D4B00F008FFE0B91C4B76
:10EB3000D5F894068DE818000521B222194B00F093
:10EB4000FDFE88B9D5F894060A21B022164B009430
:10EB500001F0A4F940B9D5F8C006B021134A144B0E
:10EB6000009401F005FC18B12046FFF733FF0024A4
:10EB7000204607B030BD00BF91508500116585006B
:10EB8000654E850018E888005DB389005549850009
:10EB900011568500ED558500955D8500E94A850093
:10EBA000D15C8500514A850095538500854E8500CE
:10EBB000994E850010B5044630B133F091DE204601
:10EBC000BDE81040E9F398B210BD10B5044624200A
:10EBD000E9F386F200B1046010BD000010B50446F0
:10EBE000E0B143680E4918682246FCF7D6F8D4F81D
:10EBF0003C01FFF7DFFFD4F83401FFF7DBFFD4F867
:10EC00009C0008B1E9F378F2D4F8940008B1E9F374
:10EC100073F22046BDE81040E9F36EB210BD00BFAC
:10EC2000BC5701002DE9F041754B00271F60754B63
:10EC3000056888B006461F604FF4A070E9F34AF2F9
:10EC40000446002800F0D78039464FF4A072E4F360
:10EC50002BF284E860003046C6F85841FFF7B5FF54
:10EC60008046C4F8340130B13046FFF7AEFF80462D
:10EC7000C4F83C0120B92046E9F33EF24446BAE02C
:10EC80007F21042204F14400E4F30EF27F210422E8
:10EC900004F17000E4F308F2042207A83946E4F313
:10ECA00003F2336893F87C20D3F8D800012A13D9F3
:10ECB0005549E5F395F0014658B107A80322E4F35E
:10ECC000CBF207A8042137F0B7D990B107A84F4974
:10ECD0000CE007A84E4909E04E49E5F35DF009282C
:10ECE000034606D84C4907A801EB83010322E4F34D
:10ECF000B3F2032207A904F10800E4F3ADF233688C
:10ED00004649D3F8D800E5F347F0D5F8D43041F2BE
:10ED10006B02196BE06091420ED19B6A8B2B01D084
:10ED2000902B09D1022807D107A83D490422E4F31A
:10ED30006FF208B90323E360D5F8D43041F26B02D7
:10ED4000196B91420DD19B6A932B0AD107A83549C3
:10ED50000422E4F35DF220B9E368042B01D1062319
:10ED6000E360D5F8D43041F26B02196B914218D1AF
:10ED70009A6A40F235139A4213D107A82A4904220D
:10ED8000E4F346F258B107A828490422E4F340F21C
:10ED900028B107A826490422E4F33AF208B913235C
:10EDA000E3600025EAF786FF35F058DF07A9042263
:10EDB000C4F89450C4F89850C4F89C50C4F8A050BB
:10EDC000C4F8A45084F8F450204633F0C3DE194B45
:10EDD00030688DE828001849184A234602950395A3
:10EDE00004950595FCF734F828B12046C6F858512B
:10EDF000FFF7F4FE2C46204608B0BDE8F08100BFC6
:10EE0000B4650100B8650100A89E0200BF5701006B
:10EE100041B58900AE9E020094E98800B19E0200CF
:10EE2000C257010068EB880078E9880080E9880013
:10EE300084E98800F16D85003CE98800BC57010039
:10EE400030B5054687B00C20E9F34AF10446D0B14D
:10EE5000114B05604FF49071009301900722D5F893
:10EE600094060E4B00F0DEFC80B90D4B0190009330
:10EE700002900390049005900A4928680A4A2346A4
:10EE8000FBF7E6FF10B9204607B030BD2046E9F396
:10EE900033F10024F7E700BFC19D8500299B850061
:10EEA000659B8500ECED880034590100036810B5BE
:10EEB0000446054918682246FBF76FFF2046BDE867
:10EEC0001040E9F319B100BF3459010070B505468F
:10EED00086B00C20E9F304F10446002863D00560F5
:10EEE0000026019004212846334A344B0096FFF750
:10EEF000D1FAB042606059DB04212846304A314BD8
:10EF00000096019403F00CFDB042A0604EDB284651
:10EF10002D492246FFF7DCFA002847D12B4BD5F8C4
:10EF200094068DE818004FF490712522284B00F0CC
:10EF300079FC00283AD1274BD5F894068DE81800C3
:10EF40004FF490713C22244B00F06CFC00282DD132
:10EF5000D5F8940605219C22204B009500F036FF41
:10EF6000002823D1D5F89406802125221C4B00943B
:10EF700000F070FDD0B9D5F8940680213C22194BE1
:10EF8000009400F067FD88B9174B01900093174B70
:10EF9000039002930490059015492868154A23466A
:10EFA000FBF756FF10B9204606B070BD2046E9F3C6
:10EFB000A3F00024F7E700BF51A3850011A385004B
:10EFC00059A7850045A78500CDA38500E5A9850043
:10EFD000F1A3850015AA850019A4850031A285003A
:10EFE000D1A28500F1A2850009A58500E1A98500CF
:10EFF00028EE880050B9890038B5056804462246D5
:10F0000028680649FBF7C9FE284605492246FFF74E
:10F0100064FA2046BDE83840E9F36EB050B9890083
:10F02000CDA38500024602490068FBF7B6BE00BFCB
:10F030003A59010030B50D4B87B0009300230446C8
:10F04000019302930393049305930949094A2346C4
:10F050000068FBF7FDFE002814BF4FF0FF350025C8
:10F06000204638F071D8284607B030BDA1B08500E1
:10F07000445901003A5901002DE9F043064687B092
:10F0800038200F4691469846E9F324F004460028BC
:10F0900038D000213822E4F307F0D7F83C064021AD
:10F0A0001A4A04F12003F5F711FB054620B120466A
:10F0B000E9F322F0002425E0154BC4F81C80A7607A
:10F0C000C4F80C90266113490093019002900390BC
:10F0D00004900590234630460F4AFBF7B9FE0346DD
:10F0E00060B9E0680D492246F5F390F30546A0614A
:10F0F00040B920690A492246FBF74FFE2046E8F353
:10F10000FBF72C46204607B0BDE8F08314C6890003
:10F11000EDB4850058EE8800B89E02004DB585001C
:10F120005C59010010B5044638F042DA0F492069F5
:10F130002246FBF732FEA16961B1237D23B1E0686D
:10F14000F5F3E0F200232375E068A169F5F346F3D7
:10F150000023A361A36804F12001D3F83C06F5F76E
:10F16000C1FA2046E8F3C8F7002010BDB89E02009F
:10F1700010B50446C0B122460C494068FFF7C3F9F8
:10F18000224660680A4903F00EFE2246606809497B
:10F19000FFF7A3F9A06808492246FBF7FEFD2046C9
:10F1A000BDE81040E8F3A8B710BD00BF21BF85003F
:10F1B00081C5850029BB85006359010070B50546EE
:10F1C00086B01820E8F386F70446002800F0E980AE
:10F1D00000211822E3F368F72B680022A360AB68D4
:10F1E0006560E3606B68042123610423A3822846E1
:10F1F0006D4B8DE81400FFF74DF900282060C0F238
:10F20000CC80284669492246FFF778F9002840F06B
:10F21000C480284666492246FFF75AF9002840F084
:10F22000BC8028466349224603F0B8FD002840F020
:10F23000B480614B0190009302900390049005907C
:10F240005E4928685E4A2346FBF702FE002840F02C
:10F25000A4805C490322D5F8BC063CF039DA5A4E4A
:10F260005A490222D5F8C0063CF032DAD5F89406A5
:10F27000B0213022564B0096019400F051FA00283C
:10F2800040F08B80534BD5F894068DE8180040F67B
:10F2900005013622504B00F0C5FA00287DD14F4BB6
:10F2A000D5F894068DE8180040F6040137224C4B3F
:10F2B00000F0B8FA002870D1D5F8BC063021444AD5
:10F2C0003346009401F009F8002866D1D5F8BC0651
:10F2D0003621414A3F4B009400F0FFFF00285CD1EB
:10F2E000D5F8BC0637213E4A3C4B009400F0F5FFB0
:10F2F000002852D1D5F8C00639213A4A3A4B009439
:10F3000000F0EBFF002848D1D5F89406C021362242
:10F31000364B009400F03CFD00283ED13021D5F85A
:10F3200094060A46324B009400F094FB002834D136
:10F33000D5F8940640F60A0136222E4B009400F0D0
:10F3400027FD50BBD5F8940640F60A0137222A4B18
:10F35000009400F01DFD00BBD5F894063021392241
:10F36000264B009400F014FDB8B9D5F8BC06302146
:10F370001F4A234601F044F878B9D5F8BC06362177
:10F380001C4A234601F03CF838B9D5F8BC063721B1
:10F39000194A234601F034F818B12046FFF7E8FE79
:10F3A0000024204606B070BDA1BA850021BF8500AB
:10F3B00029BB850081C5850035BC850080EE8800AD
:10F3C000635901007CEE880019BA8500A4EE88001C
:10F3D00071B8850085C68500A5BB8500C1C58500BF
:10F3E00035BB850021BC8500DDC68500C9C485000C
:10F3F00005C28500C9C0850011C0850035C18500E2
:10F4000008B1E8F379B6704737B505463820E8F318
:10F4100067F6044650B14FF0FF330560054901938C
:10F42000054A064B009539F0ABDD01E0FFF7E8FF38
:10F4300020463EBDE9CD8500F1CD8500E1CD8500BA
:10F4400070B5054686B01020E8F344F6044600285F
:10F4500038D000211022E3F327F600262560012191
:10F46000C5F8CC462846194A194B00960194FFF777
:10F4700011F8B042E06021DB164B28688DE84800A7
:10F480001549164A23460296039604960596FBF7FD
:10F49000DFFC98B9124BD5F894068DE828000521B9
:10F4A000BE22104B00F04AFA40B9D5F89406C021AC
:10F4B000BE220D4B009500F0F1FC18B12046E8F398
:10F4C0001BF60024204606B070BD00BF8DD085001D
:10F4D00089D08500E1CF8500A8EE8800BF9E02009C
:10F4E0005DD085003DD0850091D0850010B50446E3
:10F4F00088B1037923B18068E8F3FEF50023237116
:10F500002368054918682246FBF747FC2046BDE8FA
:10F510001040E8F3F1B510BDBF9E020008B1E8F35A
:10F52000EBB5704737B505460420E8F3D3F504463C
:10F53000002855D02D4B056040F23F1100930190FB
:10F540002D22D5F894062A4B00F06CF9002847D1FB
:10F55000284BD5F894068DE818004FF495713D229C
:10F56000254B00F05FF900283AD1244BD5F89406DA
:10F570008DE818004FF495714A22214B00F052F9A2
:10F5800070BB204BD5F894068DE818001521502249
:10F590001D4B00F0D3F918BBD5F8940605212D2298
:10F5A0001A4B009400F0F4FBD0B9D5F89406C021B2
:10F5B0002D22174B009400F0EBFB88B9D5F8940688
:10F5C000C0213D22134B009400F0E2FB40B9D5F876
:10F5D0009406C0215022104B009400F05FFC18B13B
:10F5E0002046FFF79BFF002420463EBDC5D2850084
:10F5F000CDD0850011D38500E1D085000DD38500E5
:10F60000DDD0850071D28500B5D0850041D185005F
:10F6100001D2850021D285007DD1850010B5044638
:10F62000A0B10368806F00225A6108B1E8F364F565
:10F63000D4F8980008B1E8F35FF5606808B1E8F322
:10F640005BF52046BDE81040E8F356B510BD2DE946
:10F65000F04104464FF4B6700D4616469846E8F35E
:10F660003FF5074610B940F2F2331EE004608560B2
:10F67000C6602820E8F334F5B86710B940F2F333D8
:10F6800013E05820E8F32CF5C7F8980040B12C306F
:10F69000C7F89C003020E8F323F5786060B902E0F9
:10F6A0004FF47D7301E040F2F5333846C8F800307E
:10F6B000FFF7B4FF002703E00023C8F800306061C3
:10F6C0003846BDE8F0810023C218D2F8C020CA50E5
:10F6D0000433182BF8D170474FF4C863C0F8643670
:10F6E0006823C0F868364FF48073C0F86C36022384
:10F6F000C0F87036C0F874367047000010B5044684
:10F7000050B10368054918682246FBF746FB2046BE
:10F71000BDE81040E8F3F0B410BD00BF0D5A010081
:10F7200001F0F0012DE9F04F0E110168B0F81080E2
:10F73000096889B0C9699446D1F8C0100793884513
:10F740000446B0F812A0838AC78AB2B25CDA817923
:10F7500000295CD1324D05EBC200808806E055F8E7
:10F76000329019F80190E14502D001318142F6D37F
:10F7700081424FD0E71937F812B0013237F81250F2
:10F78000A244454523441AD2C5EB080805F10109F6
:10F790000AEB050142460AEB0900CDF814C00693B6
:10F7A000E3F35EF4069B0C2202FB093002FB0531F9
:10F7B00002FB08F2E3F354F4DDF814C0069B314673
:10F7C000002207E007EB460030F802E00EF1010EE0
:10F7D00020F802E0013102320D29F3D91299CBEB66
:10F7E0000502009113990AEB0B0001910C2101FB1A
:10F7F0000B3192B2079BCDF808C000F0A1FB238A21
:10F8000000200133238207E06FF0150004E06FF061
:10F81000160001E06FF01D0009B0BDE8F08F00BFD9
:10F82000685901002DE9F347DDF82890DDF82CA098
:10F8300007460E4615469846002456FA04F3DB07A1
:10F840000AD52101384601F0F0012A4643468DE8E9
:10F850000006FFF765FF18B901340D2CEDD100202B
:10F86000BDE8FC872DE9F04F89B007920268B0F837
:10F87000188012689C46D2690446D2F8C420B0F8B9
:10F880001AA09045838BC78B50DA8279002A50D119
:10F8900001F0F0063611C719B2B237F812B00132D2
:10F8A00037F812508244454503441AD2C5EB080884
:10F8B00005F101090AEB050142460AEB0900CDF802
:10F8C00014C00693E3F3CCF3069B0C2202FB093031
:10F8D00002FB053102FB08F2E3F3C2F3DDF814C0CA
:10F8E000069B3146002207E007EB460030F802E0B5
:10F8F0000EF1010E20F802E0013102320D29F3D998
:10F900001299CBEB0502009113990AEB0B000191C0
:10F91000079992B202910C2101FB0B31634600F072
:10F920000FFB238B00200133238304E06FF01500CD
:10F9300001E06FF0160009B0BDE8F08F2DE9F34744
:10F94000DDF82890DDF82CA007460E4615469846AF
:10F95000002456FA04F3DA070AD52101384601F0EB
:10F96000F0012A4643468DE80006FFF77BFF18B9F1
:10F9700001340D2CEDD10020BDE8FC872DE9F04FBE
:10F9800089B007920268B0F8308012689C46D2694C
:10F990000446D2F80021B0F832A09045838EC78E7D
:10F9A00050DA8279002A50D101F0F0063611C719D9
:10F9B000B2B237F812B0013237F8125082444545DE
:10F9C00003441AD2C5EB080805F101090AEB050149
:10F9D00042460AEB0900CDF814C00693E3F340F366
:10F9E000069B0C2202FB093002FB053102FB08F2E8
:10F9F000E3F336F3DDF814C0069B3146002207E03E
:10FA000007EB460030F802E00EF1010E20F802E0AC
:10FA1000013102320D29F3D91299CBEB0502009185
:10FA200013990AEB0B000191079992B202910C21F4
:10FA300001FB0B31634600F083FA238E0020013373
:10FA4000238604E06FF0150001E06FF0160009B0A6
:10FA5000BDE8F08F2DE9F04F87B005920268B0F84D
:10FA6000208012689C46D2690446D2F8C820B0F8BB
:10FA700022A09045838CC78C4CDA8279002A4CD125
:10FA800001F0F0063611C719B2B237F812B00132E0
:10FA900037F8125082444545034419D2C5EB080893
:10FAA00005F101090AEB050142460AEB0900CDF810
:10FAB0000CC00493E3F3D4F2049B4FEAC80203EBB7
:10FAC000C90003EBC501E3F3CBF2DDF80CC0049BE6
:10FAD0003146002207E007EB460030F802E00EF165
:10FAE000010E20F802E0013102320D29F3D91099FC
:10FAF000CBEB0502009105990AEB0B00019192B244
:10FB000003EBCB01634600F02BFA238C002001337A
:10FB1000238404E06FF0150001E06FF0160007B0D9
:10FB2000BDE8F08F0368F0B5DB690C25B3F8C020A1
:10FB3000064605FB02F4433222F003020134A41806
:10FB4000B3F8C4204FF6FE7102F11F006A43214052
:10FB50004118501C4FF6FC720A408218B3F800019D
:10FB60004FF6FE7100F11F046843114061184FF613
:10FB7000FC7201300A408218B3F8C8004FF6FE71DB
:10FB800000F11F0411406118C0004FF6FC720130F3
:10FB90000A408218B3F8CC004FF6FE7100F11F0442
:10FBA00011406118C0004FF6FC720A40B3F80431EE
:10FBB000013080184FF6FE7203F11F010240DB0096
:10FBC0008A18591C4FF6FC731340CB184FF6FE777A
:10FBD0001F401C37BFB287B03846E8F37BF20446BB
:10FBE000002800F0BC8000213A46E3F35DF2402398
:10FBF000638233684FF6FC72DB692660B3F8C0108D
:10FC0000A78001F14300024005FB0121A2820131DE
:10FC10004FF6FE720A40B3F8C410E2821C3292B270
:10FC2000C81C101862834FF6FC72024005FB0121CC
:10FC3000A28301314FF6FE720A40B3F80011E2834D
:10FC40001C3292B2C81C101862864FF6FC72024039
:10FC500005FB0121A28601314FF6FE720A40B3F87E
:10FC6000C810E2861C3292B2C81C101862844FF68B
:10FC7000FC72024002EBC1010131A2844FF6FE7218
:10FC80000A40B3F8CC10E2841C3292B2C81C10189F
:10FC900062854FF6FC72024002EBC1010131A28580
:10FCA0004FF6FE720A40B3F80411E2851C3292B29C
:10FCB000CB1C6287D2184FF6FC731340A38703EB6B
:10FCC000C10301334FF6FE721A40E2870025274F29
:10FCD00057F8353063B1264B29018DE81800DD2235
:10FCE000204601F0F001234BFFF71AFD002836DB18
:10FCF00001350D2DEBD1002557F8353053B12901D1
:10FD0000DD22204601F0F0011B4B0094FFF7A2FE1C
:10FD1000002824DB01350D2DEED1184BB0218DE8E4
:10FD20001800FF222046164BFFF7FAFC002816DBCE
:10FD3000B021FF222046134B0094FFF78BFE0028D2
:10FD40000DDB114B002102933068104A23460091CD
:10FD50000191039104910591FBF77AF818B12046BF
:10FD6000FFF7CCFC0024204607B0F0BD6859010025
:10FD70000DD5850061D58500ADD58500F1E0000089
:10FD800043E1000091E0000099D485000D5A010084
:10FD90002DE9F743DDF8289007460E4615469846AC
:10FDA000002456FA04F3D8070AD52101384601F099
:10FDB000F0012A464346CDF80090FFF74BFE18B9F4
:10FDC00001340D2CEDD10020BDE8FE832DE9F04F6C
:10FDD00087B005920268B0F8288012689C46D26904
:10FDE0000446D2F8CC20B0F82AA09045838DC78D68
:10FDF0004CDA8279002A4CD101F0F0063611C7198D
:10FE0000B2B237F812B0013237F812508244454589
:10FE1000034419D2C5EB080805F101090AEB0501F5
:10FE200042460AEB0900CDF80CC00493E3F318F145
:10FE3000049B4FEAC80203EBC90003EBC501E3F3DF
:10FE40000FF1DDF80CC0049B3146002207E007EB00
:10FE5000460030F802E00EF1010E20F802E0013118
:10FE600002320D29F3D91099CBEB050200910599C7
:10FE70000AEB0B00019192B203EBCB01634600F059
:10FE80006FF8238D00200133238504E06FF0150007
:10FE900001E06FF0160007B0BDE8F08F2DE9F743E1
:10FEA000DDF8289007460E4615469846002456FA77
:10FEB00004F3DB070AD52101384601F0F0012A4698
:10FEC0004346CDF80090FFF781FF18B901340D2C9F
:10FED000EDD10020BDE8FE832DE9F047089F9A464A
:10FEE00004469DF82460034600250CE013F8010B3E
:10FEF00086420AD01DB113F802ECB64501D2864203
:10FF000003D90135ADB29542F0D1AA4207FB0518DD
:10FF10000ED9C5EB0209414607FB09F208EB0700C1
:10FF2000E3F39EF0681C201861194A46E3F398F049
:10FF3000404651463A46E3F333F06655BDE8F08754
:10FF40007FB50393089B0493099B05930C230093AF
:10FF50009DF82830019303ABFFF7BEFF07B000BD4B
:10FF60001FB50293069B0393082300939DF81C3052
:10FF7000019302ABFFF7B0FF05B000BD37B5254BCD
:10FF8000D0F8945604460093019040F23F11284661
:10FF90007F22214BFFF746FC00283AD11F4B284611
:10FFA0008DE8180041F63F5140221D4BFFF7C6FC7B
:10FFB00078BB1C4B28468DE8180040F63F1198226C
:10FFC000194BFFF7BBFC20BB184B28468DE81800E7
:10FFD00040F22F11A822164BFFF7B0FCC8B92846F3
:10FFE00040F20F117F22134B0094FFF7D1FE80B92E
:10FFF000284640F20F1198220F4B0094FFF74EFF56
:020000041004E6
:1000000038B9284640F20F11A8220C4B0094FFF794
:1000100045FF3EBD55F0850081EC8500A1F08500CF
:10002000A1EC850009F0850007E2000019F18500C8
:1000300015ED8500C5ED850085ED850001EE850097
:1000400037B5104BD0F89456044600930190052123
:10005000284600220C4BFFF7E5FB90B90B4B2846D6
:100060008DE8180005210122094BFFF7DBFB40B9A1
:10007000084B28468DE8180005213222064BFFF771
:10008000D1FB3EBD49E7850011E7850065E78500A6
:100090001DE785002DE7850001E7850037B5254B75
:1000A000D0F894560446009301904FF4907128467E
:1000B0000022214BFFF7B6FB00283AD11F4B284600
:1000C0008DE818004FF4907101221D4BFFF7AAFB39
:1000D00078BB1C4B28468DE818004FF490713222F3
:1000E000194BFFF79FFB20BB184B28468DE81800E3
:1000F0004FF490710322164BFFF794FBC8B9154BD0
:1001000028468DE818004FF490710622124BFFF735
:1001100089FB70B9284680210522104B0094FFF717
:1001200099FC30B92846802105220D4B0094FFF739
:1001300091FC3EBD01EC850089E985003DEC850020
:1001400091E98500A5EB850045E9850079EB8500FF
:1001500031E98500CDEB850061E985009DE98500E9
:1001600019EB850037B5154BD0F89456044600932B
:100170000190402128460022114BFFF7D1FAE0B947
:10018000104B28468DE81800402101220E4BFFF746
:10019000C7FA90B90D4B28468DE81800402132224D
:1001A0000B4BFFF7BDFA40B90A4B28468DE8180003
:1001B00040210322084BFFF7B3FA3EBD8DF28500C4
:1001C00031F28500A5F285003DF2850071F28500CF
:1001D00021F2850049F2850011F2850037B50A4BFE
:1001E000D0F89456044600930190B021284610227E
:1001F000064BFFF795FA30B92846B0211022044B80
:100200000094FFF727FC3EBD65E8850081E7850087
:10021000ADE7850037B5D0F8945604460090C0216C
:1002200028460022114BFFF7B3FDF0B92846C02144
:1002300001220F4B0094FFF7ABFDB0B92846C02157
:1002400006220C4B0094FFF7A3FD70B92846C0218D
:10025000A822094B0094FFF721FE30B92846C0219F
:100260009822064B0094FFF719FE3EBDF9F2850077
:1002700021F38500D9F285003DF38500C1F28500A8
:1002800010B5044650B10368054918682246FAF7CC
:1002900084FD2046BDE81040E7F32EB710BD00BF37
:1002A000AA5A010038B505460C20E7F313F70446B7
:1002B00038B100210C22E2F3F7F60C232560A3806D
:1002C00001E0FFF7DDFF204638BD28B18368DA88FA
:1002D000013ADA80E7F310B770472DE9F04F9B46FB
:1002E000038B87B0C518C65AB5F80480438AC6EB9D
:1002F0000808984505919446878AB0F816A032DA26
:100300006C88C7194445824416DAC4EB080804F126
:1003100001093919424607EB0900CDF810C0E2F394
:100320009FF60C2202FB09A002FB04A102FB08F2CB
:10033000E2F396F6DDF810C06B88A21B01336B80E8
:10034000AB880C210133AB80109BB8190193059B3E
:1003500001FB06A1029392B26346CDF800B0FFF70D
:10036000EFFD002001E06FF0150007B0BDE8F08F51
:100370002DE9F04F9B46038B9446C518AC8830F8A6
:100380000380428AC8EB040387B093420591878AB1
:10039000B0F816A02FDA9C42074482446E8816DA21
:1003A000C8F1000804F101093919424607EB0900B8
:1003B000CDF810C0E2F354F60C2202FB09A002FBB8
:1003C00004A102FB08F2E2F34BF6DDF810C0AB88A3
:1003D000A21B0133AB80109B0C210193059BB81924
:1003E000029301FB06A192B26346CDF800B0FFF77D
:1003F000A7FD002001E06FF0150007B0BDE8F08F09
:100400002DE9F04F9B46038C85B0C518C65AB5F848
:100410000480438BC6EB0808984503919446878B6C
:10042000B0F81EA02EDA6C88C7194445824415DA4C
:10043000C4EB080804F101093919424607EB090029
:10044000CDF808C0E2F30CF60AEBC9000AEBC401D0
:100450004FEAC802E2F304F6DDF808C06B88A21B7D
:1004600001336B80AB88B8190133AB80039B0AEB77
:10047000C601019392B26346CDF800B0FFF770FD5C
:10048000002001E06FF0150005B0BDE8F08F00001E
:100490002DE9F04F036885B003931B681546DB69AF
:1004A000C288D3F8D03007469A420E465BDA09B1CB
:1004B0004E1CB6B20DB10135ADB206F127034FF6B1
:1004C000FC7A03EA0A0A0C2303FB06A34FF6FE7824
:1004D000013303EA080808F10903EB184FF6FC7B27
:1004E00003EA0B0B0BEBC50201324FF6FE73134010
:1004F00003F106091FFA89F948460293E7F3EAF582
:100500000446002830D000214A46E2F3CDF5029B94
:1005100003992384FB88A4F81880242208F1060894
:1005200001332160A760A4F81090A282A4F816A05D
:10053000A4F81C80A4F81EB066826583FB8046B1D7
:10054000DD2120460C4A0D4B0094FFF7C6FE002823
:100550000ADB6DB1DD212046094A2346FFF750FF33
:10056000002805DA00E000242046FFF7AEFE002454
:10057000204605B0BDE8F08F85F5850041F5850082
:10058000BDF585007FB50A4A03460092002201921C
:1005900002920392049205920649074A0068FAF70C
:1005A00057FC002814BF4FF0FF30002007B000BDFB
:1005B000991E860078F08800AE5A01000246024972
:1005C0000068FAF7EABB00BFAE5A010010B5044656
:1005D00048B1036821461868FAF7FEFC2046BDE8DA
:1005E0001040E7F389B510BD37B505460820E7F39D
:1005F00077F50446A0B10560002201900C21284641
:100600000A4B0092FDF746FF0028606008DB084BAC
:10061000286800932146074A0423FAF76CFC18B1B6
:100620002046FFF7D3FF002420463EBD1D2686004E
:100630002CF188003126860010B50446C06818B138
:10064000E7F35AF50023E36010BD10B50446A0207F
:10065000E7F340F570B1E060A06000F1900203465E
:100660001033934243F8103CFAD10023C0F8903085
:10067000184610BD6FF01A0010BD000038B50446D2
:10068000002852D0002105683FF04EDA20463FF0A6
:100690002BD8636933B12046002141F015DA606937
:1006A00038F044DCA36933B12046012141F00CDA73
:1006B000A06938F03BDC236933B12046022141F0C8
:1006C00003DA206938F032DCE36F33B120460321CE
:1006D00041F0FAD9E06F38F029DC204641F09AD990
:1006E000D4F89800E7F308F501E03EF027DEE16971
:1006F00020460029F9D1FFF79FFFD5F8440118B132
:100700000A492A4600F08FF9286809492246FAF773
:1007100044FBD4F8A8301BB104F1A800E1F3DAF6E9
:100720002046BDE83840E7F3E7B438BD1142860003
:10073000F4C8890030B5054687B0B020E7F3CAF4A5
:100740000446002800F099800021B022E2F3ACF4C6
:100750000A2384F84330012384F84830FF2384F8C7
:10076000203084F8213084F8223084F8233025604A
:10077000C420E7F3AFF4C4F8980000287DD02046E9
:100780003FF0C4D920463FF047DD2B6841F26B02B1
:10079000D3F8D43020F07F00196BA0879142204617
:1007A00008D19B6A932B05D13FF036DDC0F584401C
:1007B000683001E03FF034DDE087E38F204623F02E
:1007C0007F03E3873FF02CDD41F2883222652E4A19
:1007D000002320F07F00A4F84000E36400922B4A3D
:1007E000049301922A4A059302922A4A28680392A6
:1007F00029492A4A2346FAF72BFB00283DD1D5F890
:10080000E80538F069DB6061002836D0D5F8E805E6
:1008100038F062DBA06180B3D5F8E80538F05CDB26
:10082000206150B32046FFF710FF30BBD5F8E80534
:1008300038F052DBE06700B3012384F87830D5F854
:10084000440141F27073A4F87A3020B114492A4669
:1008500000F0E6F888B9204601213FF065D94FF451
:100860004843A3650023E36532232366D5F83806A1
:1008700004F1A801E1F318F618B12046FFF7FEFED7
:100880000024204607B030BD59348600B15286009E
:1008900039528600ED3686004CF18800F4C8890094
:1008A0001142860038B50446002827D0056814494F
:1008B00028682246FAF771FA236A1BB104F1200076
:1008C000E1F308F6E3691BB104F11C00E1F302F661
:1008D000A3691BB104F11800E1F3FCF563691BB1D6
:1008E00004F11400E1F3F6F5284606492246FDF727
:1008F000F4FD2046BDE83840E7F3FEB338BD00BF45
:10090000B0CB89002D62860070B5054686B03020D8
:10091000E7F3E6F30446002859D04FF0FF330361B4
:100920000422FF2105600A30E2F3BEF30B2104F13B
:100930000E00E3F391F700238DE818000421284608
:10094000264A274BFDF7A6FD002860603FDB2846BE
:1009500024492246FDF7BCFD002838D1D5F8386679
:1009600004F114013046E1F39FF500282FD1304601
:1009700004F11801E1F398F548BB304604F11C017D
:10098000E1F392F518BB304604F12001E1F38CF558
:10099000E8B9154B01900093144B04900293144B4B
:1009A0000590039328681349134A2346FAF750FA2F
:1009B00068B9204641F09ADF20B12046012141F07C
:1009C000C9DF20B93223A3622623636203E02046F5
:1009D000FFF768FF0024204606B070BD456386001F
:1009E000FD6286002D628600A96286005165860040
:1009F000F96286003CF28800B0CB89004069E1F3DF
:100A00002FB54069E1F38EB58069E1F329B58069BE
:100A1000E1F388B5C069E1F323B5C069E1F382B5BC
:100A2000006AE1F31DB5006AE1F37CB538B5044610
:100A300060B10568224606492868FAF7AEF92046F3
:100A4000E7F35AF32B68002283F84E2038BD00BF2D
:100A500054CC890070B50368002686B0054683F83B
:100A60004E600C20E7F33CF30446002843D0234BB0
:100A7000056023498DE848002868224A23460296EB
:100A8000039604960596FAF7E3F9064600282ED158
:100A90008DE811001C2128461B4A1C4BFDF7FAFC6F
:100AA0000028606023DB0C212846194A194B009668
:100AB000019401F035FF0028A06018DB164BD5F833
:100AC00094068DE818000A213822144BFEF7AAFE7E
:100AD00068B9D5F894060A213822114B0095FFF722
:100AE00057F920B92B68012283F84E2003E02046F5
:100AF000FFF79CFF0024204606B070BDD971860028
:100B000054F2880054CC8900A97186007D7186005A
:100B1000917686005D7686007D778600197786005F
:100B20004977860070B5064686B00820E7F3D2F212
:100B30000446A0B10B4B0025066045600A498DE8CC
:100B400028003068094A23460295039504950595C7
:100B5000FAF77EF918B12046E7F3CEF22C4620468C
:100B600006B070BD4D7E860098F28800B0C6890040
:100B700010B5044650B10368054918682246FAF7D3
:100B80000CF92046BDE81040E7F3B6B210BD00BF37
:100B9000B0C6890070B5044600282AD006682246EF
:100BA00030681449D6F84451FAF7F7F8224630462F
:100BB0001149FDF792FC224630461049FDF799FC99
:100BC000224628460E49FFF71CFF224628460D49BB
:100BD000FFF71DFF224628460B49FFF71EFF284658
:100BE0000A492246FFF71FFF2046BDE87040E7F3A1
:100BF00083B270BD35D289005D8786006D9786000F
:100C0000FD848600E9868600CDAA8600A59286002E
:100C1000F0B5D0F8446187B005465820E7F35AF2A2
:100C20000446002800F0938000215822E2F33CF2B1
:100C300020462021494A40F8205BE2F39BF201273D
:100C40004FF0FF33E06184F84070A4F84C30304638
:100C500043492246FFF7D2FE002878D13046414969
:100C60002246FFF7D1FE002871D130463E49224688
:100C7000FFF7D0FE00286AD130463C492246FFF7F4
:100C8000CFFE002863D1284639492246FDF72CFCC7
:100C9000064600285BD18DE8110004212846354A1C
:100CA000354BFDF7F7FB0028206150DB284639461D
:100CB0003246334600960194FDF7ECFB0028606154
:100CC00045DB042128462D4A2D4B0096019401F066
:100CD00027FE0028A0613ADB28462A492246FDF774
:100CE000F7FB002833D1284B03EBC60253F836300C
:100CF00063B1526852B131018DE81400D5F8940601
:100D000001F0F001C022FEF7ADFD00BB01360D2E53
:100D1000E9D11E4B1E4A00930023019302920393D4
:100D20000493059328681B491B4A2346FAF790F859
:100D300068B9204646F0F6D820B12046012144F09B
:100D4000C3D820B9636C43F00403636403E0204616
:100D5000FFF720FF0024204607B0F0BDB15A010084
:100D6000FD848600E9868600CDAA8600A5928600CD
:100D70006D9786000192860089918600059E860007
:100D8000F19D86005D878600C49E0200198A860058
:100D900055AB8600ECF2880035D2890038B50446A0
:100DA000D0B1806808B1E7F3A7F1236943B90EE039
:100DB000236953F8350008B1E7F39EF1013500E0EF
:100DC0000025E3689D42F3DB2069E7F395F12046B7
:100DD000BDE83840E7F390B138BD00002DE9F0419F
:100DE00005461820E7F37CF10446002833D02B6831
:100DF0000560DB690C20DB6901335843E7F370F1D0
:100E0000A06040B32B681820DB69DA695B6F626011
:100E1000E360E7F35FF12061E8B112491822002690
:100E2000E2F3BEF037460EE00E4BD4F810809B196B
:100E300018798000E7F354F1236948F806009B59BC
:100E4000083643B10137E3689F42EDDB6B68064A21
:100E5000DC609A6003E02046FFF7A0FF00242046F4
:100E6000BDE8F0812C9F0200B9BC860010B5C468B3
:100E7000A1420BDA006900EBC1042479A24208DA2E
:100E800050F83110002041F8223010BD6FF01500ED
:100E900010BD6FF0150010BD47F06C9B10B50446F7
:100EA000FFF7FAFFE084000C84F82800002010BD52
:100EB000D0F8F03310B5044683B1D3F8280830B128
:100EC000E7F31AF1D4F8F0330022C3F82828D4F855
:100ED000F003E7F311F10023C4F8F03310BDC36B46
:100EE00010B5044683B1836B5B6B0B2B07D1D0F835
:100EF000E00320B1E7F300F10023C4F8E033E06B36
:100F0000E7F3FAF00023E36310BD10B504460120B7
:100F1000E7F3E0F00346E063A8B100210122E2F329
:100F2000C3F0A36B5B6B0B2B0CD14FF49470E7F306
:100F3000D1F00346C4F8E00328B100214FF49472C5
:100F4000E2F3B2F00123184610BD70B5044640F636
:100F500078100D46E7F3BEF0C4F8F003002831D056
:100F6000002140F67812E2F39FF0B4F85220D4F852
:100F7000F03300261A70D4F8F033204683F8B660B8
:100F8000C3F8B060D4F8F03383F8B460A36B83F88F
:100F90008460A36B1E679E673C23C4F8BC3010239B
:100FA000C4F8C030C4F8C46000F09AFFA36B022DEF
:100FB0000CBF1A6F9A6F0020DA6684F8C36284F857
:100FC000C26270BD6FF01A0070BD0000B0F8C6328A
:100FD000F7B504460E46FBB10846E2F311F10746A9
:100FE0001348E2F30DF13F181037BFB23846E7F36C
:100FF00071F00546B8B1B4F8C632394600930D4ACF
:101000003346E2F3B7F0E06C2946E2F3E9F607462F
:101010002846E7F371F03FB9E06C314603B0BDE814
:10102000F040E2F3DDB60746384603B0F0BD00BF3E
:101030008F9F02007A9F0200044B1B78012B02D184
:10104000002000707047FFF7C1BF00BFFC03000025
:101050002DE9F3471C46B0F8C6320746884691464C
:10106000C66C002B32D00846E2F3CAF08246224812
:10107000E2F3C6F082440AF1100A1FFA8AFA5046D7
:10108000E7F328F0054600282FD0B7F8C6325146BE
:1010900000931A4A4346E2F36DF038462946FFF7BB
:1010A000CBFF074668B130462946E2F38DF640B1E2
:1010B000484506DD304629464A46E2F379F682463F
:1010C00000E0A2462846E7F317F08FB930464146C4
:1010D000E2F37AF658B1484509DD304641464A46C2
:1010E00002B0BDE8F047E2F363B6824600E0A246F4
:1010F000504602B0BDE8F0878F9F02007A9F020041
:1011000010B51446FFF798FF28B100210A46BDE844
:101110001040E2F301B4204610BD000038B50022B3
:101120000D4608490446FFF7EBFFC0B22823A8424A
:1011300084F8660384F8D531CCBF84F8663384F82C
:10114000D50138BDD69F0200012238B580F8602055
:101150000A23826B002580F89E31032380F89F319B
:1011600080F86F5380F8715380F8735380F875538B
:1011700080F8775380F8BA5182F88A304FF6CE73F0
:10118000A0F8783214491422C0F874520446FFF7CC
:10119000B7FF124984F866032A462046FFF7B0FFDE
:1011A0007F2384F87B304FF0FF33A4F8983004F5A8
:1011B000F673C4F88C31642384F858300423C4F8DF
:1011C000280384F86C50C4F8E453C4F8745284F8CB
:1011D000D43184F8D63138BDD69F02005E9F02001C
:1011E0000022FFF78DBF000010B517490446FFF736
:1011F000F7FFC0B284F8E8030138C0B2FD2802D975
:10120000732384F8E83394F8E833204684F8E9330C
:101210000E49FFF7E5FFC0B284F8EA0308B10F28D2
:1012200002D1052384F8EA3394F8E82394F8EA33EA
:10123000D31A84F8EB33002384F8EC3384F8EE33CC
:10124000112384F8ED3310BD849F0200E79F020054
:101250002DE9F04105460C4617461E46FFF7ECFE09
:1012600038B1284621463A463346BDE8F041FFF7FB
:10127000EFBE3046BDE8F0810023FFF7E9BF000074
:1012800070B501220D463C490446FFF739FF3B4942
:1012900084F8680300222046FFF732FF384984F8BB
:1012A0002C0307222046FFF72BFF364984F82D0335
:1012B0002046FFF7C1FE88B132492046A66BFFF7F2
:1012C0008FFF304930672046A66BFFF789FFA36B7D
:1012D000B067022D0CBF1A6F9A6FDA662A49002296
:1012E0006FF095032046FFF7B3FF274984F83403D6
:1012F000012220466FF09503FFF7AAFF022584F82C
:10130000350300232A4620461F49FFF7A1FF631932
:101310000135052D83F83403F3D100252A462046F4
:101320001A49FFF7A9FF631901350E2D83F85703FA
:10133000F4D1012384F86733062220461449FFF7CD
:10134000DFFE002284F8650312492046A56BFFF7F3
:10135000D7FE114985F82C0100222046FFF7D0FE68
:10136000002384F83E034021204684F82433BDE85E
:101370007040FFF7D3BE00BF6E9F0200449F020083
:10138000C89F0200A09F0200F89F0200C19F0200B8
:10139000959F0200AD9F0200699F020010B50446B0
:1013A00028B10468003418BF0124E6F3A5F62046EE
:1013B00010BD10B5848B0C80018C118040F2DA32A4
:1013C0001A8090F83520029B01201A8010BD90F8F9
:1013D00034007047C06A7047836B9961704738B5B5
:1013E000044600283ED0C56D013DC565002D39D1AC
:1013F000FFF75EFD2046FFF772FDD4F8801229B199
:10140000A36B186900F08CFDC4F88052002584F8A5
:101410009551204646F0E4DEA26B1368A34202D148
:10142000A36C136003E09A6CA2421DD19D64D4F8B2
:10143000943A0BB120469847A36B186951F094D8A1
:10144000D4F8E41320B141B1204647F08FD804E02E
:1014500019B1A36B986852F0CDDC2046E6F34CF648
:10146000002038BD012038BD012038BD2DE9F047EE
:101470008A46002104461546C0680A4676469946C3
:10148000EBF3DCF6804600070CD5276857B1BB6B41
:10149000C7F84C901869F96A51F02CD8FB6D0133EC
:1014A000FB65CEE04FF42F60E6F314F6074628B94B
:1014B0006FF01A00314648F0A3DDC5E000214FF47B
:1014C0002F62E1F3F1F5FB6DC7F844A00133FB6532
:1014D0002368BC63BB640123C7F84C90276087F87E
:1014E0005930E26C41F26B039A4205D1636C932B45
:1014F0000CBF0123182300E01823022DA7F88A301F
:1015000005D118F0010F1CBF4FF40053FB62BB6BF9
:10151000F96A186950F0EEDF7B6CB3F8E0831FFACC
:1015200088F808F470631B0AFB615FFA88F33B627A
:10153000BB6BD868F8F739FCFB69A7F8C602092B22
:1015400004D10423FB613B6A10333B62012387F81B
:1015500024304FEA18333B633846FFF79FFC0028DE
:1015600075D14FF48053A7F856304DF2240241F262
:101570000103022D18BF1346A7F8523038463749E9
:10158000FFF75AFD38B138463449D7F83880FFF7AD
:1015900027FEC8F868003846FFF7B7FC002856D089
:1015A00038462946FFF76CFE3846FFF7CDFD384632
:1015B00000F0D2FB00284AD029463846FFF7C5FC88
:1015C0000546002843D13846FFF70EFE384647F05F
:1015D00001DD3846012146F0AFDD3846294648F0A6
:1015E00083DB4FF0FF33C7F8D432C7F8D832C7F8DF
:1015F000DC32C7F8E032C7F8E432C7F8E832C7F89F
:10160000EC32C7F8F032384607F11C011C22E1F336
:10161000C7F4206950F0A8DF60B1BB6B986852F046
:1016200035DEC7F8F80328B96FF01A00314648F0E4
:10163000E7DC0CE03846002148F04CDA002387F85C
:10164000FC3907F14C03FB643846BDE8F0873846A7
:10165000FFF7C5FE0020BDE8F08700BF519F0200E4
:1016600070B505464FF498707646E6F333F50446B8
:1016700028B96FF01A00314648F0C2DC39E0002189
:101680004FF49872E1F310F52B68A3606B68E36088
:10169000AB682361EB6863602B6963612B8CA38467
:1016A0006B8CE3846B6AA362AB6AE362EB6A2363CD
:1016B0002B6B63636B6B6364AB6BA364EB6BE36477
:1016C0002B6C23656B6C6365AB6CC4F81C316B6968
:1016D000A365AB69E3650F2323663D236366792326
:1016E000A3660123C4F818310323E366002384F8BA
:1016F0008B30204670BD00007FB50A4B0A4900932D
:10170000002301930293039304930593074A03680C
:10171000F9F79EFB002814BF4FF0FF30002007B000
:1017200000BD00BF05E3860068F48800B95A0100D7
:1017300001490268F9F731BBB95A01000023F0B53D
:101740001C4607E0CE183568C718C55075680134C7
:101750007D6008339442F5D1F0BD000038B5046CCB
:101760000023C4F8243690F86D53094B094A4FF40E
:101770008060002D0CBF15461D46E6F3ABF4C4F89F
:10178000240620B129468022FFF7D8FF012038BD6A
:1017900066AD020066B1020070B517494FF0FF3226
:1017A000046C0546FFF7ACFC1449C4F85005172239
:1017B0002846FFF7A5FC0026C4F8540510496FF031
:1017C000250284F858652846FFF79AFC0D49A4F8CD
:1017D000480532462846FFF793FC0B49A4F8040C51
:1017E0006FF003022846FFF78BFCB4F84835C318A6
:1017F000A4F8063C70BD00BF1DA0020046A8020070
:101800002FA802009CAC020007AD020038B52749A2
:101810000446FFF7E5FCC0B228288CBF0023012353
:1018200084F8690384F8CA0384F86D33204620499C
:10183000FFF7D6FC082820461CD81E490022FFF7D7
:101840001BFD80B20022C4F8FC001B492046FFF7B4
:1018500013FD1A49C4F800012046FFF7C1FC1849DE
:1018600005462046FFF7BCFC80B240EA0545C4F8B7
:10187000045113E013490022FFF7FEFC80B2C4F8C4
:10188000FC00114900222046FFF7F6FC0F49C4F87E
:1018900000012046FFF7A4FCC4F8040120460C49CF
:1018A000FFF79EFC84F8080138BD00BF1EA40200AB
:1018B000EFAC020014A802003DA802004CA00200F8
:1018C00038A0020090AC020035AD0200A1A80200D1
:1018D000C4A70200F8B5A4490022056C0446FFF72E
:1018E000CBFCA14985F8BC0401222046FFF7C4FCCB
:1018F0009E4985F8BD04002207232046FFF7A8FC77
:10190000922385F8BE04994901222046FFF7A0FCE6
:10191000974985F8BF0400222046FFF7F1FB95495F
:10192000C5F8C40400222046FFF7EAFB0026A5F80C
:101930005804914985F8336420463246FFF7E0FBAE
:101940008E49A5F80A042046FFF74AFCB8B10123E6
:1019500085F833342F464223324620468749FFF725
:1019600077FCAB19C0B283F82604B5F80A34013607
:10197000C018A7F80C0402370D2EECD10DE08049F9
:1019800042222046FFF7BCFBC2B285F8082420465D
:101990007C49FFF7B5FBA5F806047B4900222046E9
:1019A000FFF7AEFB794985F838044FF0FF32204647
:1019B000FFF7A6FB7649A5F868054FF0FF322046F1
:1019C000FFF79EFB7349A5F86A054FF0FF322046EA
:1019D000FFF796FB7049A5F86E054FF0FF322046E1
:1019E000FFF78EFB6D4985F8700500222046FFF752
:1019F00087FB002684F87400324620466849FFF7CA
:101A00003BFCAB1901360E2E83F80606F4D1A12259
:101A100064492046FFF774FB6349C5F8C00546F2E8
:101A20000F622046FFF76CFB0822C5F8C4055F492A
:101A30002046FFF765FB5E49C5F8C8056FF0080250
:101A40002046FFF75DFB5B49C5F8CC0540F6BB724D
:101A50002046FFF755FB0A22C5F8D0055649204617
:101A6000FFF74EFB5549C5F8D4056FF044022046F8
:101A7000FFF746FB5249A5F802066FF04A022046DE
:101A8000FFF73EFB0122A5F804064E492046FFF76A
:101A900037FB80B2031C18BF012300F0020085F859
:101AA0004A353F2285F84B0547492046FFF728FB7A
:101AB000642285F84C0545492046FFF721FB44493F
:101AC000C5F85C054FF0FF322046FFF719FBC5F85B
:101AD0006005013018BF012085F864053D490022EA
:101AE0002046FFF70DFBC0B200F00F03000900F025
:101AF000010085F8143685F8170637490022262399
:101B00002046FFF7A5FB3449A5F818060122422319
:101B10002046FFF79DFB5023A5F81A062E49022206
:101B20002046FFF795FB0622A5F81C062B49204608
:101B3000FFF7E6FA85F81E062046FFF767FE94F8E1
:101B40006D232046002A4DD12549FFF795FB2449F6
:101B5000A4F8820301222046FFF78EFB2049A4F857
:101B60007E0320464DE000BFC8AC020073A802000F
:101B700087AC020054AC02007FA8020074AC0200E3
:101B8000B1AC0200E3AC020008A0020055A00200C4
:101B9000F7AC020061A802001CA80200BAAC020067
:101BA0004CAD020025A802008DA80200D2AC0200B4
:101BB000D9AC020014A002005FAD02002AAD020001
:101BC00067AC0200DFA70200ADA80200FAA702007E
:101BD000E8A7020041A0020080AC0200D1A70200E9
:101BE00045AD020025490022FFF746FB2349A4F832
:101BF000820301222046FFF73FFB2049A4F87E0321
:101C000020460222FFF738FB0023A4F880031C497A
:101C100085F8333620460222FFF71AFB10B1012364
:101C200085F8333695F833362BB315490022204614
:101C3000FFF722FB1249A4F82C0A01222046FFF7E5
:101C40001BFB0F49A4F8280A02222046FFF714FBC9
:101C50000C49A4F82A0A00222046FFF751FA0A4943
:101C600085F8310628222046FFF74AFA002385F836
:101C7000320684F867330120F8BD00BF0AA80200CD
:101C8000A5AC0200DAA702005AAD020038B50E4931
:101C9000046C0546FFF7A4FA0C4984F82906284687
:101CA000FFF79EFAFF2284F82A0609492846FFF723
:101CB00027FA084984F830062846FFF791FAC4F855
:101CC0002C06012038BD00BF5EAC020096A80200C1
:101CD0002BA0020051A8020038B50446056C4FF451
:101CE0006770E6F3F7F1C5F82006236CD3F82006F9
:101CF000B0B1D4F8DC300B4A934207D00A4A934281
:101D000006D00A4A93420AD1094902E0094900E093
:101D100009494FF46772E1F343F1012038BD002017
:101D200038BD00BFC0AD3A0280BA8C0100F8240172
:101D3000B8A8020082A0020028A4020010B5044640
:101D40004EF00AD8236CD3F82006E6F3D5F1206CC8
:101D5000BDE81040E6F3D0B170B5044640F6084047
:101D6000E6F3B8F105462064002800F083800021E6
:101D700040F60842E1F398F10125A36B84F8825004
:101D800084F8F050D868EBF3BDF13B4BC4F8DC00AD
:101D9000C4F8483A394B2046C4F84C3A384BC4F89A
:101DA000503A384BC4F8543A374BC4F8A03A374B42
:101DB000C4F85C3A364BC4F8643A364BC4F86C3A13
:101DC000354BC4F8703A354BC4F87C3A344BC4F800
:101DD000B43A344BC4F8B03A334BC4F8C03A334B3E
:101DE000C4F8BC3A324BC4F8C43A324BC4F8C83ACF
:101DF000314BC4F8CC3A314BC4F8943A304BC4F868
:101E0000D03A304BC4F8D43A2F4BC4F8D83A2F4BC1
:101E1000C4F8DC3A2E4BC4F8E03AFFF75BFD40B360
:101E20002046FFF759FF20B32046FFF797FC00B389
:101E30002046FFF7B1FC236C204683F8C054FFF71F
:101E400025FF244900222046266CFFF759F9224934
:101E500086F8340600222046FFF752F91F4984F81D
:101E600090022A462046266CFFF74AF986F8350686
:101E700000E00546284670BD554B8700114A870093
:101E8000154A8700B95E87008D358700214B870092
:101E9000915E8700CDEC8600296487001D4B87008A
:101EA000895F870015F98600D5F8860049388700D4
:101EB00061498700CD218700C5F90000415D02001E
:101EC000F50A8700F90A8700F10A8700FD0A8700F2
:101ED0000D0B870072A0020064A0020014AD020086
:101EE000836B93F82C210AB1042200E003221A67C5
:101EF000DA667047F8B507460C200D461646E6F33D
:101F0000E9F0044630B100210C22E1F3CDF0276066
:101F10006660A5602046F8BD08B1E6F3EDB07047F5
:101F20008068F2F35BB4000070B5064686B06C20A2
:101F3000E6F3D0F00446D0B100216C22E1F3B4F016
:101F40000823A3610E4B26600025009330680D49DD
:101F50000D4A234601950295039504950595F8F7DA
:101F600077FF38B93268012382F892302371204616
:101F700006B070BD2046E6F3BFF02C46F7E700BF81
:101F80000D698700B00A8900665B010010B5044640
:101F900068B10368064918682246F8F7FEFE204635
:101FA00051F048D82046BDE81040E6F3A5B010BD7A
:101FB000665B010010B5044648B1054922464068F9
:101FC000F8F7EBFE2046BDE81040E6F395B010BDF3
:101FD0005CF4890070B5064686B01020E6F37AF00E
:101FE000044630B300211022E1F35EF0336826602E
:101FF000636073680025A360042130460E4A0F4BCE
:1020000000950194FCF746FAA842E0600DDB0C4B0A
:1020100030688DE828000B490B4A2346029503954A
:1020200004950595F8F714FF18B12046FFF7C2FF95
:102030000024204606B070BD297487001174870003
:102040007D7487007C0B89005CF4890030B50546FF
:1020500087B01420E6F33EF0044638B30021142282
:10206000E1F322F06B682868A360124B2560606082
:10207000002500931049114A2346019502950395C6
:1020800004950595F8F7E4FE60B90A2323730F233E
:1020900063736423A3730223E3730623237401236E
:1020A000637403E02046E6F327F02C46204607B091
:1020B00030BD00BF217B8700940B89000CE38900B1
:1020C00010B5044648B1054922464068F8F765FE58
:1020D0002046BDE81040E6F30FB010BD0CE38900C8
:1020E00010B5044658B1064B21461B88C3581868E2
:1020F000F8F772FF2046BDE81040E5F3FDB710BDCC
:10210000D403000073B505460C20E5F3E9F7044657
:10211000C8B1104B04221A800221456000230190AF
:102120000D4A28460093FCF7B5F9002820600ADB29
:1021300001232381094B286800932146084A022382
:10214000F8F7D9FE18B12046FFF7CAFF0024204651
:102150007CBD00BFD40300007D858700FC0B890097
:10216000A985870038B5044680B1094B21461B88F4
:10217000C5582868F8F730FF286806492246F8F75E
:102180000CFE2046BDE83840E5F3B6B738BD00BFC9
:10219000D6030000845B0100F0B5054687B014202B
:1021A000E5F39EF70446002856D02F4B04221A80F0
:1021B000456000260190042128462C4A2C4B0096AD
:1021C000FCF768F9B042206046DB0123A3810C23B1
:1021D0002382284B0722E2810093274B2868019332
:1021E0002649274A23460296039604960596F8F751
:1021F0002FFE002830D1234B286800932146224A25
:102200000523F8F778FE38BB204BD5F894068DE807
:1022100018004FF490712A221D4BFDF703FBD8B92B
:10222000D5F8940680212A221A4B0094FDF712FC5F
:1022300090B9B5F8AA0106F023DD801B18BF012074
:102240000A3055F820301B68022B09D101212046A5
:102250000A4652F0ABDD03E02046FFF783FF00247F
:10226000204607B0F0BD00BFD60300005D8987009F
:1022700049898700DD8B8700F58B8700340C890046
:10228000845B01000C0C8900098B8700F98C8700A6
:10229000E9898700F9888700084B10B51B88044638
:1022A00050B1C358064918682246F8F776FD204613
:1022B000BDE81040E5F320B710BD00BFD803000013
:1022C0008B5B010070B5054686B01420E5F308F776
:1022D0000446002844D0264B08221A80002385603B
:1022E000042100930190234A2846234BFCF7D2F89F
:1022F0000028206034DB0223A38105220C23E28125
:102300002382D5F8940680213D221C4B0094FDF7D2
:10231000A1FB28BB1A4B029000931A4B0390019328
:102320000490059018492868184A2346F8F790FD4C
:10233000B0B9B5F8AA0106F0A3DC2B6893F84F20DA
:102340001AB1032A14BF032201222046012153F0AF
:1023500063DA204602214FF0FF3253F05DDA03E0EA
:102360002046FFF799FF0024204606B070BD00BF4D
:10237000D8030000319287001D928700E991870001
:102380009993870001958700400C89008B5B0100C1
:1023900038B5044698B10568224628460849FCF736
:1023A0009CF821462868F8F717FE28680549224658
:1023B000F8F7F3FC2046BDE83840E5F39DB638BD9C
:1023C0001D9E8700C9E3890030B5054687B0082007
:1023D000E5F386F6044600283ED00023056004217C
:1023E00000930190204A2846204BFCF753F8002820
:1023F000606031DB28461E492246FCF769F858BB6D
:102400001C4B0190009302900390049005901A4990
:1024100028681A4A2346F8F71BFDE8B9184B2868C4
:1024200000932146174A0123F8F765FDA0B9164B22
:10243000D5F894068DE818004FF490712822134BBC
:10244000FDF7F0F940B9D5F8940680212822104B09
:102450000094FDF7FFFA18B12046FFF799FF00241A
:10246000204607B030BD00BFA19D8700619D870059
:102470001D9E8700A59E87009C0C8900C9E38900EA
:10248000940C8900799E87009D9F8700459E870058
:10249000459D870070B5064686B09C20E5F320F682
:1024A0000446002834D006601B4B3068002560606D
:1024B0001A4900931A4A23460195029503950495FB
:1024C0000595F8F7C5FCF8B9D6F884341E229B7838
:1024D00022610422E27202222377227301230A225C
:1024E000E376237263616273A3764FF6AF72A377CC
:1024F00084F899301023A0736072A072228384F84C
:102500009A3084F8983003E02046E5F3F5F52C4640
:10251000204606B070BD00BF19AE8700001C8900C0
:1025200066B50200C0F88410C0F88820C0F88C306E
:102530007047000010B5044648B10549224640687E
:10254000F8F72BFC2046BDE81040E5F3D5B510BDEB
:1025500066B5020038B5044600B3436B05680BB19D
:10256000E9F7C6FC04F11400DBF38AF404F1180067
:10257000DBF386F404F11000DFF382F504F12400AC
:10258000DBF372F4224606492868F8F706FC204679
:10259000E5F3B2F52B68002283F8622138BD00BF55
:1025A0007AE689002DE9F041054686B03820E5F34A
:1025B00097F5044600287FD005600026019004218D
:1025C0002846414A414B0096FBF764FFB0426060E9
:1025D00072DB042128463E4A3E4B0096019400F0EF
:1025E0009FF9B042A06067DB0127E76038463A49AF
:1025F0003A4A6B68DFF32EF1206100285CD0062197
:102600003246D5F80480DFF36BF534490346424681
:102610003148DBF317F4606200284DD007213246C1
:102620002069DFF35DF539460346E0613246606AB2
:10263000DBF3E8F239460246A0612069DFF350F58A
:10264000E36939463246606ADBF3DCF20221024676
:1026500060612069DFF344F5214B4FF00308C4F8B3
:102660002C808DE848001F4B286804931E4B1F499F
:1026700005931F4A234602960396F8F7E9FBD8B95B
:102680001C4BD5F894068DE81800B02142461A4B31
:10269000FDF746F880B9194BD5F894068DE8180077
:1026A000B0215D22164BFDF769F928B91423A36206
:1026B0002B6883F8627103E02046FFF74BFF00248C
:1026C000204606B0BDE8F08115D28700B9060100AA
:1026D000890501004DE08700FDD0870005D1870006
:1026E00099D38700945B010019050100181C89002B
:1026F0007AE68900171501008F16010055140100B4
:10270000C11401002DE9F043074687B04FF4417032
:102710000E4615469846E5F3DDF40446002878D0C9
:1027200000214FF44172E0F3BFF42820E5F3D2F426
:102730008146206020B92046E5F3DEF4484668E093
:1027400000212822E0F3B0F423684FF441721C60AA
:102750006261E5604FF0FF320025A261A760C4F816
:1027600004809D711423A4F808322823A4F80632AB
:102770002D23A4F804326E23A4F80A32022384F82D
:102780000C326423A4F8383284F80D5230462249C2
:1027900022462B46F2F33AF0C4F8F80130B304F5C0
:1027A0001473C4F81832C4F814321C4B0526C4F84C
:1027B0001C6200931A4B029501931A4B04950393E4
:1027C0000595234638681849184AF8F741FB03462F
:1027D00060B9009038682168154AF8F78CFB28B971
:1027E00084F8406284F84162206812E0D4F8F8115D
:1027F00019B1A3689868F1F3F1F7206908B100F006
:102800003FF8206808B1E5F377F42046E5F374F467
:10281000002007B0BDE8F08365F68700C5EF8700AC
:1028200049F6870039FF87006C1C890000E88900A1
:102830006500880038B50546F0B10468E4B1D4F805
:10284000F81131B1A3689868F1F3C8F70023C4F810
:10285000F831A368224618680849F8F79EFAA36879
:1028600021681868F8F7B8FB2846E5F345F42046D8
:10287000BDE83840E5F340B438BD00BF00E889004A
:1028800010B5044630B159F0B9DE2046BDE810401D
:10289000E5F332B410BD0000F7B506680546F369EC
:1028A0001F6D02373F013846E5F314F4044610B3B8
:1028B00000213A46E0F3F8F384E860001021002696
:1028C00028460E4A0E4B00960194FBF7E3FDB042FA
:1028D000A0610CDB04F1200363614FF44773E360F4
:1028E000D5F8380604F11C01DFF3DEF518B12046F7
:1028F000E5F302F434462046FEBD00BFB908880067
:102900009D08880010B5044648B1C36913B11C3056
:10291000DFF3E0F52046BDE81040E5F3EDB310BD70
:10292000F0B5D0F8244100682569C069006D854282
:1029300011D267692E01B819013525614360059BE5
:10294000BA518360069BC360E068C31C591821F02C
:102950000301E160F0BD4FF0FF30F0BD37B5054633
:102960001820E5F3B7F3044638B300211822E0F34A
:102970009BF32B68256063606B682846A360FFF7B4
:1029800065FBE06088B15BF0AFD8002301468DE8BD
:10299000180028460A4A0B4BFFF7C2FF00282061A7
:1029A00003DB51F04DD8606107E0E06808B1FFF744
:1029B00087FB2046E5F3A0F3002420463EBD00BF80
:1029C0001D1B8800F91A880010B5044638B1C0688C
:1029D000FFF776FB2046BDE81040E5F38DB310BD50
:1029E00073B505461820E5F375F30446002838D082
:1029F00000211822E0F358F30C20E5F36BF30646B0
:102A000000282DD000210C22E0F34EF32B686661E4
:102A1000256063602846FFF73DFDA060B8B15BF01C
:102A20009DD8002301468DE8280028460E4A0F4B0A
:102A3000FFF776FF0028E06009DB56F013DA0C4957
:102A400020610C4AA0680C4BFFF76CFD09E0A06800
:102A500008B1FFF76FFD2046E5F34EF3002400E0D8
:102A6000044620467CBD00BFCD1B8800A91B880002
:102A7000C1218800B5218800A91E880010B5044630
:102A800050B18068FFF756FD6069E5F335F32046E5
:102A9000BDE81040E5F330B310BD000070B5444B05
:102AA00086B000930023019302930393414B0446A5
:102AB0000493414B414905930068414A2346F8F786
:102AC000C7F9054600286FD1D4F884341421A3F83F
:102AD0006410A36A012683F84C00E36A204683F859
:102AE0004C60A16A5EF0E8D8E16A20465EF0E4D866
:102AF000204629465DF0EADBA36A83F84D50E36A7D
:102B000083F84D50236A1869E7F7F6FE830707D567
:102B1000D4F884344FF0FF325E73D4F88434DA8111
:102B20002368D4F884545E6951F0BCD9014630461C
:102B300051F052D9E862002836D0D4F884341F22EC
:102B400083F87820D4F88404052257304FF0FF3101
:102B5000E0F3AAF22368D4F88424B3F8C810D3F8B9
:102B6000D80051850A2151631649E1F315F1431E3E
:102B70000D2BD4F88454236898BF68631249D3F8A6
:102B8000D800E1F309F185F88A00D4F884340122F1
:102B900083F85120D4F8843400201A7883F84E202A
:102BA000D4F88434586701E04FF0FF3006B070BDB0
:102BB000E9398800105C0100AD1E0100341D890058
:102BC0006EB5020081B5020072B50200D0F88434FF
:102BD00010B5D96A044611B1406851F00BD920688C
:102BE00002492246BDE81040F8F7D7B86EB502009A
:102BF00038B503680446D0F884542749D3F8D80080
:102C0000E1F3CAF0287023682449D3F8D800D4F837
:102C10008454E1F3C1F0E870D4F884341A78013AAE
:102C2000D2B2FD2A01D901221A70D4F884341A785C
:102C30005A700023D4F88424D11812780133052B5C
:102C400081F85220F6D1D4F8845401212846E0F3CB
:102C50008BF4A870D4F88434DA78013AD2B2FD2A21
:102C600001D90122DA70D4F884340121DA785A715A
:102C7000D4F88454E81CE0F377F42871D4F8843451
:102C800020461A799A715DF053DAB4F85814204648
:102C9000BDE838405DF0A49A8EB5020096B50200FA
:102CA00010B50446D8B140680D492246FBF72BFC0D
:102CB000236A1BB104F12000DFF30CF4237F23B15E
:102CC000606808492246FBF708FCA06806492246CE
:102CD000F8F763F82046BDE81040E5F30DB210BDEB
:102CE000D1568800515488007E5C010030B50546FD
:102CF00087B02420E5F3EEF1044600283ED0002101
:102D00002422E0F3D1F12B680022A360AB68656058
:102D1000E3606B68042123610823A3822846194BD2
:102D20008DE81400FBF7B6FB0028206022DB284664
:102D300015492246FBF7CCFBE0B90123237728464F
:102D400012492246FBF7DAFBA0B9D5F8380604F1A0
:102D50002001DFF3A9F368B90D4B019000930290B5
:102D60000390049005900B4928680B4A2346F8F716
:102D70006FF818B12046FFF793FF0024204607B0F4
:102D800030BD00BFC954880051548800D156880016
:102D9000555588001C1F89007E5C0100D0F8D03694
:102DA000186ADFF35DB3D0F8D036186ADFF3BAB330
:102DB000F8B5D0F8846404460D46D1F8D800C1496E
:102DC000E0F3EAF786F81C01D5F8D800BE49E1F334
:102DD00007F0D4F8846438B1D5F8D800BA49E0F3E4
:102DE000DBF786F8E80002E0022386F8E830D5F841
:102DF000D800B649E0F3F4F7D4F8846438B1D5F8D4
:102E0000D800B249E0F3C8F786F8580102E0FF2382
:102E100086F85831AE49D5F8D800D4F88464E0F388
:102E2000BBF7AC49C6F82001D5F8D800D4F88464C3
:102E3000E0F3B2F7A849A6F82A01D5F8D800D4F8EB
:102E40008464E0F3A9F7A549A6F82C01D5F8D800C9
:102E5000D4F88464E0F3A0F7A149A6F82E01D5F8D0
:102E6000D800D4F88464E0F397F786F8E900D4F842
:102E7000843493F8E92012B9022283F8E920D5F8C6
:102E8000D8009849D4F88464E0F386F7A6F8C60021
:102E9000D4F88464B6F9C63013B90123A6F8C63055
:102EA000D5F8D8009049E0F377F7C6F8D800D4F801
:102EB0008464D6F8D8301BB94CF25033C6F8D830F9
:102EC00096F8E93001229A40D6F8D810D5F8D80003
:102ED0008A4288BFC6F8D820022212FA03F3834937
:102EE000C6F8DC30E0F358F7C6F8E400D4F88464A0
:102EF000D6F8E4301BB94FF49673C6F8E430D5F831
:102F0000D8007B49E0F348F7A6F8C400D4F88464FD
:102F1000B6F9C43013B91923A6F8C430D5F8D800CF
:102F20007449E0F339F786F86C01D4F8843493F8E7
:102F30006C2112B9052283F86C216F49D5F8D800AD
:102F4000D4F88464E0F328F7D4F88434A6F8F000C9
:102F500093F81C21694983F81D21D4F8843493F82F
:102F60001D2183F84821D4F88434DA7983F8AC2021
:102F7000D4F884341A7A83F84521D4F884644FF65F
:102F8000A273A6F8EA30A6F8EC30A6F8EE30D5F831
:102F9000D800E0F301F7A6F8F200D4F88464B6F99B
:102FA000F2301BB94FF6A273A6F8F23096F8E9306A
:102FB000012212FA03F3D6F8D8205149934288BF70
:102FC000C6F8D8300023A6F8B230A6F8B430A6F878
:102FD000B630C6F8B830C6F8BC30C6F8C030D5F840
:102FE000D8001F46E0F3D8F686F844014549D5F8E5
:102FF000D800D4F88464E0F3CFF686F84B01D5F816
:10300000D8004149D4F88464E0F3C6F6D4F8843497
:10301000C6F8240183F82971D4F88434D3F8242124
:103020001AB94FF49B72C3F8242193F81D2102B101
:103030000322C3F84C21C3F850210022C3F85421C5
:10304000D5F8D8003149E0F3CBF640B1D5F8D80037
:103050002E49D4F88464E0F39FF6C6F85401D5F8FD
:10306000D8002B49E0F3BCF640B1D5F8D800284988
:10307000D4F88464E0F390F6C6F84C01D5F8D80093
:103080002449E0F3ADF640B1D5F8D8002149D4F891
:103090008464E0F381F6C6F850011F4922460023FC
:1030A000A068D4F88454F1F3B1F31C49C5F8300199
:1030B0002246A0680023D4F88454F1F3A7F3C5F89E
:1030C0003401F8BD2CB60200A4B6020074B60200AA
:1030D00057B60200CBB50200EEB5020000B6020002
:1030E00096B602009EB5020067B602001FB6020047
:1030F000BEB50200CDB60200DDB5020081B6020009
:1031000012B60200AEB50200BFB6020045B602001C
:1031100035B60200AFB602003F330100AD33010007
:1031200038B5044680B105682246D5F84401074900
:10313000FDF779FC284606492246FBF7CEF92046E2
:10314000BDE83840E4F3D8B738BD00BF1D70880033
:10315000B16E880037B505460820E4F3C1F7044690
:10316000C0B1056000220190042128460C4B00925A
:10317000FBF790F9002860600CDB284609492246DD
:10318000FBF7A6F930B9D5F8440107492246FDF707
:1031900047FC18B12046FFF7C3FF002420463EBD80
:1031A000596F8800B16E88001D70880038B50446DC
:1031B00070B1056821462868F7F70EFF28680549B1
:1031C0002246F7F7EAFD2046BDE83840E4F394B71D
:1031D00038BD00BF845C010030B5054687B00C20C7
:1031E000E4F37EF70446002846D0274B05604FF4F1
:1031F0009071009301902022D5F89406234BFCF7A0
:1032000011FB002838D1224BD5F894068DE8180020
:103210004FF4907123221F4BFCF704FB00282BD1A5
:103220001D4BD5F894068DE81800402188221B4BD1
:10323000FCF718FB00BBD5F8940680212022184B20
:103240000094FCF707FCB8B9164B02900093164B9C
:10325000039001930490059014492868144A23466A
:10326000F7F7F6FD40B9134B286800932146124A40
:103270000123F7F740FE18B12046FFF797FF00241F
:10328000204607B030BD00BF21768800E973880072
:10329000557688000D748800C1758800D573880044
:1032A000BD7388005D748800BD758800781F890033
:1032B000845C0100701F89003174880010B50446D9
:1032C00060B1074B07491B882246C3581868F7F7B7
:1032D00064FD2046BDE81040E4F30EB710BD00BF0A
:1032E000DA030000885C0100F0B5074687B01420BF
:1032F000E4F3F6F6054620B3154B064600240422F7
:1033000006F8044B1A80012347603372F46074722C
:10331000042101900F4A38460F4B0094FFF700FB41
:10332000A04270600DDB0D4B009401930294039456
:103330000494059438682146094A2B46F7F788FD1E
:1033400018B12846FFF7BAFF0025284607B0F0BDA0
:10335000DA030000D9778800B977880029788800D7
:10336000885C010070B5054686B01820E4F3B8F615
:10337000044600285AD02B680026012243600560CD
:10338000082183F8AD200190324628463346009646
:10339000FFF7C6FAB04220614BDB10212846274ACE
:1033A000274B00960194FBF775F8B042C5F89801D9
:1033B0003FDB0423E360234BA06005218DE8180068
:1033C000D5F894064422204BFCF72CFA002830D183
:1033D0001E4BD5F894068DE818004FF490714422E6
:1033E0001B4BFCF71FFA002823D1D5F894060521C2
:1033F0004422184B0094FCF7CBFCD0B9D5F89406C6
:10340000C0214422144B0094FCF7C2FC88B9134B32
:1034100001900093124B0390029304900590114980
:103420002868114A2346F7F713FD10B9204606B065
:1034300070BD2046E4F360F60024F7E77981880048
:103440005D818800DD8088003580880035818800B6
:1034500005818800558088003D858800C5828800E8
:10346000CD858800E01F89008C5C010010B5044602
:1034700048B1054922464068F7F78FFC2046BDE871
:103480001040E4F339B610BD8C5C010070B5054600
:1034900086B03020E4F31EF60446002831D0002127
:1034A0003022DFF301F61A4B2560009300230193CD
:1034B000029303930493059328681649164A2346FA
:1034C000F7F7C6FC0646E0B9FF23A3750123E375B1
:1034D0002B681249D3F8D800E0F382F420B13146CA
:1034E0003246E0F319F2A0752B680D49D3F8D800E5
:1034F000E0F376F448B100210A46E0F30DF2E075FE
:1035000003E0284661F094DD0024204606B070BD3B
:10351000A98C88001C20890056FB8900E3B60200B4
:10352000EDB6020038B50446002820D061F0D4DDA5
:10353000A36A73B1204661F099DA0AE02B686868E3
:103540006360E4F3D9F52846E4F3D6F5237D013B27
:1035500023756568002DF1D1236805491868224656
:10356000F7F71BFC2068BDE8384061F0619D38BD6D
:1035700056FB8900776C635F626D61635F696E669D
:103580006F5F696E697400000000000000000000B9
:10359000000000000000000000000000000000002B
:1035A000000000000000000000000000000000001B
:1035B000000000000000000000000000000000000B
:1035C00000000000000000000000000000000000FB
:1035D00000000000000000000000000000000000EB
:1035E00000000000000000000000000000000000DB
:1035F00000000000000000000000000000000000CB
:1036000000000000000000000000000000000000BA
:1036100000000000000000000000000000000000AA
:10362000000000000000000000000000000000009A
:10363000000000000000000000000000000000008A
:10364000000000000000000000000000000000007A
:10365000000000000000000000000000000000006A
:10366000000000000000000000000000000000005A
:10367000000000000000000000000000000000004A
:10368000000000000000000000000000000000003A
:10369000000000000000000000000000000000002A
:1036A000000000000000000000000000000000001A
:1036B000000000000000000000000000000000000A
:1036C00000000000000000000000000000000000FA
:1036D00000000000000000000000000000000000EA
:1036E00000000000000000000000000000000000DA
:1036F00000000000000000000000000000000000CA
:1037000000000000000000000000000000000000B9
:1037100000000000000000000000000000000000A9
:103720000000000000000000000000000000000099
:103730000000000000000000000000000000000089
:103740000000000000000000000000000000000079
:103750000000000000000000000000000000000069
:103760000000000000000000000000000000000059
:103770000000000000000000000000000000000049
:103780000000000000000000000000000000000039
:103790000000000000000000000000000000000029
:1037A0000000000000000000000000000000000019
:1037B0000000000000000000000000000000000009
:1037C00000000000000000000000000000000000F9
:1037D00000000000000000000000000000000000E9
:1037E00000000000000000000000000000000000D9
:1037F00000000000000000000000000000000000C9
:1038000000000000000000000000000000000000B8
:1038100000000000000000000000000000000000A8
:103820000000000000000000000000000000000098
:103830000000000000000000000000000000000088
:103840000000000000000000000000000000000078
:103850000000000000000000000000000000000068
:103860000000000000000000000000000000000058
:103870000000000000000000000000000000000048
:103880000000000000000000000000000000000038
:103890000000000000000000000000000000000028
:1038A0000000000000000000000000000000000018
:1038B0000000000000000000000000000000000008
:1038C00000000000000000000000000000000000F8
:1038D00000000000000000000000000000000000E8
:1038E00000000000000000000000000000000000D8
:1038F00000000000000000000000000000000000C8
:1039000000000000000000000000000000000000B7
:1039100000000000000000000000000000000000A7
:103920000000000000000000000000000000000097
:103930000000000000000000000000000000000087
:103940000000000000000000000000000000000077
:103950000000000000000000000000000000000067
:103960000000000000000000000000000000000057
:103970000000000000000000000000000000000047
:103980000000000000000000000000000000000037
:103990000000000000000000000000000000000027
:1039A0000000000000000000000000000000000017
:1039B0000000000000000000000000000000000007
:1039C00000000000000000000000000000000000F7
:1039D00000000000000000000000000000000000E7
:1039E00000000000000000000000000000000000D7
:1039F00000000000000000000000000000000000C7
:103A000000000000000000000000000000000000B6
:103A100000000000000000000000000000000000A6
:103A20000000000000000000000000000000000096
:103A30000000000000000000000000000000000086
:103A40000000000000000000000000000000000076
:103A50000000000000000000000000000000000066
:103A60000000000000000000000000000000000056
:103A70000000000000000000000000000000000046
:103A80000000000000000000000000000000000036
:103A90000000000000000000000000000000000026
:103AA0000000000000000000000000000000000016
:103AB0000000000000000000000000000000000006
:103AC00000000000000000000000000000000000F6
:103AD00000000000000000000000000000000000E6
:103AE00000000000000000000000000000000000D6
:103AF00000000000000000000000000000000000C6
:103B000000000000000000000000000000000000B5
:103B100000000000000000000000000000000000A5
:103B20000000000000000000000000000000000095
:103B30000000000000000000000000000000000085
:103B40000000000000000000000000000000000075
:103B50000000000000000000000000000000000065
:103B60000000000000000000000000000000000055
:103B70000000000000000000000000000000000045
:103B80000000000000000000000000000000000035
:103B90000000000000000000000000000000000025
:103BA0000000000000000000000000000000000015
:103BB0000000000000000000000000000000000005
:103BC00000000000000000000000000000000000F5
:103BD00000000000000000000000000000000000E5
:103BE00000000000000000000000000000000000D5
:103BF00000000000000000000000000000000000C5
:103C000000000000000000000000000000000000B4
:103C100000000000000000000000000000000000A4
:103C20000000000000000000000000000000000094
:103C30000000000000000000000000000000000084
:103C40000000000000000000000000000000000074
:103C50000000000000000000000000000000000064
:103C60000000000000000000000000000000000054
:103C70000000000000000000000000000000000044
:103C80000000000000000000000000000000000034
:103C90000000000000000000000000000000000024
:103CA0000000000000000000000000000000000014
:103CB0000000000000000000000000000000000004
:103CC00000000000000000000000000000000000F4
:103CD00000000000000000000000000000000000E4
:103CE00000000000000000000000000000000000D4
:103CF00000000000000000000000000000000000C4
:103D000000000000000000000000000000000000B3
:103D100000000000000000000000000000000000A3
:103D20000000000000000000000000000000000093
:103D30000000000000000000000000000000000083
:103D40000000000000000000000000000000000073
:103D50000000000000000000000000000000000063
:103D60000000000000000000000000000000000053
:103D70000000000000000000000000000000000043
:103D80000000000000000000000000000000000033
:103D90000000000000000000000000000000000023
:103DA0000000000000000000000000000000000013
:103DB0000000000000000000000000000000000003
:103DC00000000000000000000000000000000000F3
:103DD00000000000000000000000000000000000E3
:103DE00000000000000000000000000000000000D3
:103DF00000000000000000000000000000000000C3
:103E000000000000000000000000000000000000B2
:103E100000000000000000000000000000000000A2
:103E20000000000000000000000000000000000092
:103E30000000000000000000000000000000000082
:103E40000000000000000000000000000000000072
:103E50000000000000000000000000000000000062
:103E60000000000000000000000000000000000052
:103E70000000000000000000000000000000000042
:103E80000000000000000000000000000000000032
:103E90000000000000000000000000000000000022
:103EA0000000000000000000000000000000000012
:103EB0000000000000000000000000000000000002
:103EC00000000000000000000000000000000000F2
:103ED00000000000000000000000000000000000E2
:103EE00000000000000000000000000000000000D2
:103EF00000000000000000000000000000000000C2
:103F000000000000000000000000000000000000B1
:103F100000000000000000000000000000000000A1
:103F20000000000000000000000000000000000091
:103F30000000000000000000000000000000000081
:103F40000000000000000000000000000000000071
:103F50000000000000000000000000000000000061
:103F60000000000000000000000000000000000051
:103F70000000000000000000000000000000000041
:103F80000000000000000000000000000000000031
:103F90000000000000000000000000000000000021
:103FA0000000000000000000000000000000000011
:103FB0000000000000000000000000000000000001
:103FC00000000000000000000000000000000000F1
:103FD00000000000000000000000000000000000E1
:103FE00000000000000000000000000000000000D1
:103FF00000000000000000000000000000000000C1
:1040000000000000000000000000000000000000B0
:1040100000000000000000000000000000000000A0
:104020000000000000000000000000000000000090
:104030000000000000000000000000000000000080
:104040000000000000000000000000000000000070
:104050000000000000000000000000000000000060
:104060000000000000000000000000000000000050
:104070000000000000000000000000000000000040
:104080000000000000000000000000000000000030
:104090000000000000000000000000000000000020
:1040A0000000000000000000000000000000000010
:1040B0000000000000000000000000000000000000
:1040C00000000000000000000000000000000000F0
:1040D00000000000000000000000000000000000E0
:1040E00000000000000000000000000000000000D0
:1040F00000000000000000000000000000000000C0
:1041000000000000000000000000000000000000AF
:10411000000000000000000000000000000000009F
:10412000000000000000000000000000000000008F
:10413000000000000000000000000000000000007F
:10414000000000000000000000000000000000006F
:10415000000000000000000000000000000000005F
:10416000000000000000000000000000000000004F
:10417000000000000000000000000000000000003F
:10418000000000000000000000000000000000002F
:10419000000000000000000000000000000000001F
:1041A000000000000000000000000000000000000F
:1041B00000000000000000000000000000000000FF
:1041C00000000000000000000000000000000000EF
:1041D00000000000000000000000000000000000DF
:1041E00000000000000000000000000000000000CF
:1041F00000000000000000000000000000000000BF
:1042000000000000000000000000000000000000AE
:10421000000000000000000000000000000000009E
:10422000000000000000000000000000000000008E
:10423000000000000000000000000000000000007E
:10424000000000000000000000000000000000006E
:10425000000000000000000000000000000000005E
:10426000000000000000000000000000000000004E
:10427000000000000000000000000000000000003E
:10428000000000000000000000000000000000002E
:10429000000000000000000000000000000000001E
:1042A000000000000000000000000000000000000E
:1042B00000000000000000000000000000000000FE
:1042C00000000000000000000000000000000000EE
:1042D00000000000000000000000000000000000DE
:1042E00000000000000000000000000000000000CE
:1042F00000000000000000000000000000000000BE
:1043000000000000000000000000000000000000AD
:10431000000000000000000000000000000000009D
:10432000000000000000000000000000000000008D
:10433000000000000000000000000000000000007D
:10434000000000000000000000000000000000006D
:10435000000000000000000000000000000000005D
:10436000000000000000000000000000000000004D
:10437000000000000000000000000000000000003D
:10438000000000000000000000000000000000002D
:10439000000000000000000000000000000000001D
:1043A000000000000000000000000000000000000D
:1043B00000000000000000000000000000000000FD
:1043C00000000000000000000000000000000000ED
:1043D00000000000000000000000000000000000DD
:1043E00000000000000000000000000000000000CD
:1043F00000000000000000000000000000000000BD
:1044000000000000000000000000000000000000AC
:10441000000000000000000000000000000000009C
:10442000000000000000000000000000000000008C
:10443000000000000000000000000000000000007C
:10444000000000000000000000000000000000006C
:10445000000000000000000000000000000000005C
:10446000000000000000000000000000000000004C
:10447000000000000000000000000000000000003C
:10448000000000000000000000000000000000002C
:10449000000000000000000000000000000000001C
:1044A000000000000000000000000000000000000C
:1044B00000000000000000000000000000000000FC
:1044C00000000000000000000000000000000000EC
:1044D00000000000000000000000000000000000DC
:1044E00000000000000000000000000000000000CC
:1044F00000000000000000000000000000000000BC
:1045000000000000000000000000000000000000AB
:10451000000000000000000000000000000000009B
:10452000000000000000000000000000000000008B
:10453000000000000000000000000000000000007B
:10454000000000000000000000000000000000006B
:10455000000000000000000000000000000000005B
:10456000000000000000000000000000000000004B
:10457000000000000000000000000000000000003B
:104580000000000000000000646561646D616E5F02
:10459000746F0072616D737462796469730064652D
:1045A00061646D616E5F746F007370695F70755FD9
:1045B000656E6162005344494F444556006773700D
:1045C0006964776F72640050434D434941444556D6
:1045D0000073645F6F6F626F6E6C790073645F6706
:1045E000706F757400475350492044776F72642090
:1045F0004D6F646520656E61626C65640A0073646A
:104600005F677064630073645F677076616C002538
:10461000733A2042726F6164636F6D20534450435C
:104620004D4420434443206472697665720A0073E6
:104630006470636D646364632564005344494F0090
:104640000A525445202825732D2573257325732977
:10465000202573206F6E2042434D25732072256400
:1046600020402025642E25642F25642E25642F25C7
:10467000642E25644D487A0A0000434443006E6F5F
:10468000637263006E6F7469665F63006E6F746956
:10469000665F73006F66646D3267706F3D307825BA
:1046A000780070612564677725646125643D307802
:1046B000257800706131686962303D256400706161
:1046C00031686962313D2564007061316869623228
:1046D0003D2564006761696E6374726C7370683D38
:1046E0002564007061316D61787077723D256400DA
:1046F0006D656173706F77657225643D30782578DC
:104700000072786761696E732564672563747265EA
:104710006C6E616279706125643D25640070613260
:10472000676125643D307825782C307825782C30E9
:104730007825780072737369736D6335673D2564FE
:1047400000757362666C6167733D30782578007020
:1047500061326763636B6125643D307825782C3066
:104760007825782C30782578007064657472616ED5
:10477000676532673D307825780075736233307530
:104780003175323D307825780073756276656E64D8
:1047900069643D3078257800616725643D3078256F
:1047A00078006F656D3D25303278253032782530C0
:1047B00032782530327825303278253032782530FD
:1047C000327825303278006F66646D706F3D3078D6
:1047D00025780074656D706F66667365743D256439
:1047E000006D656173706F7765723D307825780074
:1047F00072737369736D6632673D25640070617012
:104800006172616D62777665723D256400646F74D4
:10481000313161676F66646D68726277323032671A
:10482000706F3D3078257800697474326761303D6F
:10483000307825780062786132673D2564007273B4
:104840007369736D6332673D25640070613567621B
:104850007734306125643D307825782C30782578A0
:104860002C307825782C307825782C307825782CC9
:10487000307825782C307825782C307825782C30B5
:104880007825782C307825782C307825782C30785D
:104890002578006D63736277323035676C706F3DD9
:1048A000307825780000006D637362773230756C64
:1048B00035676C706F3D30782578006D6373627773
:1048C000343035676C706F3D3078257800000075A6
:1048D000736275746D695F63746C3D307825780020
:1048E00065787470616761696E32673D30782578EC
:1048F00000616E74737763746C32673D307825782D
:104900000070726F647563746E616D653D25730030
:1049100074785F647574795F6379636C655F7468DC
:10492000726573685F25645F35673D256400727842
:104930006761696E65727232676125643D30782502
:104940007800616730006D61787032676125643D81
:1049500030782578006277647570706F3D30782507
:1049600078006E6F6973656C766C35676125643DA0
:1049700025642C25642C25642C2564006277343052
:10498000706F3D3078257800706135676277383018
:104990006125643D307825782C307825782C307866
:1049A00025782C307825782C307825782C3078258F
:1049B000782C307825782C307825782C307825782C
:1049C0002C307825782C307825782C307825780094
:1049D0007573623330753175323D307825780070EB
:1049E00064657472616E676535673D30782578005F
:1049F0006D6163616464723D25730074656D7073ED
:104A00005F687973746572657369733D2564006DC1
:104A10006373256467706F25643D30782578006284
:104A20006F617264666C616773323D30782578001F
:104A3000626F617264666C616773333D30782578AC
:104A4000006C6564626825643D3078257800727872
:104A50006761696E732564672563747269736F613A
:104A600025643D256400616132673D30782578001A
:104A700070726F6469643D307825780074656D707C
:104A80007468726573683D25640063686970726557
:104A9000763D2564006C65676F66646D62773230C1
:104AA00035676C706F3D307825780000006C656765
:104AB0006F66646D62773230756C35676C706F3D10
:104AC00030782578006C65676F66646D6277323088
:104AD00035676D706F3D307825780000006C656734
:104AE0006F66646D62773230756C35676D706F3DDF
:104AF00030782578006C65676F66646D6277323058
:104B0000356768706F3D307825780000006C656708
:104B10006F66646D62773230756C356768706F3DB3
:104B2000307825780075736266733D25640074657E
:104B30006D70735F706572696F643D2564007362A8
:104B40003430616E64383025637235672563706F69
:104B50003D307825780063633D2564002004D00251
:104B6000A6A9FFFF646F74313161676475702563B6
:104B700072706F3D307825780061676125643D3043
:104B800078257800747269736F35673D30782578C1
:104B90000074656D7073656E73655F736C6F7065BF
:104BA0003D2564006D61787035676125643D30781E
:104BB00025782C307825782C307825782C3078257D
:104BC00078007061316974737369743D2564007095
:104BD000613062303D25640070613062313D256492
:104BE0000070613062323D25640070613567612577
:104BF000643D307825782C307825782C30782578ED
:104C00002C307825782C307825782C307825782C25
:104C1000307825782C307825782C307825782C3011
:104C20007825782C307825782C30782578006D63BD
:104C3000736277383035672563706F3D307825783B
:104C40000073756262616E6435677665723D2564D6
:104C5000007273736973617635673D2564006D6317
:104C600073627732303267706F3D3078257800009C
:104C7000006D637362773230756C3267706F3D30F0
:104C8000782578006D6373627734303267706F3DDA
:104C9000307825780000007265677265763D30785F
:104CA0002578006363746C3D30782578006E6F69F9
:104CB00073656C766C32676125643D25640075739D
:104CC00062333072656773303D307825782C3078E8
:104CD00025782C307825782C307825782C3078255C
:104CE000782C307825782C307825782C30782578F9
:104CF0002C307825782C3078257800757362333025
:104D000072656773313D307825782C307825782CA2
:104D1000307825782C307825782C307825782C3010
:104D20007825782C307825782C307825782C3078B8
:104D300025782C307825780063636B706F3D307870
:104D400025780074726935673D25640063636B6480
:104D5000696766696C74747970653D256400766571
:104D60006E6469643D307825780066656D637472A1
:104D70006C3D25640075736233307265677325641A
:104D80003D307825782C307825782C307825782C93
:104D9000307825780070646F6666736574326725B5
:104DA000646D6125643D30782578007573626570A7
:104DB0006E756D3D307825780070613168696D6180
:104DC000787077723D2564007278636861696E3D22
:104DD0003078257800626F617264666C6167733D3C
:104DE000307825780070613162303D256400706153
:104DF0003162313D25640070613162323D256400CD
:104E00007478636861696E3D3078257800727867E0
:104E100061696E732564672563656C6E616761699E
:104E20006E6125643D2564006770646E3D307825B1
:104E300078007061306D61787077723D2564006232
:104E4000786135673D2564006167626725643D30A0
:104E50007825780075736273737068795F736C6519
:104E60006570303D307825780075736273737068B3
:104E7000795F736C656570313D30782578007573A6
:104E80006273737068795F736C656570323D3078FA
:104E900025780075736273737068795F736C6565EC
:104EA00070333D30782578006C656464633D3078FC
:104EB00025303478006D63733332706F3D30782560
:104EC00078007273736973617632673D2564006F91
:104ED000706F3D256400697474326761313D3078CC
:104EE0002578007278706F35673D256400657874A9
:104EF00070616761696E35673D30782578006F664F
:104F0000646D356768706F3D307825780074776F11
:104F100072616E6765747373692564673D2564000B
:104F200073623230696E3430256372706F3D307851
:104F30002578006D616E6669643D3078257800657E
:104F40006C6E6132673D3078257800727063616CF9
:104F500032673D30782578000000000000000072C4
:104F60007063616C356762303D30782578000000F1
:104F7000000000727063616C356762313D307825E6
:104F800078000000000000727063616C3567623267
:104F90003D30782578000000000000727063616C7D
:104FA000356762333D3078257800000000000070DE
:104FB000613062305F6C6F3D25640070613062313A
:104FC0005F6C6F3D25640070613062325F6C6F3DD5
:104FD00025640073623230696E3830616E64313638
:104FE0003025637235672563706F3D307825780012
:104FF000636464706F3D3078257800626F6172641D
:10500000747970653D3078257800616E74737769C6
:105010007463683D3078257800626F6172646E75E4
:105020006D3D25640072646C69643D3078257800BC
:105030007874616C667265713D2564006D6178708D
:1050400035676861303D307825780072786761692E
:105050006E73256467656C6E616761696E61256456
:105060003D25640075736273736D64696F25643DDB
:10507000307825782C307825782C307825782C30AD
:105080007825780073756264657669643D307825AB
:1050900078007061316C6F62303D25640070613161
:1050A0006C6F62313D2564007061316C6F62323D1E
:1050B00025640073746263706F3D307825780072E8
:1050C000786761696E65727235676125643D307815
:1050D00025782C307825782C307825782C30782558
:1050E00078007061316C6F6D61787077723D256406
:1050F0000070646F666673657425646D6125643D38
:10510000307825780074656D70636F7272783D2514
:1051100064006F66646D3567706F3D307825780088
:105120007573626E6F73733D3078257800616135F9
:10513000673D3078257800637573746F6D766172A2
:1051400025643D307825780074785F647574795FE4
:105150006379636C655F6F66646D5F25645F356757
:105160003D256400757569643D257300757362643F
:105170006573635F636F6D706F736974653D3078DD
:1051800025780074656D7073656E73655F6F7074FC
:10519000696F6E3D256400706170646361702564A1
:1051A000673D2564006C65676F66646D62773230B9
:1051B0003267706F3D307825780000006C65676F4E
:1051C00066646D62773230756C3267706F3D30782F
:1051D00025780070646761696E2564673D25640009
:1051E0006D617870356761303D30782578006D618C
:1051F0007870356761313D30782578006D637325AF
:1052000064672563706F25643D3078257800706889
:105210007963616C5F74656D7064656C74613D2564
:105220006400706125646725637725646125643DAA
:10523000307825780063636F64653D3078300072A4
:10524000656777696E646F77737A3D2564006F6672
:10525000646D6C72627732303267706F3D307825E2
:105260007800776F776C5F6770696F706F6C3D2542
:105270006400616E74737763746C35673D307825B4
:10528000780063636B3267706F3D30782578007407
:10529000726932673D25640063636B627732303236
:1052A00067706F3D3078257800000063636B62772C
:1052B0003230756C3267706F3D30782578006974D4
:1052C00074356761303D30782578006974743567CE
:1052D00061313D30782578006D63736C72356725D8
:1052E00063706F3D307825780070646F6666736513
:1052F00074326725646D76616C69643D3078257819
:105300000072786761696E732564677472656C6E8C
:10531000616279706125643D256400626F61726429
:105320007265763D307825780072617774656D70AE
:1053300073656E73653D307825780075736273739D
:105340007068795F75746D695F63746C303D307837
:1053500025780075736273737068795F75746D6911
:105360005F63746C313D30782578007573627373B8
:105370007068795F75746D695F63746C323D307805
:1053800025780000000000006F66646D35676C7062
:105390006F3D30782578007061306974737369747B
:1053A0003D25640074737369706F7335673D3078A1
:1053B0002578007278706F32673D256400747373CE
:1053C00069706F73736C6F70652564673D25640049
:1053D0007472693567683D2564006D616E663D25B0
:1053E000730074726935676C3D2564006D63736288
:1053F000773230356768706F3D307825780000006F
:105400006D637362773230756C356768706F3D30ED
:10541000782578006D637362773430356768706F14
:105420003D3078257800000073726F6D7265763DAF
:105430002564006C65676F66646D343064757070E8
:105440006F3D30782578006D61787035676861311F
:105450003D307825780064657669643D307825783C
:105460000072786761696E73256467747269736F1F
:105470006125643D2564006D61787035676C61302D
:105480003D30782578006D61787035676C61313D0D
:1054900030782578006570616761696E2564673DC5
:1054A0002564007770736770696F3D256400776FBE
:1054B000776C5F6770696F3D256400727373697301
:1054C0006D6635673D256400747269736F32673DA0
:1054D000307825780074737369706F7332673D306C
:1054E000782578007770736C65643D256400656C81
:1054F0006E6135673D307825780070613567627779
:10550000343038306125643D307825782C3078256A
:10551000782C307825782C307825782C30782578C0
:105520002C307825782C307825782C307825782CFC
:10553000307825782C307825782C307825782C30E8
:10554000782578006D63736277323035676D706FE0
:105550003D307825780000006D63736277323075D6
:105560006C35676D706F3D30782578006D637362C0
:1055700077343035676D706F3D30782578000000E6
:1055800063636F64653D25632563006D63736277B4
:1055900031363035672563706F3D307825780049A6
:1055A0006E76616C69642F556E737570706F72746E
:1055B0006564207874616C2076616C756520256463
:1055C00000726D696E00636C646F5F6275727374F4
:1055D00000706C6C2564006C6E6C646F3100722519
:1055E00064640072256474007874616C667265711D
:1055F000000000000C000000020016000200000085
:1056000004000D000700000001000A00080000006F
:1056100004000D000A00000004000D000D00000051
:105620000100070017000000040004001B00000038
:10563000040001001C000000010007000000000041
:105640000200020001000000010001000300000050
:10565000020002000400000001000100050000003B
:105660000100010006000000010001000900000027
:10567000010005000B000000010001000C0000000B
:10568000020030000E000000010001000F000000C9
:1056900001000100100000000100010011000000E5
:1056A00001000100120000000300030013000000CD
:1056B00001000100140000000100010015000000BD
:1056C00001000100160000000100010018000000A8
:1056D0000200130019000000020013001A0000006D
:1056E000020013001D000000010001001E00000068
:1056F000010001000C00000002003000726D6178B2
:105700000000004B00079065000C1892000F6C70B1
:105710006C646F3100000000010000000000000018
:105720000000000000000000020000000000000077
:105730000100000000000000040000000000000064
:10574000030000000000000008000000000000004E
:105750000000000000000000100000000000000039
:105760000700000000000000200000000000000012
:105770005711000000000000400000000000000081
:105780001701000000000000800000000000000081
:1057900057010000000000000001000000000000B0
:1057A00003000000000000000002000000000000F4
:1057B00000000000000000000004000000000000E5
:1057C00003000000000000000008000000000000CE
:1057D00007040000000000000010000000000000AE
:1057E0005701000000000000002000000000000041
:1057F000D71500000000000000400000000000007D
:10580000F7BDC20E00000000008000000000000094
:10581000F73DC20E00000000000001000000000083
:105820000000000000000000000002000000000076
:10583000F73DC00E00000000000004000000000062
:10584000F73DC20E0000000000000800000000004C
:10585000F73DC20E00000000000010000000000034
:10586000F73DC0060000000000002000000000001E
:10587000F73DDA0E000000000000400000000000CC
:10588000F73D00060000000000008000000000005E
:10589000F73D40060000000000000001000000008D
:1058A00000000000000000000000000200000000F6
:1058B000D70100000000000000000004000000000C
:1058C000D70D0000000000000000000800000000EC
:1058D000F73DC006000000000000001000000000BE
:1058E000F73DCA0E0000000000000020000000008C
:1058F000F73DCA1E0000000000000040000000004C
:10590000F73DFA3E00000000726567256400636C95
:10591000646F5F70776D006368697063256400620F
:105920006F617264747970650070726F646964008D
:10593000737764656E61626C65006770646E0062A7
:105940006F617264666C616773006274637877611B
:1059500072666C616773007874616C667265710061
:10596000626F617264726576006465766964006D69
:105970007578656E616200776C30696400776C25BC
:10598000643A2042726F6164636F6D2042434D251B
:1059900073203830322E313120576972656C65734F
:1059A0007320436F6E74726F6C6C65722025730A7E
:1059B0000074656D705F74686F72745F6D6F6E698F
:1059C000746F725F74696D650074785F6D696E697C
:1059D0006D756D5F647574795F6379636C65007470
:1059E000785F647574795F6379636C655F63636B1B
:1059F00000616762673000616762673100616762FA
:105A000067320074656D7062617365645F6475749C
:105A1000795F6379636C655F656E00616130007406
:105A2000785F647574795F6379636C655F6F6664D2
:105A30006D00000011338200253482000000000058
:105A4000000000004E5652414D526576007361725F
:105A500032670061613267002043254303432143DD
:105A60002443184319431A43114313431243144365
:105A7000154316431B431C431D43284329432A4314
:105A80002B432C432D434143404350435143524306
:105A9000534357439DA9760554435F433F434F43C8
:105AA0002F4334433543364337433843394316474E
:105AB00048472747434360434643474348433143AE
:105AC00032433343AA43584359435A43A9435543A6
:105AD0005643634380438143824364436543664343
:105AE00074436743A043A143A243AE43AF43B043D3
:105AF000AB43AC43AD43E343E443E543E243D0432C
:105B0000D143D243BA43BB43BC43B143B243B34393
:105B1000A343A443A543B743B843B943C043C143D8
:105B2000C243D343D443D543D643D743D843D943C1
:105B3000DA43DB43DF43E043E143EC43ED43EE4331
:105B4000E943EA43EB432243D6A867A868A89CA987
:105B5000D8A89DA91343144386A83143A7A9DBA85D
:105B6000D1A8DCA8A4A952AAC6A902AA31AA32AA1D
:105B700074785F74656D705F7468726573680064D3
:105B8000657669640031316E5F64697361626C656A
:105B90000061673000616B6D000000002994830094
:105BA0005DB7830005928300000000004533840048
:105BB000DD39840000000000000000007A62637894
:105BC0006763696770696F00616E74737763746C83
:105BD000326700616E74737763746C356700776C3D
:105BE00025643A646D6125640061613267006C74FC
:105BF000656378666E73656C006274635F6D6F6475
:105C00006500626F617264666C616773006D6163E9
:105C100061646472006C746563787061646E756D44
:105C20000076656E646964007A626378666E736597
:105C30006C00627463786C657363616E007A626392
:105C4000787061646E756D00637573746F6D7661E5
:105C5000723100637573746F6D76617232006274B5
:105C6000635F706172616D732564006274635F6667
:105C70006C6167730062746378776172666C6167E8
:105C80007300626F617264666C61677332006C747A
:105C90006563786763696770696F00626F617264DA
:105CA000666C6167733400626F617264726576005E
:105CB00064657669640073726F6D726576006274F4
:105CC0005F64656661756C745F616E74006D6F6EA4
:105CD00069746F725F74696D655F6F75740062746B
:105CE0006364796E5F64656661756C745F6274632A
:105CF0005F6D6F64650070726F7465637465645F77
:105D000074696D655F6F75740062746364796E5F4A
:105D10006D73775F726F77300062746364796E5F62
:105D20006D73775F726F77310062746364796E5F51
:105D30006D73775F726F77320062746364796E5F40
:105D400064736E735F726F77730062746364796EED
:105D50005F636F65785F74776F5F616E74007478EE
:105D6000635F6475725F7468726573680062746300
:105D700064796E5F6D73775F726F773300627463FF
:105D800064796E5F6D73775F726F777300627463AF
:105D900064796E5F64666C745F64736E735F6C6568
:105DA00076656C0062746364796E5F62747273739B
:105DB000695F6879737465720070726F745F627482
:105DC000727373695F7468726573680063747332A9
:105DD00073656C665F6475725F7468726573680082
:105DE000616C6572745F74696D655F6F7574006274
:105DF000746364796E5F686967685F64736E735F0C
:105E00006C6576656C007266615F636F756E745F5A
:105E10007468726573680062746364796E5F6D693B
:105E2000645F64736E735F6C6576656C0062746347
:105E300064796E5F6C6F775F64736E735F6C6576A9
:105E4000656C0062746364796E5F666C6167730091
:105E500062746364796E5F64736E735F726F7730C0
:105E60000062746364796E5F64736E735F726F77E0
:105E7000310062746364796E5F64736E735F726F16
:105E800077320062746364796E5F64736E735F72FD
:105E90006F77330073636F5F727373695F746872D7
:105EA0006573680063636F646500636300726567B0
:105EB000726576006576656E7471006873323000C5
:105EC000B1968600F196860061848600B1848600D2
:105ED000B1968600F196860061848600B1848600C2
:105EE000B1968600F19686002D85860099868600FB
:105EF00000000000000000000000000000000000A2
:105F00002D858600998686000000000000000000B4
:105F1000B1968600F1968600B1968600F1968600CD
:105F2000B1968600F1968600000000000D060F0075
:105F300000000000040630040000000002064006D5
:105F400072737369636F72726E6F726D00676C61EA
:105F50006369616C74696D65720063616C5F706523
:105F600072696F64006C64706300747373696C6948
:105F70006D75636F640025732E6661622E25640063
:105F800074656D70746872657368002E6661622E48
:105F900000747870777262636B6F6600696E746507
:105FA00072666572656E636500676C697463685FCD
:105FB00062617365645F6372736D696E0032675FFF
:105FC0006367610072737369636F72726174746581
:105FD0006E0070687963616C5F74656D7064656C88
:105FE00074610074656D70735F6879737465726550
:105FF0007369730072737369636F72727065727222
:106000006732670074737369666C6F6F7232670012
:10601000766261745F616464007061706476616C63
:106020006964746573740073776469765F67706917
:106030006F5F31006D63733267706F30007370751E
:1060400072636F6E666967006D63733267706F317C
:106050000063636B64696766696C7474797065006A
:1060600065755F6564746872657368326700726530
:10607000645F7278626C6F636B696E670000010029
:106080006C094B0076011300323016000300417E8C
:106090000006000AD903270025000000910900002E
:1060A0006C090000000005035BE708003F5812126E
:1060B0002F141F1F1F1F20512761000009603F7010
:1060C000020071094B007601130032301600030004
:1060D000417E0006000AD90327002500000091092F
:1060E000000071090000000007030D8208003F58FE
:1060F00012122F141F1F1F1F20512761000009605B
:106100003F70030076094B00760113003230160011
:106110000300417E0006000AD90327002500000085
:10612000910900007609000000000903BF1C080067
:106130003F5812122F141F1F1F1F205127610000EC
:1061400009603F7004007B094B0076011300323078
:1061500016000300417E0006000AD903270025002F
:106160000000910900007B09000000000A0371B7DC
:1061700008003F5812122F141F1F1F1F20512761A4
:10618000000009603F70050080094B007601130094
:10619000323016000300417E0006000AD9032700B2
:1061A00025000000910900008009000000000C0398
:1061B000235208003F5812122F141F1F1F1F215176
:1061C0002761000009603F70060085094B007601D9
:1061D0001300323016000300417E0006000AD90386
:1061E000270025000000910900008509000000003B
:1061F0000D03D5EC08003F5812122F141F1F1F1F4C
:1062000021512761000009603F7007008A094B0097
:1062100076011300323016000300417E0006000AAA
:10622000D903270025000000910900008A09000019
:1062300000000F03878708003F5812122F141F1FFA
:106240001F1F21512761000008603F7008008F095F
:106250004B0076011300323016000300417E000629
:10626000000AD903270025000000910900008F09CA
:10627000000000001103392208003F5812122F14A9
:106280001F1F1F1F21512761000008603F70090078
:1062900094094B0076011300323016000300417E52
:1062A0000006000AD903270025000000910900001C
:1062B0009409000000001203EBBC08003F581212C2
:1062C0002F141F1F1F1F21512761000008603F600E
:1062D0000A0099094B0076011300323016000300C2
:1062E000417E0006000AD90327002500000091091D
:1062F000000099090000000014039D5708003F5852
:1063000012122F141F1F1F1F215127610000086048
:106310003F600B009E094B007601130032301600DF
:106320000300417E0006000AD90327002500000073
:10633000910900009E090000000015034FF20800BB
:106340003F5812122F141F1F1F1F215127610000D9
:1063500007603F600C00A3094B0076011300323048
:1063600016000300417E0006000AD903270025001D
:10637000000091090000A309000000001703018D2F
:1063800008003F5812122F141F1F1F1F2151276191
:10639000000007603F600D00A8094B007601130064
:1063A000323016000300417E0006000AD9032700A0
:1063B0002500000091090000A80900000000190351
:1063C000B32708003F5812122F141F1F1F1F2151FF
:1063D0002861000007603F600E00B4094B007601A1
:1063E0001300323016000300417E0006000AD90374
:1063F00027002500000091090000B40900000000FA
:106400001D035E0108003F5812122F141F1F1F1F8B
:1064100021512861000007603F606D61787032672C
:106420006130000001006C09340004010D002330CC
:106430004F000300417E0006000AD90327001A001E
:106440000000A20900006C0900000000B2082776D5
:1064500008003F5817173C191F1F1F1F3B51196198
:10646000000009603F7002007109340004010D0052
:1064700023304F000300417E0006000AD9032700A5
:106480001A000000A2090000710900000000B7080E
:10649000B11308003F5817173C191F1F1F1F3B510E
:1064A0001961000009603F7003007609340004019F
:1064B0000D0023304F000300417E0006000AD9037F
:1064C00027001A000000A209000076090000000061
:1064D000BB083BB108003F5817173C191F1F1F1F6F
:1064E0003C511961000009603F7004007B093400D1
:1064F00004010D0023304F000300417E0006000A16
:10650000D90327001A000000A20900007B0900003F
:106510000000C008C44E08003F5817173C191F1F41
:106520001F1F3C511961000009603F700500800980
:10653000340004010D0023304F000300417E0006AB
:10654000000AD90327001A000000A20900008009F0
:1065500000000000C4084EEC08003F5817173C1913
:106560001F1F1F1F3C511961000009603F7006008A
:106570008509340004010D0023304F000300417EE3
:106580000006000AD90327001A000000A209000033
:10659000850900000000C908D88908003F5817176E
:1065A0003C191F1F1F1F3C511961000009603F70FB
:1065B00007008A09340004010D0023304F00030056
:1065C000417E0006000AD90327001A000000A20934
:1065D00000008A0900000000CE08622708003F582A
:1065E00017173C191F1F1F1F3C511961000008603D
:1065F0003F7008008F09340004010D0023304F0064
:106600000300417E0006000AD90327001A0000009B
:10661000A20900008F0900000000D208ECC40800A5
:106620003F5817173C191F1F1F1F3C5119610000CD
:1066300008603F7009009409340004010D00233004
:106640004F000300417E0006000AD90327001A000C
:106650000000A2090000940900000000D70876623B
:1066600008003F5817173C191F1F1F1F3C51196185
:10667000000008603F600A009909340004010D0021
:1066800023304F000300417E0006000AD903270093
:106690001A000000A2090000990900000000DC08AF
:1066A000000008003F5817173C191F1F1F1F3C51BF
:1066B0001961000008603F600B009E09340004016E
:1066C0000D0023304F000300417E0006000AD9036D
:1066D00027001A000000A20900009E090000000027
:1066E000E008899D08003F5817173C191F1F1F1FFE
:1066F0003D511961000007603F600C00A3093400A0
:1067000004010D0023304F000300417E0006000A03
:10671000D90327001A000000A2090000A309000005
:106720000000E508133B08003F5817173C191F1FCE
:106730001F1F3D511961000007603F600D00A8094F
:10674000340004010D0023304F000300417E000699
:10675000000AD90327001A000000A2090000A809B6
:1067600000000000E9089DD808003F5817173C19A1
:106770001F1F1F1F3D511961000007603F600E0081
:10678000B409340004010D0023304F000300417EA2
:106790000006000AD90327001A000000A209000021
:1067A000B40900000000F4084EEC08003F58171729
:1067B0003C191F1F1F1F3D511961000007603F60FA
:1067C00070726F70627732303267706F0072636F11
:1067D000725F61636900706D696E00706170646DF5
:1067E0006F64650063616C69647865737474617269
:1067F00067657432670063616C696478657374629D
:106800006173653267007061326761305F6C6F0081
:1068100063636B3267706F0063636B7363616C6596
:106820000074656D705F6D756C7400706170646587
:1068300070736F6666736574006F66646D3267703F
:106840006F00706163616C696478326700737764AC
:1068500069765F73776374726C5F656E006F6664F0
:106860006D64696766696C7474797065626500410E
:1068700076566D6964495163616C0063636B69644A
:10688000787063686F6666730074656D705F6164CD
:10689000640073776469765F6770696F006D637316
:1068A000627732303267706F0070617064656E6459
:1068B0006964780001006C092600C0000A001A30E3
:1068C00080000300417E0006000AD9032700130060
:1068D0000000B00900006C0900000000C70B0000B8
:1068E00008003F5817173C191F1F1F1F50511961EF
:1068F000000009603F70020071092600C0000A0014
:106900001A3080000300417E0006000AD9032700E8
:1069100013000000B0090000710900000000CD0B59
:10692000004008003F5817173C191F1F1F1F5151E7
:106930001961000009603F70030076092600C0005D
:106940000A001A3080000300417E0006000AD903C5
:10695000270013000000B0090000760900000000C5
:10696000D30B008008003F5817173C191F1F1F1F2B
:1069700051511961000009603F7004007B09260035
:10698000C0000A001A3080000300417E0006000AA1
:10699000D903270013000000B00900007B090000A4
:1069A0000000D90B00C008003F5817173C191F1FE3
:1069B0001F1F51511961000009603F7005008009D7
:1069C0002600C0000A001A3080000300417E000645
:1069D000000AD903270013000000B0090000800955
:1069E00000000000E00B000008003F5817173C199A
:1069F0001F1F1F1F51511961000009603F700600E1
:106A000085092600C0000A001A3080000300417E7C
:106A10000006000AD903270013000000B009000097
:106A2000850900000000E60B004008003F581717DA
:106A30003C191F1F1F1F51511961000009603F7051
:106A400007008A092600C0000A001A3080000300EF
:106A5000417E0006000AD903270013000000B00998
:106A600000008A0900000000EC0B008008003F587D
:106A700017173C191F1F1F1F515119610000086093
:106A80003F7008008F092600C0000A001A308000FD
:106A90000300417E0006000AD9032700130000000E
:106AA000B00900008F0900000000F20B00C00800D0
:106AB0003F5817173C191F1F1F1F52511961000023
:106AC00008603F70090094092600C0000A001A30CF
:106AD00080000300417E0006000AD903270013004E
:106AE0000000B0090000940900000000F90B00004C
:106AF00008003F5817173C191F1F1F1F52511961DB
:106B0000000008603F600A0099092600C0000A00E2
:106B10001A3080000300417E0006000AD9032700D6
:106B200013000000B0090000990900000000FF0BED
:106B3000004008003F5817173C191F1F1F1F5251D4
:106B40001961000008603F600B009E092600C0002C
:106B50000A001A3080000300417E0006000AD903B3
:106B6000270013000000B00900009E09000000008B
:106B7000050C008008003F5817173C191F1F1F1FE6
:106B800052511961000007603F600C00A309260004
:106B9000C0000A001A3080000300417E0006000A8F
:106BA000D903270013000000B0090000A30900006A
:106BB00000000B0C00C008003F5817173C191F1F9E
:106BC0001F1F52511961000007603F600D00A809A6
:106BD0002600C0000A001A3080000300417E000633
:106BE000000AD903270013000000B0090000A8091B
:106BF00000000000120C000008003F5817173C1955
:106C00001F1F1F1F52511961000007603F600E00D7
:106C1000B4092600C0000A001A3080000300417E3B
:106C20000006000AD903270013000000B009000085
:106C3000B40900000000210C000008003F5817179D
:106C40003C191F1F1F1F53511961000007603F604F
:106C50006974737369636F72720073776469765FC6
:106C6000656E0065646F66667468643230756C00CA
:106C7000696E6974786964787063680064737366B8
:106C80007468007473736974696D650063636B6223
:106C90007732303267706F007061706474656D7048
:106CA000007061326761305F3270777200696E69BF
:106CB00074786964780063636B7077726F6666736B
:106CC000657430004176566D69645F6330007465A9
:106CD0006D705F7100766261745F6D756C740063D6
:106CE000636B696E6974786964780073726F6D7232
:106CF0006576006F66646D64696766696C74747943
:106D00007065007061706474656D706269617300B4
:106D10006C636E32305F6E6F69736563616C5F7454
:106D2000626C5F656E0065646F6E74686432306CAF
:106D3000006C65676F66646D627732303267706FC2
:106D4000007061326761300074787077726F6666C8
:106D5000736574326700706D617800766261745F8C
:106D6000710006073F038A00000006073F03840006
:106D7000000006073F038000000006073F037B007A
:106D8000000006073F037700000006073F0372007C
:106D9000000006073F036E00000006073F036A007D
:106DA000000006073F036700000006073F0363007B
:106DB000000006073F036100000006073F035C0078
:106DC000000006073F035A00000006073F03570074
:106DD000000006073F035400000006073F03510070
:106DE000000006073F034F00000006073F034D0069
:106DF000000006073F034B00000006073F03480062
:106E0000000006073F034600000006073F0344005A
:106E1000000006073F034200000006073F03400052
:106E2000000006073F033F00000006073F033D0048
:106E3000000006073F033B00000006073F033A003F
:106E4000000006073F033800000006073F03360036
:106E5000000006073F033500000006073F0334002B
:106E6000000006073F033200000006073F03310021
:106E7000000006073F033000000006073E032F0016
:106E8000000006073C032F00000006073B032F000D
:106E9000000006073B032D00000006073A032D0003
:106EA000000006073A032C00000006073A032B00F7
:106EB000000006073A0329000000060739032900ED
:106EC00000000607380328000000060738032700E3
:106ED00000000607380326000000060738032500D7
:106EE00000000607380324000000060737032400CB
:106EF00000000607370323000000060737032200BF
:106F000000000607370321000000060735032100B3
:106F100000000607350320000000060734032000A8
:106F20000000060734031F000000060732031F009D
:106F30000000060733031E000000060733031D0090
:106F40000000060731031D000000060732031C0085
:106F50000000060730031C00000006072F031C007A
:106F6000000006072D031C00000006072B031C0071
:106F7000000006072A031C000000060729031C0066
:106F80000000060728031C000000060728031B005A
:106F90000000060727031B000000060727031A004E
:106FA0000000060726031A000000060724031A0043
:106FB0000000060723031A000000060722031A0038
:106FC0000000060721031A0000000607210319002C
:106FD0000000060720031900000006071F03190020
:106FE000000006071E031900000006071E03190013
:106FF000000006071E031900000006071E03190003
:10700000000006071E031900000006071E031900F2
:10701000000006071E031900000006071E031900E2
:10702000000006071E031900000006071E031900D2
:10703000000006071E031900000006071E031900C2
:10704000000006071E031900000006071E031900B2
:10705000000006071E031900000006071E031900A2
:10706000000006071E031900000006071E03190092
:10707000000006071E031900000006071E03190082
:10708000000006071E031900000006071E03190072
:10709000000006071E031900000006071E03190062
:1070A000000006071E031900000006071E03190052
:1070B000000006071E031900000006071E03190042
:1070C000000006071E031900000006071E03190032
:1070D000000006071E031900000006071E03190022
:1070E000000006071E031900000006071E03190012
:1070F000000006071E031900000006071E03190002
:10710000000006071E031900000006071E031900F1
:10711000000006071E031900000006071E031900E1
:10712000000006071E031900000006071E031900D1
:10713000000006071E031900000006071E031900C1
:10714000000006071E031900000006071E031900B1
:10715000000006071E031900000006071E031900A1
:107160000000060F3FFF62000000060F3FFF5E00B9
:107170000000060F3FFF59000000060F3FFF5500BB
:107180000000060F3FFF51000000060F3FFF4D00BB
:107190000000060F3FFF4A000000060F3FFF4700B8
:1071A0000000060F3FFF44000000060F3FFF4100B4
:1071B0000000060F3FFF3E000000060F3FFF3C00AF
:1071C0000000060F3FFF3A000000060F3FFF3700A8
:1071D0000000060F3FFF35000000060F3FFF3300A1
:1071E0000000060F3FFF32000000060F3FFF300097
:1071F0000000060F3FFF2E000000060F3DFF2E008F
:107200000000060F39FF2F000000060F3AFF2D0087
:107210000000060F39FF2C000000060F37FF2C007E
:107220000000060F36FF2B000000060F36FF2A0075
:107230000000060F35FF29000000060F35FF28006B
:107240000000060F33FF28000000060F31FF280062
:107250000000060F30FF27000000060F2FFF270059
:107260000000060F2DFF27000000060F2EFF25004F
:107270000000060F2CFF25000000060F2BFF250045
:107280000000060F29FF25000000060F28FF24003C
:107290000000060F26FF25000000060F24FF260031
:1072A0000000060F22FF26000000060F21FF260027
:1072B0000000060F21FF25000000060F22FF23001B
:1072C0000000060F20FF23000000060F1FFF230011
:1072D0000000060F1FFF22000000060F1FFF210005
:1072E0000000060F1CFF22000000060F1CFF2100FB
:1072F0000000060F1CFF20000000060F1CFF1F00EF
:107300000000060F1CFF1E000000060F1AFF1F00E2
:107310000000060F1AFF1E000000060F19FF1E00D6
:107320000000060F19FF1D000000060F18FF1D00CA
:107330000000060F18FF1C000000060F16FF1D00BE
:107340000000060F16FF1C000000060F17FF1B00B1
:107350000000060F17FF1A000000060F17FF1900A4
:107360000000060F16FF19000000060F15FF190098
:107370000000060F14FF19000000060F16FF17008B
:107380000000060F15FF17000000060F17FF15007D
:107390000000060F16FF15000000060F15FF150070
:1073A0000000060F14FF15000000060F15FF140063
:1073B0000000060F14FF14000000060F14FF130056
:1073C0000000060F15FF12000000060F12FF130049
:1073D0000000060F13FF12000000060F12FF12003C
:1073E0000000060F11FF12000000060F10FF120030
:1073F0000000060F0DFF14000000060F0FFF120023
:107400000000060F0EFF12000000060F0CFF130015
:107410000000060F0DFF12000000060F0CFF120007
:107420000000060F0BFF13000000060F0CFF1100F9
:107430000000060F08FF14000000060F09FF1300EC
:107440000000060F08FF13000000060F0AFF1100DE
:107450000000060F08FF12000000060F07FF1300D0
:107460000000060F08FF11000000060F07FF1200C2
:107470000000060F07FF11000000060F05FF1300B4
:107480000000060F08FF0F000000060F09FF0E00A6
:107490000000060F08FF0E000000060F07FF0F0098
:1074A0000000060F04FF11000000060F05FF10008A
:1074B0000000060F03FF12000000060F04FF10007B
:1074C0000000060F01FF14000000060F02FF12006B
:1074D0000000060F01FF13000000060F02FF11005D
:1074E0000000060F01FF12000000060F02FF10004F
:1074F0000000060F01FF11000000060F01FF100041
:107500000000060F01FF10000000060F01FF100031
:107510000000060F01FF10000000060F01FF100021
:107520000000060F01FF10000000060F01FF100011
:107530000000060F01FF10000000060F01FF100001
:107540000000060F01FF10000000060F01FF1000F1
:107550000000060F01FF10000000060F01FF1000E1
:1075600000007261746573656C0073746600636318
:107570006B5F6F6E65636F72655F74780074656DC5
:1075800070735F706572696F6400747863686169B5
:107590006E007278636861696E0073776469765F04
:1075A000736E727468726573680073776469765F6E
:1075B00074785F7765696768740073776469765F6C
:1075C000736E726C696D0073776469765F7377634D
:1075D00074726C5F6D61736B0073776469765F635F
:1075E000636B736E72636F72720073776469765F38
:1075F00073776374726C5F616E7430007377646963
:10760000765F73776374726C5F616E743100737749
:107610006469765F77656967687400737764697613
:107620005F736574746C650073776469765F656E0B
:107630000073776469765F72785F706F6C696379E5
:107640000073776469765F63656C6C5F706F6C69FB
:1076500063790073776469765F73776374726C5FC4
:10766000656E0073776469765F746872657368002D
:1076700073776469765F6770696F5F3100737764F1
:1076800069765F63636B6E6F6973656573746C694C
:107690006D0073776469765F6C6F6732617667003F
:1076A00073776469765F6770696F00737764697672
:1076B0005F74785F706F6C69637900737764697663
:1076C0005F74696D656F757400616E746469765F6F
:1076D000727373696469666674687265736800774B
:1076E0006F776C5F6770696F00776F776C5F67703B
:1076F000696F706F6C00000073B543691646002215
:107700002F2B04460D46019208DD332B06D013467D
:107710000121E2F3D9F183059B0D07E0002120460A
:107720000A46E2F331F2064B03401B0C1B022046D3
:10773000336001A92A4600F005F801987CBD00BF1E
:107740000000FF03F8B504460E461546E5F380F544
:1077500040F61201002207462046E6F31BF32046BE
:10776000E5F37EF520463946E6F322F3024B33601B
:107770004FF4C8632B60F8BD4C6403000B46C06F28
:1077800011461A46FFF7B8BF10B501210446C06F75
:10779000E2F35CF2E06FE6F337F3002010BD37B59B
:1077A0000024694601AA054600940194FFF7E6FF0C
:1077B0009DE806000346284624F052DC20463EBDE4
:1077C00038B50446C06FE2F3D3F148B12046FFF765
:1077D000E6FF054638B92046FFF7D6FF284638BDF4
:1077E0004FF0FF3038BD002038BD2DE9FF4107467E
:1077F0004FF4B6700E4615469846E0F36BF4044617
:10780000002832D000214FF4B672DBF34DF40A9B0E
:107810003846009304F18003019304F1840302933A
:1078200031462A464346F2F7F1FBE067C0B1012337
:10783000637440F612010022E6F3ACF20C21002240
:10784000C4F88800E06FE5F3F7F42046F5F722FF6F
:107850002046FFF7B5FFE06FF2F780F9002500E062
:107860000B252046E0F348F400E01E25284604B02E
:10787000BDE8F081CDAB000001BC600300104E03F9
:10788000BFDE02F00E5C0280C12700000403BFDEF1
:1078900002F0105903A85E02F0001203A65E02F087
:1078A000001202825E5300001202855EAF000012D9
:1078B000020200BF00000F03A85E02F00012028265
:1078C000DEBB0000120282DEB300001202845EB74B
:1078D00000001202845EB3000012028600C700009E
:1078E00012028480C300001201BC63FF1FF040003D
:1078F000008000000000035B5E02F0001401BC6029
:107900001300104300015E02F0000000025E02F06E
:10791000182C020200BF0000B402045EFF00001B2E
:10792000006B446556801B01846002F7F7BF01BC01
:107930006003000AA600025E02F012370202DEFFB8
:10794000000020006B44655520200182E002F7F71B
:10795000BF03BFDE02F006C30201AC7B00002500BE
:10796000E844656177A101BC607F0817A2006D5EE5
:1079700086F4402500A82C7B010B1E00682B4F00CD
:10798000002A0280DEFF0000B4006B44655A60B438
:107990000184E006F577AB00025E02F0159B02045D
:1079A00080C700002C028180C700002E0180600289
:1079B000F7F7BF01BC6003000ADA00902BE300D7A1
:1079C000A200E02BDEF457A3006D446AF46032009D
:1079D000B02BD7000AF001876002F7F7BF00682BD1
:1079E000BF00003A00E944655DF7A300E8C4695EA2
:1079F00077A20068DE8B00003A006DDE8D5E003AF3
:107A00000286ABD300003A01876006F7F7BF020792
:107A1000DEFF00003F00E844655A37A2006D5E8932
:107A20005A003F0187E002F7F7BF01BC6003000A7C
:107A3000D100682C6F00004501BC61F70017A10060
:107A4000E844656377A2006D5E8AF4204501BC605E
:107A500003000B1B00A82C7B002B1E00682AE700EC
:107A6000005100E844655737A1006DDE8556404C53
:107A700000682B2300005100E844655917A1006DF0
:107A8000DE8556404E03BFDE02F0005101BC6003AC
:107A9000000ABA01BC6003000AB901BC6003000A15
:107AA000C801BC6003000AC000A82C7B004B1E026A
:107AB00002DEB30000540200420300005400025EE4
:107AC00002F00D2F0203C57300005702845EB3005D
:107AD00000B40068AAEF0000B40284DEB7000059C9
:107AE000020180C700007900B02AAB0017A2028013
:107AF0002BD300006000B02B030017A1006DDE85C2
:107B00005BE0AB00685E8700006000682BE7000068
:107B10006000B02BE70017A200682AEB00006600A7
:107B2000E844655757A101856006F5D7AE006DDEC4
:107B300086F440AB00E05E8554F7A1006DDE86F46C
:107B400040AB01856002F5D7AE0202DEBB000079D2
:107B500000682A9B00007900E8446555D7A100E041
:107B60002A9B0157A2006EDE86F440720182E00279
:107B7000F5D7AE0181600163CB1E01BC6003000A32
:107B8000EA01BC6003000AA601BC6003000AE50329
:107B9000BFDE02F00079006EAA9AF4207800E82A8D
:107BA0009AF437A100902A9B0037A2006E2A9EF417
:107BB000407700B02A9F0017A20069DE86F4407962
:107BC00003BFDE02F000AB0284DEB700009E028835
:107BD00081AB00009C02045EB70000B4020480C7C1
:107BE00000008500682AF700208500682AF70080D9
:107BF0008500682ADF00008400682AF702E082001E
:107C000068AAF708608400E844655637A1006D5EF5
:107C10008556E0B402005EFF00009C028080BF0039
:107C2000009C00682B2300008B02802BD300008B6C
:107C300000B02B2B0017BB006E2B02F760B403BF04
:107C4000DE02F0009C0205DEB700008E00682AF715
:107C50000860B403BFDE02F0009C028400C700008D
:107C600090028600C700009200682AEB00009C0288
:107C7000812C2700009C00E844655637A10206AB22
:107C8000D300009600E845C95AF7A203BFDE02F010
:107C9000009700E845895AF7A20286ABD300009A04
:107CA00000E85E86F457A10069DE8557009C006CF1
:107CB000C4655660B402855EB70000B400025E027F
:107CC000F015BE03BFDE02F000B40285ABD30000A6
:107CD000A50206ABD30000A301BC63FF1FF7A10000
:107CE0006845C6F4209C03BFDE02F000A501BC631A
:107CF000FF1FF7A100684586F4209C0203C57300AE
:107D000000AB02855EB70000AB020100C70000B403
:107D1000006B44655680B40020E3FE1460B4028218
:107D2000DEBB0000B402022C270000AE0282DEBBE4
:107D30000000AE03BFDE02F0009C028881AB0000B1
:107D4000B40282DEB30000B4028080BF0000B4023F
:107D500084DEAF0000B402825EBB0000B400025EAD
:107D600002F015EE018060020D906C03595E02F086
:107D700000B603D85E02F000B703D8DE02F000B808
:107D800001BC618300112900B0007B00112B01BCF4
:107D9000630300112303125E02F00CB003975E022E
:107DA000F00D4303D05E02F0039403D0DE02F00630
:107DB0003D03D5DE02F00C6203915E02F0069803EB
:107DC00096DE02F00C5D0288C17300012303C45EDD
:107DD00002F0081003C75E02F0083403DCDE02F094
:107DE000163503AA5E02F008A40386DE02F00CA199
:107DF0000287C037000CA103835E02F00A5002061E
:107E000080C70000D00202B0E70000D0006C30EE66
:107E10002320D00182E001872C3901BC607F1FF74D
:107E2000A201E05E8A1070830391DE02F007200257
:107E30000680C7000107020601AB0000E302003024
:107E4000E70000E30068DE4B0620E3020042030087
:107E500000E3028445230000E30280B0E70000E372
:107E6000006E45170020E301BC600300108000A8ED
:107E7000412300F04803D0DE02F000DC03D05E02B4
:107E8000F000DD03D5DE02F000DE00E001DF0020BF
:107E9000770180E005872C3901BC6003000C3A00B3
:107EA000025E02F0180700025E02F0181B020E01CB
:107EB000AB0000F0028445230000F0020130E7002F
:107EC00000F000E001E300207801816001872C3997
:107ED0000180E001872C39010C81430017A600685E
:107EE000DE9B0060ED01BC6003004C3A03BFDE0284
:107EF000F000EF0068DE9B0040EF01BC6003002C47
:107F00003A00025E02F01807020681AB0001070288
:107F10000230E70000FB028042030000FB028445C0
:107F2000230000FB03915E02F0069800E001EB00E5
:107F3000207A0180E005872C3901826001872C3985
:107F400001BC6003000C3A00025E02F01807000258
:107F50005E02F0181B0201B0E70000FE006C30F278
:107F60002320FE0181E001872C39020330E7000164
:107F700007006C30F623210701836001872C39024A
:107F800000420300010700685E4B04410500685E83
:107F90004B00410503BFDE02F001070182600609C4
:107FA000104801BC600300114503C2DE02F00D0A57
:107FB00000025E02F0123603D4DE02F007B903A31A
:107FC000DE02F0000203C85E02F005FB0204DEB32D
:107FD000000110020145230001100184E002F59721
:107FE000AC00025E02F006370201C5230001120157
:107FF00087E002F577AB00025E02F00EAF00025E92
:1080000002F0117702182E2700011600025E02F01E
:10801000118A03A25E02F0012003565E02F0011DE8
:1080200001866006091048031F5E02F0011D006A08
:108030005E2300011C00B0002700178800E85E23C3
:1080400000378803A65E02F0018E00025E02F01186
:10805000F80028600E08E1B403C4DE02F00D7A00D7
:1080600020C2030021BC03BFDE02F0020D03815ECB
:1080700002F001250300DE02F000C30188E0020BDC
:10808000905C03BFDE02F00391028740630001278A
:10809000018EE00EF43018028740630001290002CF
:1080A000DE02F000000287406300012B00B05E8B0F
:1080B000001019018EE00AF430180002DE02F00010
:1080C0000001BC606300107B01BC601B00107A01E2
:1080D000AC607EF47075028741D70001320002DE89
:1080E00002F0000001BC606300107B01BC601B005B
:1080F000107A01AC60BEF47075028741D700013779
:108100000002DE02F0000001BC606300107B00B0E2
:108110005E8B00107A01AC607EF43075028741D727
:1081200000013C0002DE02F0000001BC60630010B0
:108130007B00B05E8B00107A01AC60BEF43075023B
:108140008741D70001410002DE02F0000001BC605F
:10815000030280060280DE0700014D01DA6002F0B2
:10816000178002085E0700016101BC60031E17A1B1
:1081700000E05E02F4306501BC60031C17A100E062
:108180005E02F4306401BC600300281103BFDE020C
:10819000F0016701105E030017A101035E030017E1
:1081A000A200E05E86F457A100885E870037A20037
:1081B000E05E86F457A100E0015AF43063028600C5
:1081C000C300015800B0560B00106200B054030009
:1081D000106201BC600300281103BFDE02F00169D8
:1081E00000B0418F0010620109DE030017A1006892
:1081F000DE8700415C00E05E870037A100885E8773
:108200000057A100E05E8504B7A100E05E8703C0CF
:108210000601BC600300481103BFDE02F0016901E2
:10822000BC60070217A100E05E02F4306501BC608B
:10823000070017A100E05E02F4306401BC6003187F
:10824000000601BC600300081100B05A0300106270
:1082500000B058030010630002DE02F0000001BC11
:10826000600306379201BC63FF1FF0C301BC6003CB
:108270001890E301BC60FB1C10E501BC60030050DA
:108280001000B0404300180000B040470010E70065
:1082900002DE02F0000000E840330097A100B04089
:1082A0000B0017A3006D5E86F4617700905E8F006F
:1082B00037A303BFDE02F0017800905E870037A38A
:1082C00001BC601B0437A100E05E8EF437A301F00F
:1082D00041970017A1006DDE86F4618C0287C1977B
:1082E00000018001385A030017A1013C5A0300170E
:1082F000A203BFDE02F00182013C5A030017A10174
:10830000385A070017A200685E86F4818700D85E9D
:108310008B0037A200E14196F4506500E1C197005F
:10832000306503BFDE02F0017A00D85E8B0037A211
:1083300000E14196F457A100E1DE870037A101F08A
:108340005E870017A1006EDE86F4618D01BC63FFBD
:108350001FF7A40002DE02F00000020681AB00015C
:108360009001826001872C390020E38E090002030E
:108370001EDE02F00196039F5E02F0019601BC60D2
:10838000430117A100A84122F4304803BFDE02F0E8
:1083900000020208411F00019301816005610B0882
:1083A00000025E02F00D2F00B000AB00108600B09E
:1083B000016300108A00025E02F0107301BC6003CA
:1083C00004179200B0003B00111D019060060910D7
:1083D0004803A1DE02F001AE0181E0060910480168
:1083E000BC600300904201BC600300112D039EDEBF
:1083F00002F001B101846002F2979400B0451700C9
:10840000178F00B05E170017900200441F0001AAEA
:10841000018560020910480181600700104701F0E2
:10842000DE0F0037A1020400BF0001AD01F084C7D8
:108430000037A100A044B6F43145039EDE02F001EE
:10844000B101BC613712B08003BFDE02F000020050
:10845000A044B42A314501BC612712708003BFDEFD
:1084600002F000020020E082090002010CDE53004D
:1084700017A101885E8700104701BC6003005042CD
:108480000108411F0017A1018CDE86F2979403BFFB
:10849000DE02F000020002DE02F000000020E07EBA
:1084A00009000200025E02F012020283C21F0000F5
:1084B00002020280F30001C600B044670017A10168
:1084C0007C5E862357A302835EFF0001C500E000A7
:1084D000FAF4682901836006F7F7BF006BDE8D05AB
:1084E00021CA0206D0030001CE00E950862337A13D
:1084F00000E8D08A2357A20069DE8B0001CE00027B
:108500005E02F00D2F0191601684F42700E020A791
:1085100000882903BFDE02F0036E00025E02F00352
:1085200071020400BF0001D603945E02F000020055
:1085300020C28F06000200A0428F01F78000685E13
:10854000002DC00200025E02F00D2F03BFDE02F01C
:1085500000120201C28F000002011400630017A183
:1085600000685E8700600200025E02F00D2F019439
:10857000600F00001800025E02F001DD03BFDE02A2
:10858000F00012011400630017A100B05E87001014
:10859000A501BC60131B906000685E870001E400C9
:1085A000E0418306D06000E85E870037A103BFDEAC
:1085B00002F001E0028050C30001F2018760040371
:1085C00010A000B000630010B400B042D300180047
:1085D000008841830030B601BC60030B10B500B0C9
:1085E000006300B0B40317DE02F001EB0397DE0274
:1085F000F001EC018060068614300068D0D30001E1
:10860000F20068D0D70001F200B0446700143400D3
:10861000B0446B0014350002DE02F000000020E0E0
:108620001280420C018760040310A000B0006300B8
:1086300010B401BC60030E10B500B0006300F0B4CC
:1086400001BC60570310B600B000630010B401BC59
:10865000600302D0B50207500B00020901BC6003A1
:1086600003D0B5018E6002F297940204500B000211
:10867000020204D00B00020201866006F297940009
:10868000E042D700D0B500A0500B1117A10068DE62
:10869000871102080186E006F2979400E042D700B5
:1086A00050B50207D00B00020800E042D70090B599
:1086B00000B042D70011E100B0006300B0B403176E
:1086C000DE02F0020A0397DE02F0020B0002DE0275
:1086D000F00000006820C3000210006CC4650600B2
:1086E0001201BC6003000830006820BB00021600C5
:1086F000B044670017A2006C446988A215006B445F
:108700006988A012006EDE8905E01201BC600300DA
:10871000082E0020E0BE090002020681AB00021A0A
:108720000281B0E70000020280B0E700000203907F
:108730005E02F0001203A25E02F0022C00025E0252
:10874000F01163020200BF00022B0284DEAF0002C0
:108750002302045EB700022B00025E02F0156902DC
:10876000045EB700022B03BFDE02F0000202045ECB
:10877000B7000226020480C700022B02805EFF00C1
:10878000022B00025E02F0150D0206ABD300022A96
:1087900002052C2300022A03BFDE02F0022B03BFD6
:1087A000DE02F0000200025E02F012020200421F2E
:1087B000000243006842F300022F006D42F30062A2
:1087C00043011400630017A100B05E870017A203E5
:1087D000A25E02F0023703145E02F00245006EC48E
:1087E0005680624502814523000245006E5E870087
:1087F000624301BC60030077A200886006F457A3BF
:1088000000885E8B01001800E85E8B0037A2002014
:10881000C28EF4623D006ADE86F4423703BFDE0298
:10882000F00243020400BF00026F009000630101E8
:1088300065008085970217A100E064820DA16600A3
:10884000025E02F011DF03BFDE02F0026F01826000
:108850000209104803BFDE02F0000201BC60030001
:10886000111500B0017F0017A6031F5E02F002542D
:10887000020300C300024A0020C28F02024E0325F9
:108880005E02F002540020C28F02024E0068815343
:10889000FFE01203BFDE02F00250019460130000FB
:1088A0001803BFDE02F0026F039EDE02F0025300E7
:1088B00068DE980BC2530201411F000F250185603D
:1088C0000209104800685E980BC25800695E9F005C
:1088D00062720298428F00025803BFDE02F00272F9
:1088E0000201411F000F25020400BF00025F0218B1
:1088F000428F000F2500025E02F011C100025E02ED
:10890000F011DF0194058700001803BFDE02F002BA
:108910006F0200150B000268020016BB00026B001C
:10892000B014970017A10068DE84B2226800B0146A
:108930009B0017A10068DE84B2426800B0149F005B
:1089400017A10068DE84B26268029E14E700026B21
:108950000201C28F00026D0194600F00001803BF76
:10896000DE02F0026F0201C28F00026D018060061C
:108970000D906C0200C28F000F250194600700006B
:108980001800025E02F001DD020400BF0002A10334
:10899000BFDE02F002A101BC600318106001295083
:1089A0000B00179200B0017B001065006800EB001F
:1089B000027A00885A130117A100E84466F437A12F
:1089C000006EDE8407427A03BFDE02F007B2019038
:1089D00060120910480194601F00001801085A0F26
:1089E00000178101885E0681540A01345A0F00176E
:1089F0008000025E02F0014300B0017B00106500C0
:108A0000B056230017A100E05E86A097A100E85EA3
:108A10008400F40300E85E8400F41600B05A0300FA
:108A2000141300B05A0700141400B05A0B001415A8
:108A30000068DE0700429200E800970057A101BCE1
:108A40005E86F0141B017C5E8700F41C00B020479A
:108A500000178100025E02F0108400B0017B00105C
:108A60006501085A0F00178100B05E8700141E03CD
:108A7000BFDE02F0029500B0561700141B00B0567E
:108A80001B00141C00B0541300141E00B05013003F
:108A90001086006D00A700829B0190016300108A80
:108AA00000B0418F00106200025E02F0160200B0BA
:108AB000422B00140601BC60031817A1006DC18C85
:108AC00020029E01BC60030297A100E05E84037750
:108AD000A100E05E86B0111D03BFDE02F003370285
:108AE0000300C70002B1020CD0030002B101140060
:108AF000630017A1028500630002B10080DE8701D8
:108B0000F7A201BC601B1857A200E05E8A0DB06599
:108B100000B041970014320080DE8700B7A201BC8C
:108B2000601B15D7A200E05E8A0DB06400B04193CF
:108B30000014330068D8130002BF02005A1B000261
:108B4000B30180600684F42703BFDE02F006C3028F
:108B500001D0030002B300B0509B00142F0281D05B
:108B6000C700036B00025E02F00371010BD003002B
:108B700017A1013C502B0017A2018C5E86F457A16F
:108B8000014801430017A2010C81430017A30068AC
:108B90005E8F0022BC018CE0000A17A200685E868E
:108BA000F442BF0191601284F42703BFDE02F00398
:108BB0006E00025E02F001F300B050130010860058
:108BC000B0501700108A03A25E02F0030B020CD013
:108BD000030002DE020300C70002DD00B050CB003C
:108BE000106500025E02F01698020350C70002CB27
:108BF00001BC60230097A100A85002F4340003BF19
:108C0000DE02F002E2020481AB0002CD006D4246BA
:108C1000C0801200B05A1300178000025E02F001FB
:108C20004D00B0540F00141E00B05A070017A100E9
:108C3000B05A1300178001875A16F0178000B04110
:108C40008F00106500025E02F0160B00E05E86A049
:108C5000740302875E030002DC0109DE030017A330
:108C600000E05E8B0077A200E05E8AF477A20088C5
:108C70005E8B0037A100E05E86F4508903BFDE0200
:108C8000F002E2006D424A8480120106500700178C
:108C9000A1028CD0030002E100685E870002E201BD
:108CA00082DE86863431018260028634310020D033
:108CB000030402E800B0504F0011F200B05053001E
:108CC00011F300B050570011F401BC60030091F0A3
:108CD000020601AB00030402015003000304020674
:108CE00001AB00030403A25E02F00304028030E73C
:108CF00000030401806005872C3900E001E70020B3
:108D00007901BC60430890E600025E02F0016A014E
:108D1000BC60031910E401BC600300000601BC60E4
:108D20000301D78201D2DE0877F0E000B00F030024
:108D300010E100B0004700108600B00F1F00108A3D
:108D400001BC600300378100025E02F0107000B0C9
:108D5000059B00106400E8581A28F14500B0058B07
:108D6000001064006A4516C082FF00025E02F01027
:108D700095006E451700430101BC60030051450199
:108D8000BC60030010BB01BC610303B08003BFDE05
:108D900002F0001203945E02F0030B02065003007F
:108DA00003070287DEAF00030B028150030005DCDE
:108DB0000202D0C700030A0208502B00030B0285F1
:108DC000D0030005F3019060128634310110500782
:108DD0000017A60068DE9B004317013A50070017F2
:108DE0008000885E0300778000E000AEF010640031
:108DF000B05E0700081301BC602306D78100E04184
:108E00008301706300E0418F00B06500025E02F0F4
:108E100010AB00B0204F00178103A25E02F00323C5
:108E200000B0500F0011160202D0C700031B00B0A3
:108E3000505B0011160282D003000323028147C356
:108E400000031C0280504F000321002047C73F83CE
:108E5000230020C7DB00C36D03BFDE02F003230342
:108E6000A55E02F003230280C7DF00036D02885075
:108E7000C700033F0129500B001792020300C700EF
:108E80000330020CD003000330028350C7000330CC
:108E900000B050CB00106501385A130017800182D2
:108EA0005A17005781010E5A130017A1018E5E86D2
:108EB000F037810202D0C700033F00B0501B001002
:108EC0008A03BFDE02F0033F0282D0C700033701EE
:108ED00038502700178001085013001781010250F5
:108EE000130017A101825E86F0378100B0507F0029
:108EF000108903BFDE02F0033F0138506F00178076
:108F00000108502B0017810106D0070017A101822C
:108F10005E86F0378100B0501B00108A00B050838D
:108F2000001089010E50730017A1018E5E86F03784
:108F30008100025E02F0014300025E02F010700147
:108F400002421B00178101825E0502378100025E2A
:108F500002F01084020680C700034B010C8143001D
:108F600017A60068DE9B00634900885E870057A152
:108F700003BFDE02F0034B0068DE9B00434B00881A
:108F80005E870037A100E05E840117A101D9DE876A
:108F900000108301BC613703B79100685E4B028308
:108FA0007F020400BF0003520287500300035203F4
:108FB000945E02F0035303225E02F0036002068116
:108FC000AB00035E00685E4B04435700685E4B00D5
:108FD000435703BFDE02F0035E00E001EF00207B99
:108FE00001BC600302914501836005872C3900E0D4
:108FF00044670A0C3D018C600E1770BB01BC610315
:1090000002308003BFDE02F0000201BC61030030C9
:109010008003BFDE02F0000201BC613303B791029E
:10902000850063000366009000630097A100E06480
:1090300082F43065006E5A130023660188E006F260
:109040003791020601AB00036A0068DE4B05A36A94
:1090500001BC610300308003BFDE02F0000203BFE9
:10906000DE02F0037F0191600E84F42703BFDE026D
:10907000F0036E0191600684F42701BC60030010C8
:10908000B40181E00686343103BFDE02F006C3017D
:109090001C508F0017A10080DE870197A200E0011D
:1090A0005E0DB06502805A7F00037E02815A7F0008
:1090B000037A0203DA7F00037E00685A8700037E8A
:1090C00000886006F437A100201CBAF4237E000259
:1090D0005E02F00D2F0191601E84F42700015E02F4
:1090E000F0000003BFDE02F0036E0002DE02F000BB
:1090F0000003C4DE02F00D7A02065003000387026B
:1091000007DEAF00038701BC6103003791020750FF
:109110000300038501BC620300F79100E0010B002E
:10912000204203BFDE02F0038801BC60030020423E
:1091300000B05E47001080020400BF00039000B042
:10914000058B001064006E45170000020068DE4BBE
:1091500002838F00A044B42A314503BFDE02F00031
:109160000200025E02F010950068C51700000203BD
:10917000D05E02F0039400025E02F0109503BFDEA1
:1091800002F00002020601AB0003970068DE4B0507
:10919000A39701806001872C39020E01AB00039A6E
:1091A0000200B0E700039A01816005872C3900E1D5
:1091B0000DB228E36C00E08DB700036D01836002FF
:1091C000F7F7BF01BC600300900400A841233010F2
:1091D0004801BC620F0011E001816002F5D7AE02C8
:1091E0000200BF0003B80068DE4B0203A400025E69
:1091F00002F017BA0068DE4B0623B802045EB30023
:1092000003B80206ABD30003A90204C5AF0003B83C
:1092100003BFDE02F003AA0200456F0003B800E8B6
:1092200044655637A100E82A96F437A100695E87A5
:109230000823B80206ABD30003B2006BAC42232371
:10924000B100E04467014B100183E0022B915C0305
:10925000BFDE02F003B80183E0022B915C01BC6029
:109260000318517800B045E3001800018360022F15
:10927000317900A84138F9D7A100B05E84FE704E64
:109280000187E002F577AB0068810B0023BB00B0DB
:1092900044670000430182E00609104800A841B37A
:1092A00010906C018260062891440188E0020B90C6
:1092B0005C00025E02F012360185E002F7F7BF02A1
:1092C00088421B0003C30185E006F7F7BF035B5E1E
:1092D00002F003C501BC601300104301BC60030031
:1092E000108501BC60030010B8008850770090B969
:1092F0000208502B0003CC013850730017A1017CE9
:10930000506EF437A100885E870090B9020047A331
:109310000003D001BC60030011EA009042E7009115
:10932000EB00B047A300D1E8020047B30003D2012D
:10933000B0E08E3D91EC01D2E00210908403A95E72
:1093400002F004FD01BC600300108400E001C300D2
:10935000207000B04467000C0D00B0446B000C0E90
:109360000320DE02F0044B00685E4B18A3E30068A4
:10937000DE4B0783EC01BC63FF1F708401BC6003FC
:1093800000F085013813630010B500E042D700D02B
:10939000B501BC60030010A601BC602314D0B4006A
:1093A000E013570024D503BFDE02F004930184E0EC
:1093B00006F597AC01BC60FF1FF08400025E02F06E
:1093C000042801BC60030010B401BC60030010A6B7
:1093D00001BC600302D0B501BC602304D0B400E03E
:1093E000135B0024D603BFDE02F004930181600604
:1093F000F5B7AD0068DE4B04A3FF0203DEBB00033C
:10940000F100E02E0B00106503BFDE02F003F20155
:10941000BC602301106500A05E7FFE10EC00B05A16
:10942000030010ED00B05A070010EE00B05A0B0018
:1094300010EF00B05A0F0010F001BC63FF1EF08463
:1094400001BC600300308501BC60030010B401BCA6
:10945000600301D0A601BC60030450B501BC6023C9
:1094600004D0B400E002AF0020AB03BFDE02F00482
:109470009301BC61FF1FF08401BC600300108500F4
:1094800068DE4B05240701BC60030010B401BC601A
:109490000B0B50A601BC600302D0B501BC602304D5
:1094A000D0B403BFDE02F004130068DE4B02441E9A
:1094B00000B030670010840285C38F00040B00E009
:1094C0005E2700378901DA5E270010EE01BC63FFDA
:1094D0001FF0CE01BC60030010B40080E0218318AF
:1094E0000000E069820DB0A601BC600303D0B501A5
:1094F000BC602304D0B400E001D300207401846078
:10950000070011E00282DEB30005BC02045EB30076
:1095100005BC0181E006F5D7AE0183E006091048DD
:1095200000B0412300180001BC600306B78E01881B
:10953000204610D78100025E02F0108400885E870A
:1095400000708303BFDE02F005BC01BC60031FF0A6
:10955000840103DE530017A200680ECF000423002D
:10956000B00ECF0017A200901CBAF457A202005E02
:10957000FF00042501BC60030037A200682B4F00E8
:10958000042701BC60030037A201865E8A1C70E3D9
:10959000006AC39300043100E8439000D0E4020263
:1095A000421B00042F0090001B0037A10020421B2B
:1095B00000442E00B020970017A100E04392F43041
:1095C000E40069C39300043101BC60030010E400AF
:1095D000682B4F00043300E043915B30E401BC6032
:1095E000030010B401BC60030010A601BC600302BC
:1095F00010B501BC602304D0B400685E4B06A449DA
:1096000000E001CB002072020681AB0004930280CF
:10961000B0E70004930203B0E700049301BC6007C5
:1096200004F7A60288421B00044101BC600F00172A
:10963000A60282421B00044101BC60170017A6016C
:109640000C81430017A50068DE9700644400885E23
:109650009B0037A600E04466F4CC3C0181E005871E
:109660002C3901826005872C390183E001872C3970
:1096700003BFDE02F0049300E001CF00207303BFBC
:10968000DE02F0049303205E02F0049A0181E002FE
:1096900009104800E001D7002075031EDE02F00427
:1096A0007A01BC60030017A2006A5E230004530124
:1096B00002428F0017A201855E8A0910480180E0EE
:1096C000061030810284DE5300045A00B000770097
:1096D00017A100E05E840437A100885E870057A1CF
:1096E00000E05E870D57A103BFDE02F0045B01BC02
:1096F00060030D57A10068002700047A00E05E8433
:1097000001F7A101BC6023009065008841970030FB
:10971000B601BC60030010B400905E870050A60143
:10972000BC60030110B501BC602300B0B40317DEB8
:1097300002F004630397DE02F004640020DE870079
:10974000446D0020DE8700246A01B85E22D01680B6
:1097500001805E8AD0368103BFDE02F0047301BC53
:109760005E22D0168001845E8AD0368103BFDE027D
:10977000F004730020DE8700247101B85E22D03629
:109780008101805E8AD0568203BFDE02F00473013D
:10979000BC5E22D0368101845E8AD0568201886008
:1097A00002F430A800B05A030010B000B05A07000D
:1097B00010B1028042A300047600E042A30090A80A
:1097C00000B05A0B0010B000B05A0F0010B1018762
:1097D000600610908400E05E2700378901DA5E277A
:1097E0000010EE01BC60030010B401BC6003035024
:1097F000A600B000330010B50284DE5300048400DC
:10980000E0606803B0A600E042980430A600B00013
:10981000370010B501BC602304D0B401846006F2A7
:10982000979401866002091048039EDE02F0048EC0
:109830000280441F00049100B05E3F00114501BC4E
:10984000600300178F00B05E4300178500B05E0F05
:1098500000179003BFDE02F0049100B05E0F001706
:10986000850280441F00049100A044B6F0B1450178
:10987000BC600301104201836006F297940184608A
:10988000070011E003A05E02F005BA02065EAF0019
:1098900005BC0186E006F577AB01BC6003001080D3
:1098A00000025E02F00D3703BFDE02F0072003A1C5
:1098B0005E02F00527011400630017A10068DE872F
:1098C00000E49F0181600609104803BFDE02F00535
:1098D00027028500630004A10183E0060D906C015E
:1098E000816006F5D7AE011C508F0003BD02065003
:1098F0008F0004A900B044670010F300B0446B006F
:1099000010F401BC63FF1FF0D301BC63FF1FF0D450
:1099100000B042170310850020600E8624D0018716
:1099200060040310A000B000630010B401BC600329
:109930000B10B500B0006300F0B4020300C70004D0
:10994000BB020CD0030004BB028050C70004B3006C
:10995000B054130017A100E05E8680741A00B05066
:109960006B0010E400B042130210840209502B0077
:1099700004BB00B0421300308401D2E03AA030E0D2
:10998000028050C70004C101D2E052A030E003BF02
:10999000DE02F004C10202D0C70004C100B0505F73
:1099A0000010E000B050630010E100B050670010FC
:1099B000E200B0506B0010E400B0421302F08402E9
:1099C0000050C70004CB018AE00E10908401BC60F7
:1099D000FB1C10E501BC60030890E600B0006300CA
:1099E00010B401BC60030210B500B0006304D0B431
:1099F000018460070011E001BC600300178E03BF03
:109A0000DE02F005C700E001C700207100B000636E
:109A10000010B401BC600302D0B500B0006304D0F4
:109A2000B403BFDE02F0055403225E02F004D2004C
:109A3000E002A70020A9010350030017A100B85EAF
:109A4000870037A101875E86101080020400BF00E6
:109A500004E0032BDE02F004E0020000F30004DA6D
:109A600000E8002300514201BC600A2851420394DF
:109A70005E02F004E000B0058B00106400E05823A3
:109A8000003608006858030004E000B04467001185
:109A90001200B05803001115020CD0030005260275
:109AA0000300C70004F300B050CB00106501BC6098
:109AB0000300168500E05A3300368C020350C700BD
:109AC00004E800E05A2700368903BFDE02F00527CC
:109AD00001BC60030017B200B05A0B000B830138C1
:109AE0005A130017A101BC5A06F430E0013C5A1386
:109AF0000017A1017C5A06F430E10181E0061090C4
:109B0000840185E0070010E30185E0070010C3022F
:109B100082D0C70004F803BFDE02F004FB0202D0CB
:109B2000C70004FD00B02A330017A101B8506EF43D
:109B300030E000B050730017A101B82A36F430E1CC
:109B4000028242130004FB00B0507B0010E400B01E
:109B500042130210840185E0061C30E100B042137C
:109B6000007084018760040310A0020300C7000591
:109B70001300B050CB001065006D5ECAD1C5030163
:109B800085E0021870C300E05ECB00368E01BC6039
:109B90001B1FD06500E04196F6506500B05097005D
:109BA00016800068DECB00050B01BC60230150B8B5
:109BB00000E001F300207C00682E0F00251103BF98
:109BC000DE02F0051E00B05ECB0010B500B00063F1
:109BD0000870B4028342D300050D01BC600301701C
:109BE000B80068AE0F00251E01BC60030170B8020A
:109BF000BC506700051D03BFDE02F0051C010CD040
:109C0000030017A103A95E02F0051901BC6023013E
:109C100050B800E001F300207C00685E8700651CFE
:109C200003BFDE02F0051E01BC60030170B80068CE
:109C30005E8700451E01BC60030170B80181E0022F
:109C40001710B801BC600300F0A501BC60030E1042
:109C5000B500E001F700207D00B000630010B40003
:109C6000B0006300F0B400B042D300180001886077
:109C7000080310B4018160060D906C03BFDE02F092
:109C800005540202D0C700052D00B0506F0010E04F
:109C900000B050730010E100B050770010E2028273
:109CA000421300052C00B0507B0010E400B04213BA
:109CB00002F08400E05E9F0037A703A15E02F0057A
:109CC0003601BC60030017A7018760040310A000E1
:109CD000B000630010B401BC60030E10B500B0000A
:109CE0006300F0B4018860080310B403BFDE02F023
:109CF000054900B0017B00106500B05A030010E573
:109D000000B05A070010E600B05A0B0010E70068D8
:109D1000A04B00053C00E05E270037890068204B1F
:109D20000005400185E0070010E30185E007001011
:109D3000C300B0421301108401DA5E270010EE0167
:109D400087600610908400B042131C108401BC6030
:109D5000030010B400E0606803B0A600B0009700F4
:109D600010B501BC602304D0B4018460070011E089
:109D700003BFDE02F005A901085E4B0017A10068D1
:109D80005E8700255402025003000553029E509F37
:109D90000005500201D00300055000E05E270037A7
:109DA0008901585E2700142D01DA50B70010EE012A
:109DB00087600610908403BFDE02F0055401BC608A
:109DC0000300142D0104C1070017A100680EF7005D
:109DD000055900B00EF70017A100901CBAF437A186
:109DE00003BFDE02F0055B03225E02F0055B0103A8
:109DF000DE530017A100B05E870017A202005EFFCD
:109E000000055E01BC60030037A200682B4F00050F
:109E10006001BC60030037A202885E4B000563004E
:109E2000685E4B06856301BC60030017A200688E64
:109E3000F70005650183DE86F297940183DE868450
:109E4000F4270281C21300056B01865E8B0010E3CC
:109E5000018660070010C30181E00610908403BFF3
:109E6000DE02F0056D01865E8A1C70E301866006E5
:109E70001870C302B847A70005A502A047B70005A0
:109E8000A703A95E02F0057501085E4B0017A1004B
:109E9000685E870025A6021E509F0005750185E0BB
:109EA000061C70E30185E0061870C301140063000E
:109EB00017A10068DE8700857E00B001530017A25D
:109EC0000068DE8BFFE57A0068424700257B00686A
:109ED000DE8A84C57E018560020910480186E002A1
:109EE0001C70E30186E0061870C3011050070017CC
:109EF000A600685E9B0005A601BC60030011E4019A
:109F00003A500700178000885E0300778000E00069
:109F1000AEF010640068DE9B00458B0207D00300A2
:109F2000058901BC602B11F7A200E05E000B37A38E
:109F300000025E02F010D601BC602306906401BCF2
:109F400060470017A200025E02F010FE00685E9BF0
:109F50000045A701A46046F471E00068DE9B00C5DF
:109F60009901BC611300B7A1020600F3000592013C
:109F7000BC601300B7A10192C21AF437A203295E94
:109F800002F0059701BC60030011EE009042E7006B
:109F900091EF0192E00EF437A200B05E8B0011EC5D
:109FA00003BFDE02F005A700685E9B00659E0068A7
:109FB0005E9B00A59E00B0502F0011E200B0503310
:109FC0000011E203BFDE02F005A7018760023D1128
:109FD000E80068DE9B00A5A1018760063D11E8014D
:109FE000BC60030011EA009042E70091EB0192C2CD
:109FF0001B00B7A201B85E8A3D11E803BFDE02F084
:10A0000005A7018460070011E001BC600300112D69
:10A0100000B0448300142C03A3DE02F005BD01BC94
:10A02000600300178E00685E4B05A5AD020050036B
:10A030000005B70183E00609104800B0412300186D
:10A040000001BC600306378E00685E4B05A5BC00AE
:10A05000E002A30020A801BC600304B78E03A95E40
:10A0600002F005BC00685E4B0425BC01BC60030621
:10A07000B78E03BFDE02F005BC01816006F577AB49
:10A0800000B05E0F00178500025E02F0109501BC63
:10A09000600300178C01BC600300178D0323DE02F0
:10A0A000F005C7020680C70005C6010C81430017F2
:10A0B000A10068DE870065C60108421B0017A100E9
:10A0C00068DE870005C601BC607F1FF7A101E05E66
:10A0D000861070830182E005872C3900E0446725F3
:10A0E0008C3B0187E006107083006D00A70085D9C6
:10A0F00003295E02F005D9020300C70005D600B0AF
:10A1000050CB0010650282D0C70005CE00E05A2374
:10A1100000368803BFDE02F005CF00E05A27003684
:10A120008900682E0F0025D600E05ECB0037B20113
:10A130000A5ECB0017A100E050CAF4306500D06081
:10A1400006F657A200205A1AF445D603BFDE02F0E5
:10A1500005D000025E02F012360350DE02F005D692
:10A1600003BFDE02F0063D02055EAF0005DB01879E
:10A17000E00626713303BFDE02F000020190600AA0
:10A180008634310282D0C70005E5013C5027001714
:10A19000800109502B001781010750070017A1010A
:10A1A000825E86F0378100B0501F00108A00B050E8
:10A1B0000F00111603BFDE02F005EB0138505F00FF
:10A1C0001780010A502B0017810107D0070017A143
:10A1D00001825E86F0378100B0502300108A00B003
:10A1E000505B001116020300C70005F0020CD003FB
:10A1F0000005F002085E070005F00138540700175B
:10A20000800190422AA1308A028050C70005F901DE
:10A21000BC600305B79203BFDE02F0031B01906030
:10A2200006863431020300C70005DD020CD00300AE
:10A2300005DD00B0001F0017A100E05E8680741AE3
:10A2400003BFDE02F005DD01BC600306379203BFE9
:10A25000DE02F0031B00E0135F0024D70204DEB32C
:10A2600000000200B0130B00106501199887001759
:10A27000A101095A130017A201895E86D0968400B5
:10A28000B013070017A3006DDE8498260400B05EAB
:10A29000870017A301885E8ED096840068DE8AF45A
:10A2A000210E01BC63FF1FF0D000B05A130010F064
:10A2B00001BC60030017A501825E961E10F001BC70
:10A2C00063FF1FF0CF01BC601B00F0EF01BC63FF18
:10A2D0001FF0D100B044670010F101BC63FF1FF014
:10A2E000D200B0446B0010F201BC60030404D8013A
:10A2F000BC63FF1FF0C301BC60031C10E301BC631F
:10A30000FF1FF0C400B052130010E401BC63FF1F34
:10A31000F0C500B0522F0010E501BC63FF1FF0C66E
:10A3200000B052330010E601BC63FF1FF0C700B05D
:10A3300052370010E701BC63FF1FF0C800B052178E
:10A340000010E801BC63FF1FF0C900B0521B0010F1
:10A35000E901BC63FF1FF0CA00B0521F0010EA0100
:10A36000BC63FF1FF0CB00B013470010EB01BC63D0
:10A37000FF1FF0CC00B0134B0010EC01BC63FF1FBB
:10A38000F0CD00B0134F0010ED00B0136700106265
:10A3900001BC600300281100025E02F0107400028C
:10A3A0005E02F00D2F01BC602B1877A100025E0247
:10A3B000F00127016040670011C000E040649B1776
:10A3C000A100E05E870097A101BC63FF1FF0C00100
:10A3D000BC600301550101D2DE86A030E000905E32
:10A3E000870177A101BC60030797920190600A0979
:10A3F000104803BFDE02F0035301BC60070011C127
:10A4000001BC602B1817A101BC60030017A2000259
:10A410005E02F0012B01BC60030011C10002DE02EC
:10A42000F000000201C2E3000665020300C7000657
:10A430004200682E0F002652006E4246F646520336
:10A44000BFDE02F00644006E4247002652020300BF
:10A45000C700064F0355DE02F00644018060028605
:10A460001430013850830017A100B050CB001065A4
:10A47000006DDA32F42C6200A84123141048011454
:10A48000006300106500E041970ED06500E05A03BC
:10A4900000368001BC621F0011E003BFDE02F00045
:10A4A000120181E0068634310191600E84F42703A5
:10A4B000BFDE02F00665013C50670017A101AC5EEB
:10A4C000861750BA01BC60030190B8020300C700B0
:10A4D000065F0068AE0F00265A0181E0021710B82F
:10A4E0000350DE02F0065803BFDE02F0066500E806
:10A4F0002E0F002B8300B05ECB0010B500B00063C0
:10A500000870B4028342D300065D03BFDE02F0068A
:10A51000600186E0040310A000025E02F001E60381
:10A52000D5DE02F00C6203D6DE02F00C7A0350DEB8
:10A5300002F0066103BFDE02F003C301BC6003004A
:10A54000F0A50182E00209104801BC621F0011E081
:10A5500001BC60030011EC01BC600F0011E8028532
:10A56000500B00066C0182600209104803A0DE0255
:10A57000F0067003D5DE02F00C6203D6DE02F00CAA
:10A580007A03205E02F00676018860020910480115
:10A59000BC600300083100685E4B18A0020068DE52
:10A5A0004B07867500025E02F0063703BFDE02F03D
:10A5B000001201BC60030037A100025E02F00E969B
:10A5C00003A3DE02F00012020050C700068201BCA5
:10A5D000600300108001826006091048018060025B
:10A5E00086343100688EF70006800104C107001729
:10A5F000A10183DE86F2979400E001CB0020720374
:10A60000BFDE02F0020D00B0010B0017A1006DDEED
:10A61000840806C300E844640877A1006E5E8408DD
:10A6200026C30187E006F577AB020200BF0006975C
:10A63000028881AB000697028400C70006970129B3
:10A64000500B0017A10068DE870206970282DEBB6E
:10A650000006970203C5730006960283DEB3000668
:10A66000960286ABD30006920282DEBB0006920001
:10A67000682AE7000697006DDE2F01E6970182E069
:10A6800006F7F7BF01BC613B0417A100E04466F484
:10A690002AA903BFDE02F0001203BFDE02F006C3E8
:10A6A00001BC600300114902825EAF0006B2018264
:10A6B0006006F577AB00B0446700081C020400BFD9
:10A6C0000006A30068451F0006A30185E002F57798
:10A6D000AB032BDE02F006A10185E006F577AB00A7
:10A6E000B0058B00106400025E02F0119700B0010B
:10A6F0004B0017A20208421B0006A600B0016B0027
:10A7000017A200685E8B0006AE0090452B0097A153
:10A710000080DE86F457A1006E20BA0DA6AE00B010
:10A7200041B700082E00E120BA23282F00E0DE8682
:10A73000234C4500B041B6F4282E02055EAF00065A
:10A74000B001BC610300113300E10D8229436000B8
:10A75000E08D8700036100E844650397A5006D5E06
:10A76000970100C1020200BF0006C00068DE4B0670
:10A77000A6B70184E002F7F7BF0068DE4B0406BA13
:10A780000282DEB30006BA01BC6003000B0A0204B9
:10A790005EB30006BD0068DE4B0626BD00025E0209
:10A7A000F0158F00025E02F0123703A3DE02F006FE
:10A7B000C00183E002F597AC00025E02F017C00111
:10A7C000826002F577AB03D15E02F0000202005016
:10A7D000C30007190325DE02F006C7018360068463
:10A7E000F42703BFDE02F006F9020CD0030006F7DF
:10A7F000020300C70006E6011400630017A1006D04
:10A80000DE870086F701BC600300178000B050CBE4
:10A8100000106500B050CF001064018160060D90FB
:10A820006C0182600686343100B05A230017A10102
:10A83000BC600300168801BC5A2AF437A101BC6031
:10A840000300168A00B05E8700148F00B05A2700FC
:10A8500017A101BC600300168901BC5A2EF437A170
:10A8600001BC600300168B00B05E8700149000B03E
:10A870005A1B00148D00B05A1F00148E01BC6003D7
:10A880000016040068DE030006E3020350C700065A
:10A89000E20100509F00178001805E0291B48D019B
:10A8A000BC5E0292149001BC600300378000025E1F
:10A8B00002F016E400B05E0300148C03BFDE02F069
:10A8C00006F20068C2470006EB0181E006863431DB
:10A8D0000191600E84F42701BC600300143003BFB3
:10A8E000DE02F0000200B0509F0017A100025E02DD
:10A8F000F001E500B05E870014270186E004031034
:10A90000A000B04283001800010CD0030017A10082
:10A9100068DE870066E6010250C70017A101805E6D
:10A920008684F427018AE00E84F42700B050BF002B
:10A93000142603BFDE02F006F90186E0040310A02E
:10A940000200509F0006F90286C107000714032980
:10A950005E02F006FE00B0523300142D00B05237F4
:10A960000017A1019E5E8684F42700B0509F001757
:10A97000A10180DE86F437A1020580C3000705002F
:10A98000B0303B00108F00B0303700108E00B05058
:10A99000D700108D00B050D300308C00B050BB00F9
:10A9A000108F00B050B700108E00B0509B00108D7B
:10A9B00001806006F4308C020250C700071100B01D
:10A9C000524300108F00B0523F00108E00B0523B37
:10A9D00000108D011A52370017A10198DE87043745
:10A9E000A101B85E8691B08C01826002863431018B
:10A9F0008160020D906C01BC600300143401BC60E6
:10AA0000030014350325DE02F00717019C60028461
:10AA1000F42703BFDE02F0071B0285500B00071965
:10AA200000A850C70D143101BC600300143001812F
:10AA30006002F5D7AE0183600284F4270185E0024D
:10AA400009104801BC600300142E03A25E02F0024C
:10AA50000D03BFDE02F000120323DE02F0079103B4
:10AA6000A35E02F0079103A2DE02F007910181606C
:10AA700006F577AB03AA5E02F007910183E00209B5
:10AA800010480351DE02F0072C020680C700072998
:10AA90000182E001872C3900E0026B00209A0180DE
:10AAA000E006F577AB03BFDE02F007310301DE02FB
:10AAB000F0072F00685E4F06272F01BC60030017C8
:10AAC000A803A45E02F0073103C1DE02F00794027E
:10AAD000045EB300073A01846002F597AC0183E09D
:10AAE0000209104800B02B3F0017A1006D2AEEF4B8
:10AAF000200200E0027B00209E01BC6003000ABB34
:10AB000000025E02F0159203BFDE02F000020203B3
:10AB1000DEB300074A0183E002F597AC00E020CFE6
:10AB200000283302015EBB00074A00B02A830017E9
:10AB3000A1006D20CEF4274501BC6003000833005E
:10AB4000E0027F00209F03A95E02F00748019160A8
:10AB50001A84F42703BFDE02F0036E01BC63FF1FFB
:10AB6000F7A100025E02F00E9603295E02F0074A8A
:10AB70000191601A84F42703BFDE02F0074A0184C2
:10AB8000600209104800E10DC229437000E08DC742
:10AB9000000371020400BF00075101BC60030011F3
:10ABA00015011400630017A100E06602F43065008F
:10ABB000025E02F0109A0182600209104800685E8D
:10ABC0003B18A7550068DE3B07075603BFDE02F0BF
:10ABD000000203295E02F0075902015003000759E1
:10ABE00000685E3B04A76001F0DE1700378500A017
:10ABF0005E16F0978500685E3B06276002015003F1
:10AC000000075F028780BF00075F0185E00609102B
:10AC1000480280D00300077000B05E1B0017A3003D
:10AC2000B0008B0017A4020400BF000766006E414D
:10AC30009730676601185A030017A3011A5A0300D8
:10AC400017A40068C18318076900E002930020A4DC
:10AC500003BFDE02F0076B006D5E2EF4876B01828E
:10AC6000E00686343100E05E3300378C0068DE3267
:10AC7000F4676E00B05E0F001785006DDE2EF4677E
:10AC80007C03BFDE02F0078C00B05E1F0017A3003C
:10AC9000B0008F0017A4020400BF000776006E41C9
:10ACA00097306776011C5A030017A3011E5A030050
:10ACB00017A4006D5E2EF487780182E00686343199
:10ACC00000E05E3700378D0068DE36F4677B00B049
:10ACD0005E0F001785006D5E2EF4678C0185E00223
:10ACE00009104803D1DE02F0077E03295E02F00757
:10ACF00080020300C700078100B05E0F00178500C7
:10AD0000025E02F01095006841831807B20203004A
:10AD1000C7000788020CD003000788028350C700D1
:10AD200007880068DE4B05A78803BFDE02F01664C3
:10AD30000181E0068634310068DE3B06278B00E0A7
:10AD4000029F0020A703BFDE02F006C300025E02DE
:10AD5000F010950181600209104803295E02F00796
:10AD600091028300C700166403BFDE02F006C3032E
:10AD7000D1DE02F0079203A5DE02F006C303BFDEB8
:10AD800002F0001200E10DBA29436E00E08DBF0011
:10AD9000036F0206500300079C00B001030017A1D7
:10ADA000006D810AF4279C00E844640877A1006ED6
:10ADB0005E8408279C0187E006F577AB01085E4BAF
:10ADC0000017A100685E4B05279F00685E8700277B
:10ADD000A000B05E0F00178500025E02F010950023
:10ADE000685E3B0627A601BC600300178C0200D0FA
:10ADF000030007AB01BC600300178D03BFDE02F048
:10AE000007AB01BC600300178C020300C700020DF2
:10AE1000020CD00300020D019C600284F42703BFE2
:10AE2000DE02F0020D006841831807B10180600660
:10AE300084F42703295E02F006C30182600686348B
:10AE400031028300C700166403BFDE02F006C300B0
:10AE5000E002970020A50181600209104801BC6052
:10AE60000300081200E0017B00A05E01BC60131427
:10AE700017A1006D017AF4201201BC60130C805EF2
:10AE800003BFDE02F0001200025E02F00D2F033855
:10AE9000DE02F00012039EDE02F0001200E8444CD5
:10AEA00000F7A100E85E840117A1006ADE840107B3
:10AEB000C200E85E8401118701BC600300118801B3
:10AEC000A5E02230118001BC600300111301BC60B9
:10AED0000300111400B044670017A100B0446B00D8
:10AEE00017A200B05E8700110400B05E8B00110550
:10AEF00003B8DE02F007C403BFDE02F0001201BC9B
:10AF0000600304B79201BC60030417A101BC63FF96
:10AF10001FF0CE00B052170010E800B0521B001016
:10AF2000E900B0521F0010EA01BC60030010E40207
:10AF30008600C30007E200B0540F0017A20069DECC
:10AF40008A9087D500E85212F450E40068A04700C8
:10AF500007E201BC60030010E400B054270010E0D9
:10AF600000B0542F0010E103BFDE02F007EB01BC7C
:10AF700060030297A101BC60031890E801BC600364
:10AF80000010E901BC60030010EA03BFDE02F00715
:10AF9000E203A4DE02F00A5003A9DE02F00A500127
:10AFA000BC600301D7A1020600C30007E40280DEF3
:10AFB0005F0007E900B054070010E0006820470078
:10AFC00007E701D2DE86A030E000B0540B0010E1AC
:10AFD00003BFDE02F007EB01BC5E869010E001BC0F
:10AFE000601F0010E101BC60030010E200B05223BA
:10AFF0000010E500B052270010E600B0522B001000
:10B00000E700025E02F0107403A9DE02F00AB1004C
:10B01000685E4F04280701BC63FF1FF0C300685E31
:10B020004F16A7F900685E4F05A7FC01BC60031A24
:10B0300090E301BC600306B79200685E4F052807E5
:10B0400003BFDE02F0080101BC600318B79201BC27
:10B0500060030E90E303BFDE02F007FE01BC600355
:10B0600006379201BC60031890E3028E01AB000822
:10B070000102984407000BB502804607000BB5009B
:10B08000B0204700178100025E02F0108400E85EE5
:10B090008400D7A1006A5E8690880700E85212F407
:10B0A00030E403BFDE02F0080A01BC60030010E4D4
:10B0B0000338DE02F0080A0187E0061C90E40190E4
:10B0C000600A09104801BC610304379100685E4FB3
:10B0D00016AC4000685E4F05ABB503835E02F00A14
:10B0E0005003BFDE02F000020204416300081D01AC
:10B0F000876002F577AB01BC600300114901BC60B9
:10B1000003010B8900E10DB228E36C00E08DB7006C
:10B11000036D018460020B105802055EAF00081930
:10B120000187E006267133020400BF00081C018578
:10B13000E002F577AB00025E02F0119703BFDE027A
:10B14000F0000203A35E02F0081F00025E02F01787
:10B15000C00285C523000002018460060B1058025E
:10B1600000DEFF0008250180E002F7F7BF00682B32
:10B170004F00082500E044655A4AD302055EAF003F
:10B18000082701BC6103001133020580BF00082DB0
:10B1900001BC60131157A100025E02F00127019665
:10B1A000600E03301900B040670017A200025E0273
:10B1B000F0012B0203C03700082F03BFDE02F000AE
:10B1C0001202875EAF00083100E0021F00208701F5
:10B1D00082600628914401BC6003010B8903BFDE35
:10B1E00002F00012020601AB000836018060018700
:10B1F0002C39020681AB0008380183E001872C3925
:10B200000183E0020F107802814013000002020067
:10B21000420300083D01846002F597AC01BC600365
:10B22000000ABB01BC600300108003A3DE02F0082B
:10B23000400190600209104800B0446700179E006A
:10B24000B0446B00179D00B0446F00179C00B044E1
:10B250007300179B0068DE7A23284000E002230079
:10B2600020880115403B001797006D80A700884B90
:10B2700000A05E5F003797006880A700084B01BC04
:10B28000600300379700B001430017A1010C814310
:10B290000017A300685E8F00284F018CE0000A179A
:10B2A000A101C9DE840527FF01BC60031077950169
:10B2B00091E0020D906C0286403700085500E002D4
:10B2C000BB0020AE03BFDE02F00CA401BC60030093
:10B2D000148001BC600300148101B8600A0490244A
:10B2E00001BC600304082401BC600300482301BCC6
:10B2F000600300D02A01B3600700100401BC6003A2
:10B3000000080801BC600300080901BC60030008D4
:10B310000A01BC600300080B0183E002F5D7AE0010
:10B32000E044671F4C1F0287C037000C9E00025E7E
:10B3300002F012360286403700086703C35E02F04F
:10B34000087903BFDE02F00C9F0068C03300487725
:10B35000006B446583E87700B041270017A100B077
:10B36000412701D04900B05E870017A100B05E8779
:10B370000017A100B05E870017A100B05E8700171C
:10B38000A100B05E870017A100B05E870017A10082
:10B39000B05E870017A100B05E870017A100B05E05
:10B3A000870017A100B05E870017A100B05E87007C
:10B3B000104903BFDE02F00D1303435E02F0086282
:10B3C0000286403700088500685E5F000C9F0068B9
:10B3D0005E5F004C9F0152D2030017A10185D20687
:10B3E000F437A203BFDE02F00880013C52030017CD
:10B3F000A101BC5206F437A20323DE02F008830049
:10B4000068DE8B01CC9F03BFDE02F0088500685E1A
:10B410008B0288850068DE8B038C9F006D403300B3
:10B42000CCA400685E5F00489800685E5F002895C5
:10B43000006800A700C88A006880A700A88B00E009
:10B44000446690283001BC62C30017A102805203F9
:10B4500000088E019652030017A10080DE86903707
:10B460009A0203520300089300E05E6A90379A0242
:10B4700007D20300089300E85E6B00379A029E5ED5
:10B480006B000CA403BFDE02F0089C0152D2030043
:10B4900017A10185D206F4379A03BFDE02F0089C9B
:10B4A000013C52030017A101BC5206F4379A006E0A
:10B4B0005E680BACA400685E6B000D130204C03B19
:10B4C0000008AE0181E0060D906C0207C0AF0008D5
:10B4D000A4020740370008A200E0027300209C038A
:10B4E000BFDE02F00CA400025E02F0123603BFDEE3
:10B4F00002F0089E00B02023000C1100B0202700AD
:10B500000C1200B0202B000C1300B0202F000C14E4
:10B5100000B05E7F000C150287C0AF000C9E028257
:10B52000403B000C9E015840AF00179A01BC603FA1
:10B530001E17A1006DDE6AF42C9E035B5E02F0080C
:10B54000B001BC601300104301BC60FF1E17A100D6
:10B550006E5E6AF42C9E00B0412328104801806082
:10B5600002F297940184E002091048015840AF00AC
:10B57000102A006840AB002C9E01BB5E5600900470
:10B5800002035E570008C1020047A30008BE01BCC9
:10B59000621E3C11E001BC60030011EA00B05E6B6A
:10B5A0000011EB0198601E3D11E8020047B300084E
:10B5B000C100B05E6B0011EF01B0E0CE3D91EC0335
:10B5C000835E02F008C400025E02F01236006D4095
:10B5D0003304C8C103AADE02F008E001BC63FF1F08
:10B5E000E3B301BC601F10D06401BC600300B7A1CD
:10B5F00001BC63FF1FE79300E04186F4306501BCA6
:10B6000063FF1FF60000E05E870077A100025E0284
:10B61000F00F1F0200C0770008D6012940770017FD
:10B62000A2006D5E8B04C8D400E85E8B04D60001D6
:10B63000BC601F05F06300E0418EC01063010C5632
:10B64000030003B30068DE870168D600B05E8B009C
:10B650000793006DDE8701C8D900E0419300306494
:10B6600003BFDE02F008C903B05E02F008DF018309
:10B6700060020D906C00681E1BFFE8E001BC601FBB
:10B6800005F06500E04194F0D06502005A0300081F
:10B69000E0018360060D906C0020402F08A8E201B5
:10B6A000BC60030003B301BC60030007FC0188E039
:10B6B0000F0007FD006D4033020A4A0129520F00B6
:10B6C00017930109520F0017AA0068DE4F03A8EA7A
:10B6D0000129522300179301A95E4F003793019669
:10B6E0006002F2979400E0418701F06501BC600FB1
:10B6F0000017A10028DE869068F101866006F297A7
:10B700009400E0419700706500E0209300C8240198
:10B71000065E530017A200A05E4F0477A10068DE0A
:10B72000870448FF0186E006F2979400B85E8B001C
:10B7300037A200B05A030017A0020ADA030008F982
:10B7400001876006F297940284C03B0008FF020361
:10B75000DA030008FF03AB5E02F008FD02044107B4
:10B760000008FF01806004FFA7FD01065E5300177B
:10B77000A20182DE8A00900403AADE02F0094503DA
:10B78000AB5E02F00917018460020D906C01BC638E
:10B79000FF1FF79900B01E230017A20068DEAB0060
:10B7A000290900A05E4FFF77A10068DE87072915F1
:10B7B00003BFDE02F0090B0284520F0009150204D8
:10B7C000D20F00090E03B15E02F0091400B01E1F73
:10B7D0000017A203BFDE02F0090F03B35E02F009F7
:10B7E000140200521700091500685E8BFFE915006E
:10B7F000E0015EF4506502015A4700091500B01ED1
:10B800004F001799018460060D906C0200521700DA
:10B81000094303315E02F00943020200BF000943FD
:10B820000180E001610B080200521700091E006848
:10B83000DE4F04091D00B02AD70017A2006DDE8973
:10B840005509310202AB2F00093E02832B2F00095C
:10B850002000685E5F00092B01BC60030017A30194
:10B860003852030017A30283AB2F0009270068DEBC
:10B870005F00292701085E8F0017A300695E8F0013
:10B88000693E03BFDE02F0092B006DDE5F0049292F
:10B8900003BFDE02F0093E02842B2F00093E006840
:10B8A000DE8F00093E00682A9B00093E00B02B9302
:10B8B0000017A2006DAA9AF4493E00685EAB0049E9
:10B8C0003100685E4F06893103BFDE02F0093A009D
:10B8D000B02B9B0017A200B02A9B0017A10283ACDB
:10B8E0002700093600682C87000937006D5E8564E3
:10B8F000293700B02C7F0017A2006D5E895CA93942
:10B9000000B02C4B000B110184E006F7F7BF006874
:10B91000DE4F02893E00025E02F017BA0206DEFF29
:10B9200000093E00E02BC7002AF10068DE5F000935
:10B93000410068DEAB0049410180E005610B080071
:10B94000682B4F0009430180E006F7F7BF01BC6395
:10B95000FF1FF7A5032B5E02F0094600B01E4F0043
:10B9600017A50207520F0009C2028047A30009BFB2
:10B97000028047B30009BF00E0209300882400E85C
:10B98000208F00882301BC60030011E401BC600328
:10B9900003D1E102065E5300094F01BC600304912C
:10B9A000E10206DE5300095300E047870051E1023F
:10B9B00007D20F00095300E047870091E1006D4076
:10B9C0003302CA4A00685E4F0589560068DEAB0044
:10B9D00049C203AB5E02F00959020052170009C2C6
:10B9E000020580F300095E00685E97FFE95B00E0F6
:10B9F0005E970097A50068DE97FFE95E0280521708
:10BA00000009C2020700BF0009C201BC601B043765
:10BA1000A20090478700306500E04196F450650031
:10BA2000E0478701081A03835E02F0096500025EA1
:10BA300002F01236006D4031034962006D4031035F
:10BA40004A4A01BC600B1D57A10068DE97FFE975EB
:10BA5000010F5A070017A5031EDE02F00975020048
:10BA60005217000975032C5E02F009C200685E6778
:10BA7000FFE97500E05E6700979900E05E66F430CC
:10BA800064012A58030017990100DE970017A500EA
:10BA9000E05E66F4B79900E05E67003799011558DB
:10BAA000030017A603BFDE02F0098500E05E96F4EE
:10BAB0003064012A5803001799020580F3000984B5
:10BAC0000182E002F337990200521700098401163F
:10BAD000D8030017A6010F5A070017A4010CD803BA
:10BAE0000017A10068DE92F4298000E05E6702176B
:10BAF0009903BFDE02F00989010DD8030017A100E8
:10BB000068DE92F429C200E05E6704179903BFDE85
:10BB100002F00989011058030017A60068DE9B0097
:10BB2000C9890181DA030017A100B85E86C017A198
:10BB30000281DE870009C200885E6700778000E02E
:10BB400000AEF0106401AADE64FF87FC0068DE9B93
:10BB50000049A302078187000996006DDE030C09E6
:10BB6000960285520F0009960298523B00099601F1
:10BB700081E004FFA7FD00E05E000B37A300E05E5C
:10BB80008F0097A300E041870077A200025E02F0D9
:10BB900010D600E8208F01082301BC602306D7815E
:10BBA00000885E970077A100E85E86F4B06301BC70
:10BBB00060070E17A100E0418EF4306300B0561705
:10BBC0000017A100B0561B0017A20068DE86D049FE
:10BBD000C20068DE8AD069C200025E02F010AB01CA
:10BBE000BC602306906401BC624F0017A200025E95
:10BBF00002F010FE00E047870217A103835E02F007
:10BC000009A7006EC032F429A5006EC032F42C9E44
:10BC100000685E9B0049BF01BC621EF471E00068D1
:10BC2000DE9B00C9B201BC611300B7A1020600F39C
:10BC30000009AE01BC601300B7A101BC6003001194
:10BC4000EE00B05E6B0011EF0192E00EF431EC03F8
:10BC5000BFDE02F009BF00685E9B0069B40068DEC9
:10BC60009B00A9BF019860063D11E800E020930009
:10BC7000882400E8208F00882301BC60030011EABB
:10BC80000068DE5F0049BA00B05E6B0011EB019204
:10BC9000DE5E3D11E8018760023D11E80068DE9B31
:10BCA00000A9BE018760063D11E8019860163D11AC
:10BCB000E80181E004FF87FC01AADE64FF87FC0342
:10BCC000BFDE02F009C701BC620F0011E001BC60D9
:10BCD000030011E40181E000FFA7FD01BC600F003B
:10BCE00011E801BC60030011EC02001FF70009CE4F
:10BCF00000E0208EF3482300B0209300102500E8D8
:10BD0000208E04A823006AA08F01C9CE01B8600666
:10BD10000490240182E006F297940188600A009062
:10BD20000401BC600318779503A0DE02F009DB0074
:10BD3000685E4F06A9E00138520300178000B05E2C
:10BD40005F0017810204DEB70009DA00685E0700B1
:10BD500009D901BC600301778001BC600300378111
:10BD600003BFDE02F009DA01BC6003015780000264
:10BD70005E02F001430068DEAB0049E000A05E4FC8
:10BD80000477A100685E87004C2D00685E87044C34
:10BD90002D03BFDE02F00E350180600186EC370016
:10BDA0006EB083002A1C0068DE4F040A1C03335E59
:10BDB00002F00A1C0180600184AC2500E030B30071
:10BDC0002C2C0392DE02F00A1C00E03093002C249D
:10BDD00000B030830017A1006D3092F429EB03BF4F
:10BDE000DE02F00A1A0180600584AC2501BC6027E0
:10BDF0000897A100025E02F001270187E006032CEC
:10BE00002A00B00143000C2B03835E02F00A1800E5
:10BE10006DC03305C9FB00E860BA0197A60080DE5B
:10BE20009B0117A500685E5F0009F60080DE9B009D
:10BE300057A500B041B7000C360080B0DB0C8C3643
:10BE400000B041B7000C3600B030DB0010400000FD
:10BE5000800000000001BC601B06D06501BC6003CF
:10BE600000B7A400025E02F0017200685E9300AAAF
:10BE70000303835E02F00A18006DC031842A1801A2
:10BE8000BC6003064C3603BFDE02F009F70207C1AF
:10BE900097000A0601385A070017BB03BFDE02F0FD
:10BEA0000A07013C5A030017BB01BC601B0437A6FC
:10BEB00000E84196F4D7A300885E8F0037A300E026
:10BEC0005E8EF777A500E05E970057A503835E02BC
:10BED000F00A18006DC031842A18006DC032F4AA2F
:10BEE0001800E85E960197A60080DE9B0117A4006B
:10BEF000685E5F000A130080DE9B0057A400B0411B
:10BF0000B70017A40080DE930C97A400B041B700DF
:10BF100010400000800000000003BFDE02F00A0CA9
:10BF20000386DE02F00CA103BFDE02F00D8B018060
:10BF3000600184AC2501BC6003000C240386DE0292
:10BF4000F00CA10287C037000C9E00025E02F012C6
:10BF50003603035E02F00A1C03A9DE02F00A260083
:10BF6000025E02F0123602074037000A210386DE25
:10BF700002F00CA10287C037000C9E00025E02F0A6
:10BF80000EA3006E4030020A500301DE02F00A5098
:10BF90000068DEAB000A37032B5E02F00A2C00E0DB
:10BFA000022B00208A03BFDE02F00A300280521703
:10BFB000000A2F00E0024300209003BFDE02F00AD7
:10BFC0003000E0025700209500685E4F040D8500A8
:10BFD000685E4F028D8500685E4F020BC100685E8F
:10BFE0004F050E2500685E4F060E2500685E4F0661
:10BFF0008E2F03BFDE02F00E350068DEAB002A494B
:10C00000032B5E02F00A3B00E0022F00208B03BFEF
:10C01000DE02F00A3F02805217000A3E00E00247AB
:10C0200000209103BFDE02F00A3F00E0025B002027
:10C030009600685E4F06AB8E00685E4F042E4D0082
:10C04000685E4F04AE4D00685E4F05AC3200685E1E
:10C050004F062B8E00685E4F052E2300A05E4FFF1B
:10C0600077A100685E87072E4000685E4F16AC3DE2
:10C0700003BFDE02F00BB503BFDE02F00BB900E038
:10C08000020F00208301BC60030011EC01BC600FB3
:10C090000011E80284C03B0009C20184E0060910D7
:10C0A0004803BFDE02F009C20200C0930000020391
:10C0B000A35E02F00A5403C35E02F00A5303BFDE1C
:10C0C00002F00D1100025E02F012360207C0AF004E
:10C0D0000A5702074037000A540107C0AF0017A1F2
:10C0E00000B85E870037A101825E860D906C00B0BB
:10C0F000447F0007FE018360020910480287C037B1
:10C10000000C9E0386DE02F00CA100025E02F0121B
:10C110003603435E02F00A5C0287C037000C9E03C0
:10C1200001DE02F00A7B03305E02F00A7B01BC6094
:10C130001F15506500E04194F530650138402B0033
:10C140001680012D406B0017A200885E8B0137A27C
:10C1500002884027000A6A01846006D0168000B079
:10C160005A02F456800205C027000A6D0187E006D6
:10C17000D0168001BC601B0DD7A100025E02F00149
:10C180002700B0406700168101BC601B0DF7A100BD
:10C19000025E02F0012700B0406700168200B05A2C
:10C1A0000B0017A100E85A06F437A200E15E8AF4FA
:10C1B00057A100E0DE86F457A100985E8700B7A182
:10C1C00000E01EA70067A900691EA7018A7B01BCC9
:10C1D00060030007A902801FF7000A7D006E40304F
:10C1E000020B890381DE02F00A8A00E002170020B8
:10C1F000850329DE02F00A8102902E27000A8201BF
:10C20000BC6003002B8903A9DE02F00A860184E0EA
:10C21000060910480180E0020910480184E002F795
:10C22000F7BF0386DE02F00CA101806004FF87FCEB
:10C2300001806006F2979403BFDE02F00B370068BE
:10C24000DE4F040A8D03335E02F00A8D01BC6003E9
:10C25000000C2401836002F7F7BF0329DE02F00A15
:10C26000910288AE27000AA301BC6003000B89037A
:10C27000AB5E02F00A9E00685EAB002AA200685E18
:10C28000AB000A9C010C520F0017A100685E8700EA
:10C290002A9800685E87004A9A03BFDE02F00AA26D
:10C2A00003B0DE02F00A9E03BFDE02F00AA003B173
:10C2B0005E02F00A9E03BFDE02F00AA003B35E0234
:10C2C000F00A9E03BFDE02F00AA001BC6003004B2F
:10C2D0008903BFDE02F00AA301BC6003008B89035F
:10C2E000BFDE02F00AA301BC6003002B890386DED7
:10C2F00002F00CA103AB5E02F00AA801F052130099
:10C30000118601A5E00A30118003BFDE02F00ACADF
:10C3100003A9DE02F00AAE0068DEAB004ACA00B034
:10C32000523B00179F00B0523B0017BE01BC600398
:10C3300000280803BFDE02F00ACA02875E53000A23
:10C34000D703A0DE02F00AB903BFDE02F007CA017C
:10C3500090600A09104800B0523B00179F00B0528D
:10C360003B0017BE019E5E8300B0EB0106520F003A
:10C3700017A100B85E870037A10182DE86F577AB92
:10C3800001BC610300308000E8523AF3F7A2006B71
:10C39000D23AF3EABC00E85E7E91D7A200905E8BB1
:10C3A0000097A101BC6023011064006B523AF3EACC
:10C3B000C701185E870017A2010A5E870017A30055
:10C3C000886006F457A200E04192F4706400B0580F
:10C3D00002F45600006BDEFA91CACA00B0523B006C
:10C3E00017BE03BFDE02F00ACA00025E02F0164F5B
:10C3F00000B0202300280800B0523B00179F032004
:10C40000DE02F00AD702075E53000ACE0180E00286
:10C4100009104803BFDE02F00AD70068DE5F000A99
:10C42000D4021A5407000AD20103C0270017A10141
:10C43000825E8610D0860102C0270017A100E0426C
:10C440002AF4308A0180E004FF87FC03A9DE02F0B1
:10C450000AD700B05E4700108001085E4F0017A1A8
:10C4600000685E87002B0503AB5E02F00B0902003B
:10C470005217000AEF0068DEAB004ADD00E002530D
:10C4800000209402865E53000B370284520F000D89
:10C49000130284D20F000AE203AC5E02F00AED033D
:10C4A000BFDE02F00AF8032C5E02F00AF800685EB4
:10C4B0004F040AED0106D20F0017A100808ECF01B4
:10C4C00097A200E0015E0DB0640181DE86C3F61F15
:10C4D0000187DE8624912400683077FFEAED00B002
:10C4E0004467000C1E02005E87000AED00E0446510
:10C4F00083AC1E00685E4F020B3703BFDE02F00BF9
:10C5000024031EDE02F00AF503315E02F00AF50094
:10C5100068DEAB004AF500808ECF0197A200E001F3
:10C520005E0DB0640181E002C3F61F0068DEAB005F
:10C530004AFA00E0023F00208F03BFDE02F00AFD4E
:10C5400000685EAB004AFD0280522F000B370202EA
:10C550004107000AFD00685E4F040B3700685E4F1C
:10C56000028B370206DE53000B020028E01EF40B9C
:10C570000200A044B703E14500B005130017A10075
:10C58000E05E8428A14602844107000B37018060E9
:10C5900006F2979403BFDE02F00B37032B5E02F026
:10C5A0000B3700685E4F05AB2400685E4F052B24F7
:10C5B00003BFDE02F00B370068DEAB004B12006DEC
:10C5C0008ECF002B1201BC6003000AB5018260020D
:10C5D000F5D7AE02805EFF000B1000682B4F000BFA
:10C5E0001200E044655A4AD300682B6BFFCB12005F
:10C5F000E02B6B002ADA02065E53000B1500E00206
:10C600006300209803BFDE02F00B370323DE02F045
:10C610000B1F0129500B0017A30068DE8F052B1F8D
:10C62000020680C7000B1A0182E001872C390187BE
:10C63000E0021070830184600209104800B05E8738
:10C640000017A1006EE003002B1E03D1DE02F00BE9
:10C650001F0068DEAB004B2100E0022700208900AC
:10C66000685E4F000B3700685E4F010B3700685E55
:10C670004F058B3700808ECF0197A200E0015E0D41
:10C68000B0650020DA7F140B37028047C7000B87A4
:10C690000329DE02F00B2D0102DEAF0017A1010617
:10C6A000520F0017A200385E86F44B370182DE8AF3
:10C6B000F577AB00B052230011F200B05227001101
:10C6C000F300B0522B0011F40106520F0017A10025
:10C6D000E05E870031F500B0005B0011F000B0476C
:10C6E000C30018000134C7C70017A1006EDE840222
:10C6F000AB3701BC60030810420283C107000B3B4B
:10C700000301DE02F00B3A03B55E02F00B3B028040
:10C710005E53000D1300B040330017A101089FF7CE
:10C720000017A200685E8B006B4300E8403104975D
:10C73000A102811FF7000B4300B020930017A10254
:10C74000809FF7000B4300B05E630017A1006E5E90
:10C7500084020B8900B05E870007F401816000FF4E
:10C7600087FC0202C013000B4900E05E840347F41B
:10C7700001816004FF87FC02011FF7000B820103A7
:10C780005E530017A10187DE84FF87FC0386DE026B
:10C79000F00CA100025E02F0123603855E02F00B7F
:10C7A0004C018E60023D11E80107C7830017A1010B
:10C7B000825E84FF87FC02019FF7000B550103C7CF
:10C7C000970017A101825E84FFA7FD00B02033000F
:10C7D00017A1018E5E84FFA7FD032A5E02F00B5DA8
:10C7E00000025E02F00E870329DE02F00B5C0301FB
:10C7F000DE02F00B5C0182E0060D906C03BFDE02EE
:10C80000F008A401BC60030011EC01BC600F001132
:10C81000E801846004FFA7FD01075EAF0017A101D6
:10C8200085DE84FF87FC00B040270007F600B0409B
:10C830006B0007F800B0406F0007F900B0402B0014
:10C8400007F701BC601B0DD7A100025E02F00127B3
:10C8500000B040670017A201BC601B0DF7A10002E9
:10C860005E02F0012700B040670017A100E85E8A71
:10C87000F437A200E15E8AF457A100E0DE86F457A7
:10C88000A100985E8700B7A101BC5E860147F70052
:10C89000681F33000B7C018F60060127F600681FBC
:10C8A00033002B7900B01FC70017A100025E02F011
:10C8B000012700A04064F9D7A200B85E88FE17A146
:10C8C00003BFDE02F00B7A00A04138FE17A100681A
:10C8D000DE87000B7C018F60020127F60184600473
:10C8E000FFA7FD01075EAF0017A10185DE84FF876A
:10C8F000FC00025E02F00EA301BC63FF1FD7A8007C
:10C90000025E02F0109A00025E02F00E8701A8603B
:10C910000A00900402011FF700163B00A840130014
:10C92000500403BFDE02F0072000E002870020A1D0
:10C9300003BFDE02F00B8A00E0020B00208203A995
:10C94000DE02F00D13018460060910480184E00640
:10C9500009104803BFDE02F00D13032B5E02F00B3B
:10C96000B10068DE4F06AB9200E0023B00208E0370
:10C97000BFDE02F00B9300E0023700208D0323DEC0
:10C9800002F00BB50068DE4EF1CBB5020680C700A1
:10C990000B970182E001872C390187E00210708338
:10C9A0000184600209104800B05E870017A1006E84
:10C9B000E003002B9B03D1DE02F00B9C00685E4F6E
:10C9C000062BAF01BC600300083303295E02F00BA5
:10C9D000A10203DEB3000BA20191601A84F42701C7
:10C9E00083E002F597AC020200BF000BAE0206AB7B
:10C9F000D3000BA7020345AF000BA90185E0062D6C
:10CA0000716B03BFDE02F00BA90203456F000BA997
:10CA10000185E0062B715B02045EB3000BAE01875B
:10CA2000E0021070830183E00209104800025E02F8
:10CA3000F0159303BFDE02F00BB50205500B000B9F
:10CA4000B50182600609104803BFDE02F00BB50095
:10CA5000025E02F00BBC0068DE4F062BB500E00260
:10CA60004F00209303BFDE02F00BB503AB5E02F074
:10CA70000BB702044107000BBA02834107000A50BA
:10CA800003BFDE02F00BBA02844107000A500180A6
:10CA90006006F2979403BFDE02F00A50028700C3DB
:10CAA000000BC00068D213000BC001BC6003001172
:10CAB0008301BC60030011820002DE02F00000036B
:10CAC0009F5E02F00BC4039EDE02F00E3502035E91
:10CAD00053000E35010C81430017A10068DE87006A
:10CAE0002BC9010001630017A10102C0270017A292
:10CAF0000038DE86F44BB903AB5E02F00BCB0200CC
:10CB00005217000BB90280522F000BCD03335E0287
:10CB1000F00E3502181DF3000BF101BC601B06106E
:10CB20006501BC60031BB7A400025E02F001720045
:10CB3000B05E8F0017A60068DE931BABED0207C145
:10CB400097000BDA01385A070017A1013C5A070079
:10CB500017A201BC5A0AF457A2013C5A0B0017A3B2
:10CB600001BC5A0EF477A303BFDE02F00BDD013CDB
:10CB70005A030017A100B05A070017A200B05A0BC1
:10CB80000017A3006D5E87008BE701BC61BF0A1729
:10CB9000A50068DE8AF4ABE201BC60271357A5004C
:10CBA000685E8EF4ABE601BC605F0017A50068DE2E
:10CBB0008AF4ABE701BC60171E57A50068DE8EF44F
:10CBC000ABE703BFDE02F00C2900D85E870037A177
:10CBD00000E14196F4306500E1C19700306501F055
:10CBE00041970017A200E05E8B0077A2006D5E8A7D
:10CBF000F4CBD000E840330097A5006E5E96004C61
:10CC00002900B01DEF0017A10068DE840A0E35026E
:10CC10003C523F000C02013C523F0017A10068DE6D
:10CC200084048C2701BC600316106401BC601B06E1
:10CC3000306500685E87002BFE00B05A030017A223
:10CC40000068DE8AC00C2700E0419700306500E0F4
:10CC5000419300306400E85E870057A1006A5E8758
:10CC6000002BF700685E87000C0301385A03001799
:10CC7000A1013858030017A20068DE86F44C270390
:10CC8000BFDE02F00C030285C107000E3501BC6057
:10CC90001B06106501BC600305B7A400025E02F02C
:10CCA0000172028000C3000C2701BC60131417A698
:10CCB00000E0017F00B7A5006D5E96F4CC0B01BCCF
:10CCC00060130C97A500685E940BCC2B00B0017B21
:10CCD00000106500B052270017A200B0522B0017B9
:10CCE000A3006841940BEC160068DE8ED04C120055
:10CCF000685E8AD02C2700E0419700B065006D4146
:10CD000096F4CC0F01BC60130C906503BFDE02F0FB
:10CD10000C0F00E0028B0020A200B0017F00106524
:10CD200000B0522300168000B0522700168100B0D8
:10CD3000522B00168200808ECF0197A200E0015E88
:10CD40000DB0640203587F000C2001BC602F003737
:10CD5000A103BFDE02F00C2101BC5202F2F7A101D7
:10CD6000A95E02F4368300904467011684020281B2
:10CD7000AB000C250068DE9305AC2601846006D06C
:10CD8000968400B05E9700005F020781AB000C291B
:10CD900001806006F2979403AB5E02F007DF03BFE9
:10CDA000DE02F00A5000E0028F0020A303BFDE0283
:10CDB000F00BB903835E02F00C2F006D4033038C3F
:10CDC0002D006D4033038BB9032B5E02F00E390347
:10CDD000BFDE02F007DF032B5E02F00C3700E0023B
:10CDE0003300208C020681AB000C360183E00587FE
:10CDF0002C3903BFDE02F007E100E0024B00209275
:10CE0000008800230037A200E05E8800F7A200E05F
:10CE1000001AF451890186E00630118003BFDE025A
:10CE2000F00BB5032B5E02F00C3800E01353002426
:10CE3000D403BFDE02F007DA02045247000BB5014B
:10CE4000BC601F10F06401BC60030177A101BC63EA
:10CE5000FF1FE79300E04186F4306501BC63FF1FCC
:10CE6000F60000E05E870077A100025E02F00F1F6F
:10CE70000200C077000BB5012940770017A2006DB2
:10CE80005E8B04CBB500E85E8B04D60001BC601F4E
:10CE900005F06300E0418EC010630200D603000B72
:10CEA000B502065603000BB50184E006F597AC0108
:10CEB00016D6030017A200885E8B0077A200E0015F
:10CEC0009EF4506500B041970004C201BC602B186D
:10CED00017A100B05A0F0017A200025E02F0012B4A
:10CEE00001BC602B1837A100B05A130017A2000232
:10CEF0005E02F0012B00B0418B0004D903BFDE02BB
:10CF0000F00BB503A2DE02F000C203A3DE02F00CB8
:10CF10007A00E001FF00207F01BC60030017A3033B
:10CF2000BFDE02F00C7C018760040310A001BC602E
:10CF3000030051E400B0479300180001BC600302F5
:10CF4000900401BC620F0011E001BC600F0131E8E8
:10CF500000B047A300180001BC600F0011E801BC3D
:10CF600060030131EC00B047B300180001BC60035E
:10CF70000011EC018460060910480020601E090CB5
:10CF80007100E001FB00207E03BFDE02F00C850192
:10CF9000BC60030ED7A1011400630017A200E05E7D
:10CFA00086F4506500E05A03003680020300C70093
:10CFB0000C7703A95E02F00C7C0291509F000C7B61
:10CFC0000191601A84F42703BFDE02F00C7B00E0BD
:10CFD00001FF00207F01BC60030037A30323DE02B2
:10CFE000F00C850183E00209104801846002F59786
:10CFF000AC01BC6003000ABB01BC600300178E02D9
:10D000000680C7000C830182E001872C390187E08C
:10D01000021070830182600209104803D0DE02F022
:10D020000C8603D05E02F00C870182E002091048F2
:10D0300003D5DE02F00C8901BC60030010B401BC12
:10D04000600300F7A1006800A7000C8D0185421A5B
:10D05000F437A100025E02F0012700B0406700171C
:10D06000A501BC63FF1FF7A200025E02F0012B00C6
:10D070008860070157A400B85E86F497A100025E9D
:10D0800002F0012B0283C21F000C9400025E02F02A
:10D09000114C02844523000C9603D0DE02F00C985C
:10D0A00000685E8F0000020020E01E090C9C00B0AA
:10D0B0005E9700142E03BFDE02F0036E00A841232A
:10D0C00000F04803BFDE02F0000201836002091095
:10D0D0004800E0021300208403BFDE02F00CA4012C
:10D0E000BC6007001042006E4030020CA400E00259
:10D0F0007700209D00025E02F0170A03A35E02F093
:10D100000A5003C6DE02F00CA7032ADE02F00CAEC2
:10D1100000B0304700080800B0304B00080900B0EC
:10D12000304F00080A00B0305300080B00B03057F1
:10D1300000179F03BFDE02F00D130184E006091003
:10D140004803BFDE02F00D13020681AB000CB302F0
:10D1500081B0E70000BD028330E70000BD028445D6
:10D16000230000BD0320DE02F00CBB0068A0C70056
:10D170000CB801BC609F0217A100E04466F428319E
:10D18000006B4465062CBC0020E1020900BD0002D2
:10D190005E02F00D2F01BC60030008310020E38A1D
:10D1A0000900BD028445230000BD00B05E87001762
:10D1B000A103915E02F000BD0396DE02F000BD0304
:10D1C000965E02F000BD00025E02F00D2F00E10D40
:10D1D000B228E36C00E08DB700036D01BC60030072
:10D1E000114701BC600300602000680173000CD788
:10D1F00001BC60130890E600025E02F0016A00B014
:10D2000001730010E401BC600300000601BC600370
:10D2100000005C01BC600301D78201D2DE0877F018
:10D22000E000B00F030010E100B0004700108600DE
:10D23000B00F1F00108A01BC600300378100025E3E
:10D2400002F010700190600A09104801BC610300EF
:10D25000308003BFDE02F0000201BC6003003042F8
:10D260000187E00224712300025E02F014DB0397C1
:10D270005E02F00D4303125E02F00CDA01BC6003A3
:10D2800000402001BC6003000B8901BC6003001159
:10D290004901BC618300112500B0007B001127010A
:10D2A000BC60130C805E01BC60130C805F0180E0E9
:10D2B00006F5D7AE0107C1070017A101805E86F50C
:10D2C00077AB01BC600F0011E801BC620F0011E0F8
:10D2D00000025E02F00CF701BC61CF0C105C01BCD7
:10D2E000600300105D01BC61CF01F05E01BC603BDA
:10D2F0000AF05F01866005610B0800025E02F0140F
:10D300005C01866001610B0801BC600300082E020D
:10D310000300C700001201BC60030006B201BC603C
:10D32000030006B701BC60030006BC01BC6003003B
:10D3300006C103BFDE02F0001201BC60430017BB50
:10D3400000A04122F7704801BC63FF1FF05401BCEC
:10D3500063FF1FF05501BC63BF1FF05601BC63FFA4
:10D360000FF05700025E02F0170A0187E0062471F1
:10D370002301BC600300105401BC60030010550180
:10D38000BC600300105601BC600300105701BC6074
:10D390000F0020170106C1070017A101825E840259
:10D3A000E017010741070017A100B85E870037A109
:10D3B0000180DE870000160002DE02F00000028518
:10D3C000C03700000200025E02F0123602864037CB
:10D3D000000D0A00E0021B00208601BC6003010B67
:10D3E000890386DE02F00CA10287C037000CA10081
:10D3F000025E02F017D003BFDE02F0001201B86037
:10D400000A04902403AA5E02F00D1601586003007E
:10D41000102A01BC600302900400B0401300180001
:10D420000183600209104801806000FFA7FD00022F
:10D430005E02F0123603855E02F00D1A01BC620F27
:10D440000011E001BC600F0131E800B047A30018F3
:10D450000001BC600F0011E801BC60030157A1008E
:10D46000E85E870037A10068DE87000D2101BC60FF
:10D470000302900400B0401300180001BC600301D7
:10D4800031EC00B047B300180001BC60030011ECA0
:10D490000324DE02F0072001866006F577AB000268
:10D4A0005E02F00D2F0180600610308100B05E87B3
:10D4B0000017A10180600210308103BFDE02F00777
:10D4C00020020601AB000D3101806001872C39017B
:10D4D000BC610300108000B04203001800006EE041
:10D4E00003002D3403505E02F00D3700015E02F0A0
:10D4F000000003BFDE02F0039401846002F597ACE4
:10D5000001BC6003000ABB00A8412304F04801826B
:10D5100060020910480206DEAF000D3E03D5DE02B0
:10D52000F00D3E0350DE02F00D3C01BC6003001024
:10D53000B40284C783000D4101BC600B0011E001FF
:10D540008E6002F577AB0002DE02F0000003A2DE7F
:10D5500002F000BD02BC4287000D4A01BC6003001E
:10D5600037A401BC60031FF7A3011400630017A2D6
:10D5700000886006F457A203BFDE02F00D4F00885A
:10D5800060070117A401BC63FF0017A30114006327
:10D590000017A200E05E8B0117A200886006F45716
:10D5A000A201BC60131B906501BC601B1850640194
:10D5B000BC60030017A50020C286F48D5900E0412D
:10D5C0009706D06500E0419301F06400E05E9700AB
:10D5D00037A500885E930037A400205E92F46D7832
:10D5E00003BFDE02F00D520068DE92F44D5E00686B
:10D5F0000083006D5E03A0DE02F00D5E0020C123FB
:10D60000160D5300025E02F00D2F006DDE93200D0B
:10D6100074020300C7000D68006DDE97008D68017D
:10D62000BC600300160801BC600300160901BC6061
:10D630000300160A01BC600300160B01BC60030066
:10D64000160C01BC600300160D01BC600300160E31
:10D6500002005AC3000D73023C5A9F000D7300680C
:10D660000083006D730385DE02F000BD03855E025A
:10D67000F000BD03A2DE02F000BD03A3DE02F00055
:10D68000BD0397DE02F000BD00B0419700106001BD
:10D6900091600A84F42703BFDE02F0036E0180600C
:10D6A00002D616B000B05E930010A101836002F7AD
:10D6B000F7BF01BC600300304303BFDE02F00D532F
:10D6C000006880830060BD03BFDE02F00CDB0283D4
:10D6D000C21F00000200B05E870017A103D0DE0267
:10D6E000F0063D01BC6003041042039EDE02F00020
:10D6F0001200B05E3F00114501BC600300178F00AF
:10D70000B05E4300178500B05E0F00179000025E08
:10D7100002F00D2F03BFDE02F00012006D40330552
:10D720008BBA03AC5E02F00D8A00685E4F028DEB8F
:10D7300000E0026700209903BFDE02F00DEB0068F5
:10D740005E4F028DEB028030DF000D8E00E0025F45
:10D750000020970180600586EC3700025E02F00E23
:10D76000AF01866002F5B7AD01826002F5D7AE0168
:10D77000BC6003000AB5039EDE02F00DA00321DEAB
:10D7800002F00DA000E0026F00209B00025E02F09C
:10D790000D2F0186600209104800A841230130487E
:10D7A00001BC60030210420280441F000D9F00B0C4
:10D7B0005E3F00114501BC600300178F00B05E435F
:10D7C00000178500B05E0F00179003BFDE02F00D5A
:10D7D000A000A044B6F07145028200C3000DEB002A
:10D7E000B000730017A100E05E86B017A100E15EF3
:10D7F0007AF4379E00E1DE7700179D00E1DE7300CA
:10D80000179C00E0DE6F00179B039EDE02F00DAF59
:10D81000006E5E6E924E21006D5E6E924DAF006E98
:10D820005E72922E21006D5E72922DAF006E5E765A
:10D83000920E21006D5E76920DAF006DDE7A91EE54
:10D840002102003097000DB400B05E7B000C320066
:10D85000B05E77000C3300B05E73000C3400B05E35
:10D860006F000C35028201AB000DC500B0446700AB
:10D87000082D00B0446B00082C00B0446F00082B4A
:10D8800000B0447300082A0068A0B6232DAF00E959
:10D8900020B6F3D79E00E9A0B2F3B79D00E9A0AE91
:10D8A000F3979C00E8A0AAF3779B00E15E7A91F7DA
:10D8B000A100B05E8700111900E1DE7692111A0016
:10D8C000E1DE7292311B00E0DE6E92511C0068DED8
:10D8D00086232DBE03BFDE02F00DEB00E9523EF3BE
:10D8E000D7A100E9D242F3B7A200E9D246F397A349
:10D8F00000E8D24AF377A400880ECF0057A500E0D5
:10D90000015EF4B06400E95E86C9A78100E9DE8AA1
:10D91000C9C78200E9DE8EC9E78300E8DE92CA0744
:10D920008400808ECF0197A501BC601F077780001F
:10D93000E05E020DB06500885A0F00F7A500B05EEA
:10D94000970817A50134DA0F0017A600E95E94F0D6
:10D9500037A500E8DE98F057A6017BDE96F4D7A540
:10D9600000685E96D06DEB00E85E96D077A600B0BA
:10D970005E9700168300685A13000DDD00E05A160A
:10D98000F4D68500685A1B000DDF00E05A1EF4D65D
:10D990008700885E9B00F7A10134DE9B0017A2017F
:10D9A000BC60030017A301BC60030017A40069DE7C
:10D9B0009B000DE701BC63FF1FF7A301BC63FF1FC2
:10D9C000F7A401C3DE8EF457A200E95936F4364DB0
:10D9D00000E9D93AF4564E00E9D93EF4764F00E812
:10D9E000D942F49650031EDE02F00E21039F5E0220
:10D9F000F00E2100685E4F028E21032C5E02F00EB5
:10DA00002101BC601B06D06501BC600300B7A40007
:10DA1000025E02F0017202003097000DF600685EAF
:10DA20009300ADF600E030C7002C3103BFDE02F0FA
:10DA300018840068DE9300AE210207C197000DFC38
:10DA4000013C5A070017BB013C5A0B0017A10138D3
:10DA50005A07000C2603BFDE02F00DFF01385A07FB
:10DA60000017BB01385A0B0017A1013C5A03000CE8
:10DA70002600B05E87000C2700808ECF0197A200A1
:10DA8000E0015E0DB06400B05EEF0016280181DE9B
:10DA900086C3F61F00683073FFEE0802005E870041
:10DAA0000E08008830730071260090307301B12891
:10DAB00000683077FFEE0C00B04467000C1E0200D7
:10DAC0005E87000E0C00E0446583AC1E0187DE8695
:10DAD000249124020680F3000E100181E002C3F6B7
:10DAE0001F0187E00224912402003097000E2100DC
:10DAF000E030B7002C2D028680F3000E140281D88E
:10DB00007F000E1F00B0309F0017A100025E02F0E0
:10DB10000F0802805E8B000E1F00E85E6984D7A1AB
:10DB200000685E85846E1B00E030BF002C2F03BFB1
:10DB3000DE02F00E1F00E030BB002C2E01BC6003A3
:10DB4000000C2501BC600700104303BFDE02F00D8E
:10DB50001300E85E6984CC2303BFDE02F01884035F
:10DB6000AB5E02F007DF03BFDE02F00A50032B5E5C
:10DB700002F00BB903BFDE02F007DF03AB5E02F079
:10DB80000E28032C5E02F00BB903BFDE02F00E3943
:10DB900000B052230011F200B052270011F300B080
:10DBA000522B0011F401BC60030091F501BC60032D
:10DBB00008104200B0005B0011F003BFDE02F00766
:10DBC000DF0138523F0017A102065E53000E3201FA
:10DBD00038524B0017A10068DE87008E3503AB5E1C
:10DBE00002F007DF03BFDE02F00A500068DE4F02DA
:10DBF0000E38020781AB000E3801806006F2979460
:10DC000003AB5E02F007DF020000F3000E3E0206E7
:10DC1000DE53000E3E01185E830017A10068DE8708
:10DC200000AE3E01BC600B02514202005217000BD5
:10DC3000B903BFDE02F00A5001BC6003001183018A
:10DC4000BC6003001182032C5E02F00E450199E0D6
:10DC50000620110003BFDE02F00E490119402F001B
:10DC600017A100685E87000BB50199DE86201100C0
:10DC700003315E02F00BB500A05E3B0097A20020CE
:10DC80005E4EF44BB50184600209104803BFDE020A
:10DC9000F00BB503AB5E02F00E5000025E02F00B1B
:10DCA000BC03BFDE02F00BB50068DE4F042E54004B
:10DCB000B0523300179F00B0522F0010EB02815278
:10DCC0002F0007CA00E002AB0020AA0281522F00F9
:10DCD0000B9303295E02F00E5A0203DEB3000E5AC4
:10DCE0000191601A84F4270183E002F597AC0208E1
:10DCF000522F0007DF03BFDE02F00A5001BC6003B1
:10DD000000106701BC60030010460180E006093086
:10DD1000490282C11F000E6401BC603F1FF0650113
:10DD2000BC600300168000E841970030650069C1BF
:10DD300097000E6101BC600B00179401BC600300EA
:10DD400017AB01BC60030017AC01BC60030017AD4A
:10DD500001BC60030017AE01BC60030017BF01BC2B
:10DD600063FF1FF7B501BC600300202001BC600306
:10DD70000017A100025E02F0012701384067000091
:10DD800028011C406700002901BC600300504901C4
:10DD9000BC60030017A701BC60030017A801BC60AA
:10DDA000030017A901BC60030017AC01BC600300AD
:10DDB00017AD0182E0060F10780206C1E3000E776E
:10DDC000006880A7000E7A03BFDE02F00E7B0068B9
:10DDD00080A7008E7B01BC601302600001BC602341
:10DDE0000E400101BC63F318600201BC614B156079
:10DDF0000301BC600300000401BC60430520050171
:10DE0000BC601B04306101BC601702506001BC6043
:10DE10000300082200B05E0F00178500A044B6F092
:10DE2000714503BFDE02F00CC30183E0060F1078DA
:10DE300001885E5CFEC7F601BC601F1E900701BC36
:10DE40006003019008018860060090040386DE02EA
:10DE5000F00CA10305DE02F00E8C0386DE02F00C4E
:10DE6000A10385DE02F00E8E00B05E870017A100D0
:10DE70006EE003002E920386DE02F00CA1006EC05D
:10DE8000146FEE9501BC60070010420002DE02F044
:10DE9000000003215E02F00E9A00E0204AF42812EE
:10DEA00000B0204B00178B03BFDE02F00EA20281F0
:10DEB00050C7000E9F011C509F00178B00E05E2E84
:10DEC000F4378B019C5E2E84F42703BFDE02F00E34
:10DED000A2011E509F00178B00E05E2EF4378B01CD
:10DEE0009E5E2E84F4270002DE02F000000068002F
:10DEF000A7008EA80102C027000821006880A700A3
:10DF0000AEAE00E020870028210002DE02F0000013
:10DF100001BC600300282101BC402B0017A1009820
:10DF20005E870117A10098402B0117A2006ADE8AC4
:10DF3000F42EAE01BC60030088210002DE02F00076
:10DF400000028280BF000F0700B0418F000813005D
:10DF5000B0418B00081400B044670017A2017BDEBB
:10DF60008A2357A101BC601F07706501BC600300D4
:10DF700017A201BC601F03D06401BC601F11506375
:10DF800000685A03000EFE01BC601F0FB06200E083
:10DF9000418AF450620090540300F7A6006B5E863D
:10DFA000D06ED400B05A030017A300E05A0EF4D587
:10DFB0008000E05A0EF4768300E85A2F00368B007A
:10DFC00069DA2F000EC300E85A0700368B006CDABE
:10DFD0000EF42EBE00E85A0EF437A400905A030047
:10DFE00077A5006EDE92F4AECA01BC600300360075
:10DFF00001BC600B00104301BC60030027890020B6
:10E000005A0B080ECD01BC600300279203BFDE024D
:10E01000F00ED400205A0B140ED400202C27080E2A
:10E02000D000205A0B040ED401866006F5B7AD006F
:10E0300088009B00D1260090009B01512801BC6301
:10E0400003001124006B5E86B00EDC00685A1300DA
:10E050000ED901886006D0568200B056030017A47E
:10E0600000E05E92D0968500E05A0EF4D580002044
:10E070005A0B080EDC01BC600300079200685A13BB
:10E08000000EE4006B5E86D0AEE40188600AD056D4
:10E090008200B056030017A400E05E92D09685017E
:10E0A000BC600300360101BC600B00104301BC6082
:10E0B0000300278900685A1B000EFE006B5E86D0A5
:10E0C000EEFE02015A0B000EF300E85A1B003686E2
:10E0D00000B05A270017A300E05A1EF4768701BC4F
:10E0E000601F11D06200E0418AF4506200B05A2BE8
:10E0F0000017A300E05402F475000203D403000EDD
:10E10000F100E05A1F00368701305403001500016A
:10E11000816002D0568203BFDE02F00EF600B05AD4
:10E12000230017A300E05A1EF4768701816006D011
:10E13000568200685A1B000EF8006CDA1EF42EE6B8
:10E1400002015A0B000EFB01BC600300360203BF44
:10E15000DE02F00EFC01BC600300360301BC600B64
:10E1600000104301BC600300278900E04197019043
:10E170006500E05E8B0037A200E0419300906400F0
:10E18000E0418F003063006D5E8B008EB802981DF9
:10E19000F3000F0501BC600300079200B0204F00A0
:10E1A000106300B020530010620002DE02F0000095
:10E1B00001BC60030017A20068018B000F1E0090D5
:10E1C000018B0077A201806002F437A1006E5E86A9
:10E1D000F44F1E0207C197000F1001385A070017AD
:10E1E000A303BFDE02F00F11013C5A030017A30086
:10E1F000E85E8F0097A300E85E8AF437A2006A5EAB
:10E200008AF46F1E00D0419700306400E05E8B00FE
:10E21000B7A300E04192F4706400D84193003064E9
:10E220000207C193000F1B013C58030017A103BF55
:10E23000DE02F00F1C013858030017A100A0018B6B
:10E2400000F7A200905E86F457A20002DE02F00002
:10E250000000B05A0300101F00B05A070010200041
:10E26000B05A0B0010210180600700101D02804091
:10E2700077000F230002DE02F000000187E002F5C4
:10E2800077AB03915E02F000020020E3FE0900027A
:10E290000200421F0000020068C2F3000002028474
:10E2A00045230000020068C0170000020068AB9719
:10E2B00000000200025E02F00EAF00683073FFEF54
:10E2C000310207C493000F3C00683077FFE0020082
:10E2D000683077FFEF350068307B000F3B006BC480
:10E2E0006583CF3C03BFDE02F0000201BC601F0764
:10E2F000706400E041930617A20068D82F000F3920
:10E300000281D80B00000200E04193019064006D8F
:10E310004192F44F370287C49300000200689E4B7D
:10E3200000000202815E53000F4A0283411F000F6A
:10E33000400281DE53000F5B01BC600300115101FC
:10E34000BC600300115201BC620300115301BC60A8
:10E350000300515001896006F2979401BC60E70008
:10E36000107701BC600300107601BC60031117A395
:10E3700000025E02F0013403BFDE02F00002028000
:10E38000C54300000201F0C5470011560107C5470B
:10E390000017A101F0C54AF4315500B045570010EF
:10E3A0007700B0455B00107601BC60030E97A300B8
:10E3B000025E02F0013400B04557000C1000B04579
:10E3C0005B000C0F01BC600300115501BC60030031
:10E3D00011560090303F00CC0F00B030430017A121
:10E3E00001AD5E8581EC0F0189600AF2979401BC52
:10E3F00060030810470392DE02F00FAF020480BFF3
:10E40000000F6001BC63FF1FE7F301BC61FF1FE861
:10E410000E03BFDE02F00FB101866002F597AC017A
:10E42000BC601F07706501BC601F0FB06401BC6059
:10E43000030037A101BC60030017A300685A030062
:10E440000F9D01BC60030017A502035A0B000F6E5D
:10E4500002805A0B000FAF00E9440AC017BB00E866
:10E46000C40F0017A4017BDEEEF497A400685A13D2
:10E47000000F7C03BFDE02F00F790068DE87002FFB
:10E48000700203DE53000FAF0203DA0B000F8400AB
:10E49000B05A0F0017A400685A07002F7500685A79
:10E4A0002F002F7501BC60030037A500685A1300C8
:10E4B0000F79006CDE92D0AF7900B05A170017A424
:10E4C00001BC60030037A500201CBAF42F7C006853
:10E4D0005A1B000F9703BFDE02F00F7F00885E8794
:10E4E0000097BB00201CBAF76FAF02015A0B000F58
:10E4F000AF006CDE92D0EF9700B05A1F0017A40057
:10E50000201CBAF42F8301BC60030037A503BFDED3
:10E5100002F00F970202DA0B000F9D0204C1070000
:10E520000FAF00B05A0F0017A400E85A2F0037BBF6
:10E530000069DEEF000F8A00E85A070037BB013C94
:10E54000016F0017800068DE03000F900138016F33
:10E5500000178000685E03000F9300E85E03003739
:10E56000BB03BFDE02F00F9300E85E0300378000BC
:10E5700080DE02D0378000E05EEE0DB7BB00685E43
:10E58000EF000F9700E05E92D017A400E85EEF0066
:10E5900037BB03BFDE02F00F9300685E8F000F9A57
:10E5A000006B5E92F44F9B03BFDE02F00F9D01BC37
:10E5B00060030037A300B05E930017A200B05E971F
:10E5C0000017A600885E870037A100E04197019000
:10E5D0006500E04193003064006D5E87020F6500C6
:10E5E000685E8F000FAF00B044670017A5017BDEA7
:10E5F000962357A500E85E8AF4B7A400885E9300CE
:10E60000E4DB00905E9301271D00B0012B0017A3EF
:10E6100000689C77000FAA006E936EF46FAF03A69C
:10E620005E02F00FAF00B05E9B00078500E9136E3D
:10E63000F467F300E89C7700080E03BFDE02F00FDA
:10E64000B100681E1700000203BFDE02F01059017E
:10E65000BC61030011230069203B000FB50180E07D
:10E6600006F2979403BFDE02F00FB70180E002F2DA
:10E67000979403BFDE02F0000200684127000FC636
:10E6800002844523000FB8006800A700AFBC0068F3
:10E6900000A700CFBC006880A7010FBF00B044678F
:10E6A0000017A100E84466F437A2006D5E8B004FAE
:10E6B000BD0280C127000FC10392DE02F010590392
:10E6C00092DE02F00CE700025E02F014E700025E48
:10E6D00002F0113D00025E02F0113800025E02F00D
:10E6E000114801BC600F0011E8031EDE02F00FCDDF
:10E6F00001BC600300105C01BC600300905D01BCC4
:10E70000605304105E01BC600300105F03BFDE02B3
:10E71000F00FD101BC600B00105C01BC60030090E5
:10E720005D01BC604304105E01BC600300105F012A
:10E73000BC6003000C1E01BC600300802002850049
:10E74000BF00106000B01FCF00115100B0203B008F
:10E750001152006E1FCE2A8FDA0068A03B000FDA3C
:10E7600000E01FCE23280F03BFDE02F00FFB00B036
:10E77000446700080F00E91FCE2A915100E8A03B32
:10E7800000115201BC61FF1F707701BC63FF1FF0D5
:10E790007601BC60031197A300025E02F001340011
:10E7A000B0454B00107700B0454700107601BC60C3
:10E7B000030F17A300025E02F0013401BC602F1AA0
:10E7C000B06500B0455700169100B0455B00169249
:10E7D00000B0440B00169300B0440F00169401BC27
:10E7E00063FF1FF15201BC63FF1FF15101BC6003C5
:10E7F00000115501BC600300115601AC607F02900E
:10E8000075028741D7000FEF00B041DB0003B10074
:10E81000B041DF0003B200B0446700082D00B044EF
:10E820006B00082C00B0446F00082B00B04473004C
:10E83000082A00E14464FE6C1A00E0C46901CC1BA4
:10E8400001BC600302315000B0454300180000686D
:10E850006003000FFB01BC6003001040000080005B
:10E86000000000020480BF000FFF0312DE02F00F61
:10E87000FB0068C55700100701BC602F1AB0650087
:10E88000B05A4700115500B05A4B00115600B05A0B
:10E890004F00110200B05A5300110301BC60030085
:10E8A00017A701BC60030017A801BC600300006645
:10E8B00001AC607F0F1075028741D700100900B0CE
:10E8C00041DB00115100B041DF00115200684547A3
:10E8D00000101000E91FCE2A87F300E8A03B0008D3
:10E8E0000E01866006F597AC01BC6003001077014D
:10E8F000BC600300107601BC60030F17A300025E2A
:10E9000002F0013401BC6003001150028445430051
:10E9100010150207C1E300101600B044670017A1EC
:10E9200000685E862330180182E0060F1078020628
:10E93000C1E300101A01BC600300402001BC600369
:10E940000000660186600620110001BC60630010B3
:10E950007B01BC601B00107A01AC607F02907502E5
:10E960008741D700102100E941D876379C00E8C1E3
:10E97000DC76579B00B0303F0017A10080DE72F4B8
:10E98000379D00B041B700179E0080DE6EF4379CC3
:10E9900000E15E760DB79D00E0DE7300179C017DFF
:10E9A0005E7AF3B7A1017D5E76F397A200905E7365
:10E9B0000157A300E120B6F4311900E1A0B2F451EF
:10E9C0001A00E1A0AEF4711B00E0A0AB00111C0026
:10E9D000E10DAAF4236A00E08DAEF4436B00B0446D
:10E9E0001F001800008844230157A300904423000F
:10E9F000D7A400B0440B0017A100B0440F0017A229
:10EA000000E95E862337A100E8DE8A2357A2006969
:10EA1000DE8B00104100E1440AF4710200E0C40EF4
:10EA2000F4910300E85E230037880069DE230010BC
:10EA30003600E8002700378803BFDE02F0103601F9
:10EA400086600220110001BC600300402000E93014
:10EA50006A2337A100E8B06E2357A20068DE8B005E
:10EA6000105001BC604F1117A3006DDE86F470508A
:10EA700001BC600300104001BC600300105D018216
:10EA800060060BF05F00D05E8700713401E1DE8A22
:10EA900026913501BC6303001133000080000000A3
:10EAA00000018260020BF05F02865EB30010590025
:10EAB000681E1700105901BC60430017A100E04414
:10EAC00066F4378001BC600300078900025E02F033
:10EAD0000EAF006C4466F0105900681E27001055F8
:10EAE00003BFDE02F00F5B0200DE53001063018003
:10EAF000E002F2979400025E02F0113B01BC600359
:10EB000000104003BFDE02F0105E00E044640957CD
:10EB1000A103BFDE02F0106301BC600300104000DF
:10EB2000B0012F0017A100E0012AF4310900B00163
:10EB30002F00110901BC61CF0C105C01BC60030007
:10EB4000105D01BC61CF01F05E01BC603B0AF05F6B
:10EB500000025E02F0114400025E02F0114B00025E
:10EB60005E02F0114101BC6003000785006D80A7C3
:10EB7000008CE700E044670477A10068DE8623305C
:10EB80006E03BFDE02F00CE701885E0610D086013E
:10EB9000025E070017A101825E8610D0860002DEA9
:10EBA00002F0000000B00047001086010820470076
:10EBB0001781013852030017800102C0270017A6F1
:10EBC00000025E02F015F80068204700507B00B09C
:10EBD000540700178000025E02F0107000682047A2
:10EBE0000030830068A04700107F021A540700100D
:10EBF000830103C0270017A103BFDE02F0108201CA
:10EC000006C03B0017A101825E8610D0860002DE9E
:10EC100002F0000000B054130017A10068DE4F1688
:10EC2000B08700B054130017A10200DE0700108F58
:10EC300000B0418B00106501BC600301D7A10068E2
:10EC4000DE4F16B08C01BC60030297A100025E0289
:10EC5000F0160B00E05E8400F7A103BFDE02F010A7
:10EC600094020480F300109402025E0700109402E4
:10EC7000805E070010940090001B0037A200E8544B
:10EC800012F457A10002DE02F00000020400BF00EF
:10EC9000109800025E02F011E903BFDE02F0109945
:10ECA00000A044B6F0B1450002DE02F00000020010
:10ECB00000BF0010AA0068ABEF0010AA00E05EA33E
:10ECC0000037A8006D5EA005D0AA00B02E2F001757
:10ECD000A100025E02F0012700B040670017A20009
:10ECE00068DEA3FFF0A700B05E897197A2006D00F7
:10ECF000A70090A6006DA0870050A803BFDE02F019
:10ED000010A70068A0870010A800B85E897197A2BC
:10ED100000025E02F0012B01BC60030017A8000294
:10ED2000DE02F0000000D85A030117A201B85A060B
:10ED3000F457A200B0560300083600B0560700088A
:10ED40003700B0560B00083800B0560F00083900E5
:10ED5000B0561300083A00E05612F4483B00B05A8F
:10ED60000300083401385E8B00083500B020EF0046
:10ED700017A401BC60030017A200B0419300106506
:10ED800000B85E92D017A400E05E06F4506300F075
:10ED90005E930017A300F05E930077A400E05E8B03
:10EDA0000037A200B85E92F477A400E04192F450DC
:10EDB0006500E05602F4958000B056030017A400E9
:10EDC0006EDE8B00B0B800B85E92C0D7A200D85EED
:10EDD0008B0037A200E020DAF4483600B020DB00D8
:10EDE00017A400B85E92C0F7A200D85E8B0037A2CD
:10EDF00000E020DEF4483700D820DF0037A200E032
:10EE000020E2F4483800D820E30037A200E020E6F2
:10EE1000F4483900D820E70037A200E020EAF4489F
:10EE20003A00D820EB0037A200E020EEF4483B0087
:10EE3000B020EF0017A200B85E8AC017A200905E53
:10EE40008B0037A201BC5E8906A8350002DE02F005
:10EE50000000018060063C91E4018760063CD1E639
:10EE600001A860023CD1E6018B60023CD1E600B013
:10EE70005E8F00106300B056030011E700B0560724
:10EE80000011E700B0560B0011E700B0560F00115B
:10EE9000E701A960423C91E401A860023CD1E6018F
:10EEA0008B60063CD1E600B05E8B00106301BC6055
:10EEB000030057A1020456030010E601BC600301E1
:10EEC00017A100E0418EF4306300B056030011E753
:10EED00000B056070011E700B0560B0011E700B074
:10EEE0005E8B00106301BC600300B7A10204D6036F
:10EEF0000010F001BC60030117A102065E53001070
:10EF0000F001BC60030197A100E0418EF430630082
:10EF1000B056030011E700B056070011E700B056E5
:10EF20000B0011E701BC60030017A10206DE5300CD
:10EF300010FB00B05E8B00106302065E530010FAF7
:10EF400000A0563F01F7A103BFDE02F010FB00A0B6
:10EF5000563301F7A100B05E870011E701BC6003E2
:10EF60000011E70002DE02F0000000685E9B00D1A5
:10EF70001801BC60070211E30068DE9B00510B0022
:10EF8000E847870111E101BC60030011E201BC60A8
:10EF9000030011E201BC60030011E201BC60030048
:10EFA00011E201BC60030011E201BC60030011E248
:10EFB00001BC60030011E201BC60030011E200B07B
:10EFC0006142F451E000B058030011E200B058076C
:10EFD0000011E200B0580B0011E200B0580F001110
:10EFE000E200B058130011E200B058170011E2001F
:10EFF000B0581B0011E200B0581F0011E200B05ED3
:10F000009B0017A40068DE9B00B11601BC600300E2
:10F0100077A40192DE930217A30002DE02F0000043
:10F0200001BC60070011E300B058030011E200B01A
:10F0300058070011E200B0580B0011E200B0580F61
:10F040000011E200B058130011E200B0581700118F
:10F05000E200B0581B0011E200B0581F0011E2009E
:10F06000E00146F0106401BC60070031E300B058D5
:10F07000030011E200B058070011E200B0580B0085
:10F0800011E200B0580F0011E200B058130011E275
:10F0900000B058170011E200B0581B0011E200B098
:10F0A000581F0011E20192E01B0017A30002DE02CC
:10F0B000F00000028740C300112D01866006F010A9
:10F0C00030028640C300112F00B040C700178100F6
:10F0D00002DE02F00000028740C300113200B05E81
:10F0E000070010310186E006F010300002DE02F069
:10F0F0000000006800A701978C03BFDE02F0114AF0
:10F1000000025E02F0113B00025E02F0114B0002B1
:10F11000DE02F00000006800A701970F0002DE0287
:10F12000F0000001816006093049006800A70091E5
:10F130004000025E02F0114C0002DE02F00000000E
:10F14000025E02F0114C018160020930490002DECA
:10F1500002F000000188E00E09304900B0412700AC
:10F16000180000B0002B0010020002DE02F00000C8
:10F1700001BC60030010020182E0020F107800025F
:10F18000DE02F00000006800A701978B00B0412765
:10F190000017A100B0412701D04900B05E870017D9
:10F1A000A100B05E870017A100B05E870017A10024
:10F1B000B05E870017A100B05E870017A100B05EA7
:10F1C000870017A100B05E870017A100B05E87001E
:10F1D00017A100B05E870017A100B05E870017A1DD
:10F1E00000B05E870010490002DE02F0000001005E
:10F1F000DE530017A601BC60030037A103BFDE0287
:10F20000F0115D00025E02F00127018760060337FE
:10F21000A20068DE9B001161018760020337A20033
:10F22000025E02F0012B0002DE02F0000002024149
:10F230001F00117602825E5300116801826006F29F
:10F24000979400B0446700180000B0446B00081B9E
:10F2500000B0446700180000E844690377A4006820
:10F2600000A700916B006DDE9300517000E04467D1
:10F270000317A303905E02F011730285C5230011EA
:10F28000730068DE8E23316D01BC600302104701FC
:10F29000BC600300904301826002F2979401826097
:10F2A00002F5B7AD006800A7009176006800A700DE
:10F2B000B1760002DE02F000000201C11F001189D8
:10F2C00002855EAF00117C01856006F577AB00B06A
:10F2D000446700081E00B0446B00081F00E9446545
:10F2E00003D7A100E8C46903F7A200D05E870077C6
:10F2F000A101E1DE8AF437A200E95E862697A1002B
:10F30000E8DE8A26B7A200695E8B00118901BC6124
:10F310000300113300E144DAF4313600E144DEF455
:10F32000513701856002F577AB01BC6003011047DE
:10F3300001BC60030050430002DE02F00000020145
:10F34000AE2700118C0284C52300119601BC600F0A
:10F350000C106500E0419571306502002E27001108
:10F360009000E0419700B06501BC600F0D17A1004F
:10F370006E4196F4319400E15A0229368000E0DAB9
:10F380000700168101BC6003000B8901BC6003000B
:10F3900011490002DE02F0000000B0451F00178195
:10F3A00000B005B70017A601BC600704106401BCDB
:10F3B00060131B906501BC60030017A10205DEAF5E
:10F3C0000011B100B0580F0017800068DE842C31A6
:10F3D000A100E0582300360803BFDE02F011B90295
:10F3E000005E9B0011B10280DA030011A7011858DA
:10F3F0001F00178200E05E0B00378201985E0AC092
:10F40000F60703BFDE02F011AA011A581F00178287
:10F4100000E05E0B003782019A5E0AC0F60701F039
:10F42000DE0300378000A05E02C0578000B05E039C
:10F4300000160300A044B6F0178200B05E0B001661
:10F440000500E05E0AC0960603BFDE02F011B900B7
:10F45000B0581300178200E85E06F057A5006ADE78
:10F46000970011B700E85816F4B6050069D81700E0
:10F4700011B701BC600300160500B058170017A5AE
:10F4800000E05812F4B60600E0419302106400E078
:10F49000419706D06500E05E870037A100905E9B33
:10F4A0000037A60068DE8700919C01BC6003001154
:10F4B0004701BC600300016D0002DE02F0000001A4
:10F4C000BC600300016C01BC600300016D01BC6005
:10F4D000070A106401BC60030077A100B0428F00EE
:10F4E000178000A05E0301F78000B05E0300016E8C
:10F4F00001BC63FF1FF7A20068DE030011CB01BC53
:10F5000060030017A200886006F43781002005BA66
:10F51000F031D00068DE8AC0D1D000E005B3002110
:10F520006C00B005B6F0216D00685E030011D400D8
:10F53000205E06F011DA006EDE8AC0D1DA03BFDE8B
:10F5400002F011D5006DDE8AC0D1DA00B05E87000E
:10F5500017A300B0419300016600B0581B0017A22A
:10F5600001BC600300016C01BC600300016D00E898
:10F57000419302106400E85E870037A10069DE87CE
:10F580000011CB00B05E8F0001650002DE02F000CA
:10F590000000B0059B00106400B0581B001145002E
:10F5A000B0059B00016200B0059700016100B058F2
:10F5B0000F00178500B0580700178300B0580B00E4
:10F5C00017840118581F00178C011A581F00178D37
:10F5D0000002DE02F0000000B0058B001064006E37
:10F5E00041932A11F600A044B6F0B7A100B05E879F
:10F5F00000160500E05812F4360600B0581B001142
:10F6000045020000F30011F3006D41932811F3024D
:10F6100000DEAF0011F301BC600B02514200B05E8E
:10F620008700016F02015EAF0011F600B05E1700A7
:10F63000160301816002F577AB0002DE02F00000E4
:10F64000020145230012010287C4930012010182C6
:10F650006002F5D7AE02012C230011FE00E02C2B36
:10F66000002B0A01816001610B0802065EB70012DF
:10F670000100E02AD7002AB501866002F5B7AD0087
:10F6800002DE02F00000020200BF00120F00025E64
:10F6900002F012370202DEB30012070068428F0048
:10F6A0000F2503BFDE02F00002028881AB00120FBB
:10F6B00002845EFF00120502845EB300120502821E
:10F6C000DEFF00120502822B2F00120D00682A9B1C
:10F6D00000120F0284DEAF00120502845EB7001232
:10F6E0000500B05E870017A10002DE02F0000001F5
:10F6F00082E002F597AC0203DEFF00121902844596
:10F700002300121902012B2F0012190180E006F2CA
:10F71000979400025E02F0114C0180E002F297948F
:10F7200000025E02F0114C0180E002F297940201A7
:10F73000AC230011360181E001610B0803BFDE023A
:10F74000F01138020400C70012270206ABD30012E2
:10F75000210284C5AF00123503BFDE02F01222027F
:10F7600084C56F0012350284452300122402004232
:10F770000300123500685E4B04B23500685E4B062C
:10F78000B23500685E4B0632350182E006F597AC73
:10F790000284452300122A0323DE02F0122B018388
:10F7A000E006F597AC0180E006F29794028400C76A
:10F7B00000113600B02AD70017A2006DDE8955115E
:10F7C0003602872B2F00123202005EFF0011360234
:10F7D00007AB2F0011360181E005610B0803BFDE86
:10F7E00002F0113803BFDE02F011360002DE02F033
:10F7F0000000020200BF00144D0206ABD300124409
:10F800000104C1070017A101855E85610B08020490
:10F810002C2300124401846001610B0801BC603795
:10F820000017A201BC60031417A100B045E3001843
:10F830000000B045E300180000B045E300180001E7
:10F84000BC620300107701BC60031B507600025EAF
:10F8500002F0013E00682AEB00124900E8446557B7
:10F8600057A101BC63F71D17A2006D5E86F45249D3
:10F8700000E84466F44ABA006CC46556724B00E86E
:10F880004467002AB30206ABD3001250006DC46770
:10F8900001524E01BC6003000B100284C5AF001280
:10F8A000BD03BFDE02F012510280456F0012BD029F
:10F8B0000701AB0012530180600209D04E01BC6306
:10F8C000FF1FF7A10068C586F4325601BC60030033
:10F8D0000ABD0204DEB700144D0184E002F5B7ADA5
:10F8E0000184E001610B080202DEB300127402061B
:10F8F000ABD30012650068AAF700925D00682B0385
:10F9000000125E03BFDE02F01263018B600E2B91CA
:10F910005C0287ABD30012620182600209D04E0301
:10F92000BFDE02F012630182600609D04E00025E63
:10F9300002F0121103BFDE02F01267018360062B92
:10F94000915C00025E02F012110204DEAF0012743C
:10F950000282DEBB0012740068AAF700926C0106F6
:10F96000AB170017BB0068DEEF001270028480C77F
:10F970000012740068AAF700326F006CC4655672FA
:10F98000730068AAF700927400682B0300127400D9
:10F99000E845895AF7A1006D5E856052740186E0E2
:10F9A00005610B0802835EBB00127A0206ABD3002E
:10F9B000127800E845C95AF7A103BFDE02F01279B8
:10F9C00000E845895AF7A1006E5E8554B29702059A
:10F9D000DEB700129300E02B97002AE501BC60031C
:10F9E000000AE700682C4700127F00E82C47002B34
:10F9F0001101866002F5B7AD0204DEFF0012890036
:10FA0000B02B9B0017A200B02A9B0017A10283AC69
:10FA10002700128600682C87001287006D5E8564BF
:10FA2000328700B02C7F0017A2006D2B96F452890C
:10FA30000184E002F7F7BF0206DEFF00129300E048
:10FA40002BC7020AF100B04467000AFC01182BC75B
:10FA50000017A1011A2BC70017A2006E5E870012C3
:10FA600091006DDE895E529103BFDE02F0129301B8
:10FA7000BC6003000AF10186E002F7F7BF02025EF4
:10FA8000FF00144D0068AAEB00144D00B02AC70017
:10FA90000ABA03BFDE02F0144D0182E002F7F7BF9D
:10FAA00002862C2300129F0068B05B00129B006846
:10FAB000305F00129F00E9446582D7A600E8C46960
:10FAC00082F7BB00E10EE2F4C3B800E08EE6F76314
:10FAD000B902025EFF0012A7020600C70012A402CC
:10FAE000802BD30012A400B02B2B0017BB006E2B71
:10FAF00002F7744D02025EFF0012A700B0446700D7
:10FB00000ABA03BFDE02F0144D0205DEB70012B5DB
:10FB100000682AF70872AA00E8446555CAB600686A
:10FB20002C470012AC00E82C47002B1100E02B9F63
:10FB3000002AE700B02BA30017A100B02A9B0017F2
:10FB4000A20283AC270012B200682C870012B30017
:10FB50006D5E896432B300B02C830017A1006D2B59
:10FB60009EF432B501BC6003000AE50068AAF70004
:10FB7000B2B800B04467000AEF00B0446B000AF36B
:10FB80000068AAF70132BC00B04467000B0B020604
:10FB90002BD30012BC00B02C7B010B1E03BFDE0276
:10FBA000F0144D020701AB0012BF0180600609D0BE
:10FBB0004E0204DEB70012C80283C5730012C201F0
:10FBC000876006F577AB0282DEB300144D0203C5F1
:10FBD0007300141C00E844655637A1006D5E85551E
:10FBE000B44D01836006F5D7AE03BFDE02F0144DBD
:10FBF00000E10ED30023B400E08ED70003B50286E7
:10FC00002C230012CD00B04467000C1600B0446BEA
:10FC1000000C170206AC230012D001846002F5B775
:10FC2000AD0186E001610B080206ABD30012D701DB
:10FC3000BC6003000AD7006D45C71F52D400B04511
:10FC4000C7000AD700E044655AF7BB00E85EEE2E15
:10FC50002AB103BFDE02F012DC01BC6003000AD748
:10FC6000006D45871F52DA00B04587000AD700E0D3
:10FC700044655AF7BB00E85EEE2C2AB101836002AE
:10FC8000F5D7AE0184E006F5B7AD0185E002F5B722
:10FC9000AD01826002F7F7BF01856002F5B7AD01E3
:10FCA000BC6003000B0500E844655637A1006D5E9B
:10FCB000855DD2E2006D5E8555B2E600E02B630003
:10FCC0002AD800B02A930017B30206ABD30012F56E
:10FCD00001BC600301917800B045E300180000B05A
:10FCE00045E7000AC401BC600301B17800B045E3F8
:10FCF00000180000B045E7000AC501BC600301D14F
:10FD00007800B045E300180000B045E7000AC601DE
:10FD1000BC600301F17800B045E300180000B04575
:10FD2000E7000AC703BFDE02F0130101BC60030055
:10FD3000117800B045E300180000B045E7000AC4A0
:10FD400001BC600300317800B045E300180000B04A
:10FD500045E7000AC501BC600300517800B045E3E7
:10FD600000180000B045E7000AC601BC600300713E
:10FD70007800B045E300180000B045E7000AC7016D
:10FD800082E001610B080207AB1B0013040182E053
:10FD900005610B0800B02B170017BB01285EEF00B0
:10FDA0000ABD01BC60131C57BB02182B1B00130BB0
:10FDB00001182B1B0017A60080DE9AF777BB00B056
:10FDC00041B70017B301342B1B0017A201182B1BDE
:10FDD0000017A300682AF70033180068AAF70093F9
:10FDE0001100685E8F00731A03BFDE02F013180063
:10FDF000682AF70133170068AAF70053150068DE78
:10FE00008B00731903BFDE02F013170068AAF70016
:10FE1000731A0068DE8B00D31900685E8F00331AF6
:10FE200000685E8F00131A018760055E8AF4020382
:10FE30002BD300132200682AF702D31D0068AAF70B
:10FE400002B32201BC60131C57BB0234AB17001372
:10FE5000220134AB170017A60080DE9AF777BB00AB
:10FE6000B041B70017B302022C27001324018660AB
:10FE70000560AB05006E2AF701F32800886005577E
:10FE8000B7BB0020DEED5C532B03BFDE02F0132E68
:10FE900000E82AF70217BB00886006F777BB00204E
:10FEA0005EED5C732E01856006F5B7AD020480C37C
:10FEB00000132E0184E00560AB05006E2AF701F304
:10FEC000350088600557B7BB00205EEF0193330112
:10FED00086600160AB050068AC470013390020DE86
:10FEE000ED5A933803BFDE02F0133900E82AF70217
:10FEF00017BB00886006F777BB00205EED5AB33968
:10FF00000184600560AB050068AAF702F342010DA9
:10FF1000AB170017A1010EAB170017A200685E8790
:10FF200000134200E05E86F457A100E05E87080AF5
:10FF3000BD0186600160AB0500682C4700134201DB
:10FF400084600160AB0502032BD300134E01836074
:10FF5000015AAAD500682AF702D3490068AAF70215
:10FF6000B35E0068AAE700134C0068AB2300134C93
:10FF70000282DEBB00134C02072B1B00134C0184D2
:10FF8000600560AB0503BFDE02F0135E0283C5733C
:10FF900000135E00025E02F015BE0068AAF702B30D
:10FFA0005E018360055AAAD500E02C8F002B230147
:10FFB000856002F5B7AD0068AAE700135E0068AB84
:10FFC0002300135E0282DEBB00135E00B02AC30072
:10FFD00017A201342B1B0017A1006EDE87061359F0
:10FFE00000B02ABF0017A2006E5E8964735E01BC78
:10FFF0006003000B2301BC6003000ADA0185600680
:020000041005E5
:10000000F5B7AD0184E005610B080068AAF700B3FD
:100010006802075EFF00136801342B1B0017A30062
:100020006DDE8D60336800685E8F0013680283ABFD
:10003000170013660183600560AB0503BFDE02F0A5
:10004000136800B02BDB000AF000B0446B000AF725
:100050000068AAF70133770202AC2700136B018610
:10006000E00560AB050281ABD300137701BC6003F0
:10007000000ADA00682C2F00137700E844656177E6
:10008000A1006D5E8561937400B02C330017A2004F
:10009000E05E8961B7A2006DDE86F453760200ACA3
:1000A000230013770185600560AB0503BFDE02F016
:1000B00013770180E001610B080068AAF701137A49
:1000C00000B02AC7000AD10187E006F7F7BF020790
:1000D000DEFF00137C0181E00560AB0500682AF7B4
:1000E00000338100682AF701F38102852BD30013C6
:1000F0008000682AF70313810068AAF70093920131
:10010000826006F7F7BF00B02AC7000AB90068AAE4
:10011000F703138800682B2300138800B000130036
:100120000ABD00B02B7F000AC003BFDE02F01391AE
:100130000068AAF7009392011C2B17000AC0010661
:10014000AB170017BB00685EEF00138F01BC6003A4
:10015000006AC300B02C7B004B1E03BFDE02F0130D
:100160009100A82C7B004B1E01BC6003008AC300D9
:10017000B02AC7000AC80202DEBB00139F0284DE59
:10018000FF0013950206DEFF00139F00B02AD70080
:1001900017A2006DDE8955139E00B02B9B0017A29D
:1001A00000B02A9B0017A10283AC2700139C0068B3
:1001B0002C8700139D006D5E8564339D00B02C7FFD
:1001C0000017A2006DAB96F4539F0182E00560AB6F
:1001D000050286ABD30013AD0088600557B7A100B8
:1001E00020DE856393A500E82AF70217A100886046
:1001F00006F437A100205E8563B3AB00682C6F0066
:1002000013AB01342B1B0017A2006E5E8B0293AA66
:1002100000B02C7B002B1E03BFDE02F013AB00A846
:100220002C7B002B1E0068AAF702F3AD00B04467D8
:10023000000B1B00E05ECD54B7B301826002F5D71E
:10024000AE00B02C2B0017A100B02AD70017A200D7
:100250006D5E895513B402865EB70013C503BFDE19
:1002600002F013B6006D5E855FF3CA02812C230095
:1002700013C501BC601F07706501BC601F1150648D
:1002800001BC601F11D7A400685A030013C1008885
:10029000580300F7A30134D8030017A200E95E8ECB
:1002A0002337A301C3E0022357A500E8DE8AF4B791
:1002B000A20068DE8B0013C1006EDE8EF673C500EF
:1002C000E0419300306400E04197019065006D418A
:1002D00092F493B903BFDE02F013CA00682AF70054
:1002E00093CA00682AF70053CA00682AF70073CA45
:1002F00001826006F5D7AE00025E02F015BE01BCB9
:1003000060131C57BB01342B1B0017A20080DE8A30
:10031000F777BB00B041B70017A200682AF7005377
:10032000D700682AF70253D700682AF70273D7006C
:10033000682AF70073D700682AF70853D700682A9D
:10034000F70873D700682AF70893D700682AF703DD
:10035000D3D703BFDE02F013E60185E006F5B7ADA3
:1003600000685E8B0013E100B05E8B000AA601827C
:10037000E006F5D7AE00682C8B0013DE006E5E89B8
:100380006453DE0181600563CB1E00E02BAB002AC5
:10039000EA006E5E896013E10182600560AB0500D2
:1003A000E844655637A100B044670017A300682AE7
:1003B000F70893E500E85E8EF42AAE01846002F748
:1003C000F7BF0282DEB300144D0203C57300141C94
:1003D00000B02AAB0017A200B02AB30017A3006830
:1003E000AAF70093F602802BD30013F600B02B037C
:1003F0000017A1006D5E855873F20180E00560ABC7
:100400000500682B4F0013F201BC6003000ABC001A
:10041000025E02F0159B00685E870013F600682BF1
:10042000E70013F600B02BE70017A200B02BEB009B
:1004300017A300685E8F0013FF00682AEB0013FF0C
:1004400000E844655757A100E05E8EF457A2006DA6
:100450005E86F453FF0181600560AB0500682B4F99
:100460000013FF01BC6003000ABC00025E02F0152D
:100470009B0281AB2F00140402005EFF00140402F3
:1004800004452300140403A0DE02F014040183E0F9
:100490000560AB050281AC2700141C02862C1700F6
:1004A000144D0286AC1700144D028080BF00144D1D
:1004B00002825EBB00144D02822BD300141C028109
:1004C000AC1700141C0280AC1700141C02812C17FE
:1004D00000141C02822C1700141C028881AB00142B
:1004E0001C0282AC1700141502832B1700141C0287
:1004F000832C1700141502852C1700141502842C68
:100500001700141C0284AC1700141C0283AC1700E3
:10051000141C02845EB700141B0204DEAF00141B1F
:100520000281DEBB00141B0184E002F577AB000200
:100530005E02F0159F03BFDE02F0144D00E8446533
:100540005637A1006DDE8554B4280206ABD30014E3
:10055000210183E0022B915C03BFDE02F0144D0108
:1005600083E0022B915C01BC600318517800B04518
:10057000E3001800018360022F317900A84138F9A7
:10058000D7A100B05E84FE704E03BFDE02F0144DB2
:10059000028101AB00142C020081AB0014370284ED
:1005A0002C170014370280AC170014370206ABD3A7
:1005B000001435006BAC4223343000E04467014B3B
:1005C00010018B60022B915C0287ABD300143301C6
:1005D00082600609D04E03BFDE02F014340182604F
:1005E0000209D04E03BFDE02F01436018360022BF5
:1005F000915C03BFDE02F0144D0206ABD300144041
:10060000006BAC4223343B00E04467014B10018B8C
:1006100060022B915C0287ABD300143E018260061E
:1006200009D04E03BFDE02F0143F0182600209D000
:100630004E03BFDE02F01446018B60022B915C0179
:10064000BC600318517800B045E3001800018360D6
:10065000022F317900A84138F9D7A100B05E84FE9D
:10066000704E00025E02F0121D02845EB700144D4F
:1006700002832BD300144A00682AF702B44D018488
:10068000E006F577AB00E02B27002AC903BFDE02A6
:10069000F015870002DE02F000000185E002F5B7E8
:1006A000AD01836002F5D7AE0182E002F5D7AE015D
:1006B00082E002F7F7BF0184E002F7F7BF01BC60F8
:1006C00003000AD301BC6003000AC801BC60030038
:1006D0000AC001BC6003000AEA018760015F6AFB8F
:1006E00001BC6003000C1601BC6003000C17018103
:1006F000600163CB1E0002DE02F00000020200BFB8
:100700000014B20283DEFF0014DA0183E006F7F77B
:10071000BF018560060B705B018560060BF05F0210
:1007200006ABD300146601BC600302116D00B02A51
:100730009700116E028045AB00147A03BFDE02F011
:10074000146901BC600302115D00B02A9700115EBC
:100750000280456B00147A0206ABD3001473006B61
:10076000AC4223346D00E04467014B10018B600202
:100770002B915C0287ABD30014700182600609D014
:100780004E03BFDE02F014710182600209D04E01F7
:1007900088600E2D516A03BFDE02F0147A018B606F
:1007A000022B915C01BC600318517800B045E30056
:1007B0001800018360022F317900A84138F9D7A1D0
:1007C00000B05E84FE704E0188600E2B515A00B05E
:1007D000413F1FF04F00682ABB001480018460066F
:1007E000F7F7BF01BC602F1717A300E04466F46A57
:1007F000B401BC6003000AAE00025E02F0144E00B9
:10080000E844695FD7A1006EDE8700348A00B02B10
:10081000D7000AF001BC6003000AEF00682AEB0071
:10082000148A00B04467000AB900E84465554ABA22
:1008300000B02AB30017A100E82AEAF42ABA02801D
:1008400080BF0014970281DEBB0014A80206ABD360
:1008500000148F0204C5AF00149703BFDE02F0142A
:10086000900200456F0014970283C573001497022D
:1008700006ABD300149501BC63FF1FF7A10068C548
:10088000C6F434A803BFDE02F0149701BC63FF1F57
:10089000F7A10068C586F434A80206ABD300149E05
:1008A000018B600E2B915C0287ABD300149C0182FC
:1008B000600209D04E03BFDE02F0149D0182600683
:1008C00009D04E03BFDE02F014A4018B600E2B9101
:1008D0005C01BC600318517800B045E300180001CA
:1008E0008B2B2E2F317900A84138F9D7A100B05EAB
:1008F00084F9B04E0184E002F5B7AD0184E002F561
:1009000077AB0185E001610B0803BFDE02F01592B1
:100910000206ABD30014AB00025E02F0121D03BF4F
:10092000DE02F014AD018360022B915C00025E02D6
:10093000F0121D0184E006F5B7AD0184E006F577FD
:10094000AB0206ABD30014B101846005610B080350
:10095000BFDE02F01592018D60020BF05F0206AB64
:10096000D30014B60188600E2D516A03BFDE02F079
:1009700014B70188600E2B515A028181AB0014C854
:100980000206ABD30014C1006BAC422334BC00E0C0
:100990004467014B10018B60062B915C0287ABD33F
:1009A0000014BF0182600209D04E03BFDE02F014C2
:1009B000C00182600609D04E03BFDE02F014D701E9
:1009C0008B60062B915C01BC600318517800B04528
:1009D000E3001800018360022F317900A84138F943
:1009E000D7A100B05E84FE704E03BFDE02F014D7C4
:1009F0000206ABD30014D1006BAC422334CC00E030
:100A00004467014B10018B60022B915C0287ABD3D2
:100A10000014CF0182600609D04E03BFDE02F0143D
:100A2000D00182600209D04E03BFDE02F014D7016C
:100A30008B60022B915C01BC600318517800B045BB
:100A4000E3001800018360022F317900A84138F9D2
:100A5000D7A100B05E84FE704E0184E002F5B7AD10
:100A60000184E002F577AB00025E02F0144E000252
:100A7000DE02F0000000B0446B000AFE0202DEB3AA
:100A80000014E70206ABD30014E5018360062B9146
:100A90005C0287ABD30014E20182600209D04E03EE
:100AA000BFDE02F014E30182600609D04E00025E50
:100AB00002F0121103BFDE02F014E7018360062B7F
:100AC000915C00025E02F0121101866005610B0864
:100AD000020200BF00150C0183E002F7F7BF02031A
:100AE000C5730014FC020080BF0014FC0206ABD3E7
:100AF0000014F5006BAC422334F000E04467014B76
:100B000010018B600E2B915C0287ABD30014F301B4
:100B100082600209D04E03BFDE02F014F40182604D
:100B20000609D04E03BFDE02F0150B018B600E2BC1
:100B3000915C01BC600318517800B045E3001800D7
:100B4000018B2B2E2F317900A84138F9D7A100B0A5
:100B50005E84F9B04E03BFDE02F0150B0206ABD384
:100B600000150500E0446700B7BB006CC466F7746D
:100B7000FE018B60022B915C0287ABD30015030151
:100B800082600609D04E03BFDE02F01504018260C8
:100B90000209D04E03BFDE02F0150B018B60022B61
:100BA000915C01BC600318517800B045E300180067
:100BB000018360022F317900A84138F9D7A100B034
:100BC0005E84FE704E0182E002F597AC0002DE0208
:100BD000F0000001BC60030037A20020E3FE09150D
:100BE000680020E0420D956802845EB3001568023B
:100BF0008042030015680284452300156803915E56
:100C000002F015680068AB4F0015680282DEFF0035
:100C1000156800682ABB00151900E8446555D7B966
:100C200000E82A9AF737B902805EFF00159B02019F
:100C300080C700159200B02AD70017A1006DDE858D
:100C40005515920282DEB30015680203C5730015C4
:100C500049020480C700154900685E8B00152E020A
:100C600084AC2300152E0203C5730015490202ABA4
:100C7000D300152502855EBB0015260282DEBB006F
:100C8000154900B02B830017A1006EAB6AF4352E16
:100C90000203C57300154900682A9B00152D0068E2
:100CA0002ABB00152E006ADEE554F549006ADEE530
:100CB0005A554900682AE700154902941DF30015AA
:100CC000310203DE5300153603BFDE02F015340196
:100CD000141DF30017A600901CBAF4D7A602005EFC
:100CE0009B00153600B02B87000AA703BFDE02F079
:100CF000159201BC600302579201BC63FF1FF0C351
:100D000001BC60030910E301865E8A1C70E3018464
:100D100060061C70E300682AEF00153D0185E006BF
:100D20001C70E301BC600303978200025E02F015B1
:100D30007200B054130010E400E043915B30E40112
:100D4000BC60030010EE01BC63FF1FF0CE00E02A80
:100D5000EF002ABB01BC61030077A601141DF3005C
:100D600017A200B05E8B000C1801BC610303EC19E4
:100D700003BFDE02F0156202845EB700156801BC95
:100D800060230890E600025E02F0016A00B05ECFC8
:100D90000010E40068AAF70035520205AC230015E4
:100DA0005200E82ACE2337A3006DDE8E1C95520038
:100DB000B05E8F0010E400682A9B00155A00B02A2C
:100DC000DB0010E40206ABD30015570284C5AF0068
:100DD000155A03BFDE02F015580280456F00155A00
:100DE00000695EE700155A00E05EE556D0E4028235
:100DF000DEBB00155E00682AF700155E00E10EDA22
:100E00001C83B600E08EDF0003B701BC600301D78E
:100E10008200025E02F0157201BC61030077A60336
:100E2000BFDE02F0156200B0004700108600025ECF
:100E300002F015F800025E02F010700190600A09DD
:100E4000104801846006F597AC00B05E9B001080EE
:100E50000002DE02F0000002805EFF00156D0281DC
:100E6000DEBB00156D020180C7001592020480C729
:100E700000159201806002F7F7BF0280C28F001553
:100E8000930201DEBB00159301BC60030017A203AF
:100E9000BFDE02F0150E00685E4B0635790285DE76
:100EA000FF00158000B02B370017A1006DAAEEF4EB
:100EB000358001BC600301378000B02B3B0017A1D7
:100EC000006D2AEEF4357B02812BD300157B01BC2B
:100ED000600301778001BC600300378100025E027D
:100EE000F0014301D2DE0AA030E000B0540B001044
:100EF000E103BFDE02F015860280ABD30015790155
:100F0000BC600301578001BC600300178100025ED2
:100F100002F0014300B054070010E000885E0B00AF
:100F200070E10002DE02F0000000682AF300159272
:100F30000204DEAF00159200E844655797A4006EE6
:100F40005E9154F59200885E930037A4006D5E9127
:100F500054F59200025E02F015E303BFDE02F015C5
:100F60009F00E844655797A400885E930037A4006B
:100F7000025E02F015E303BFDE02F0159F0284DE7D
:100F8000AF0015960181E002F5D7AE03BFDE02F097
:100F9000159F00682B6700159B00E044655B2AD312
:100FA00000682B6B00159A00E044655A4AD3000292
:100FB000DE02F0000001806006F7F7BF00682AF348
:100FC00000159F00E844655797A400025E02F015E3
:100FD000E301846002F597AC01BC6003000ABC0128
:100FE000BC6003000AD301BC6003000ABB0104DE3D
:100FF000AF0017A101845E86F5B7AD0284DEAF00B5
:1010000015A8018060060D906C0002DE02F0000061
:101010000285AC230015BD0203C5730015BD00B0E9
:101020002A8F0017A30202AC230015AD00B02AAF2F
:101030000017A30202DEBB0015AF00B02A8B001719
:10104000A300E04466F46AB30185E005610B080083
:10105000B04467000B030206ABD30015B7006BACBE
:10106000422335B600E04467014B100183E0022BB8
:10107000915C03BFDE02F015BD0183E0022B915CA1
:1010800001BC600318517800B045E30018000183EB
:1010900060022F317900A84138F9D7A100B05E84F1
:1010A000FE704E0002DE02F000000202DEB3001508
:1010B000C90206ABD30015C7018B600E2B915C02F1
:1010C00087ABD30015C40182600209D04E03BFDE96
:1010D00002F015C50182600609D04E00025E02F0E2
:1010E000121103BFDE02F015DB018360062B915C59
:1010F00000025E02F012110203C5730015CE0284D5
:10110000DEAF0015CE0281DEBB0015CE02805EFF91
:101110000015CE02045EB70015E20206ABD300153F
:10112000D5018B600E2B915C0287ABD30015D301E8
:1011300082600209D04E03BFDE02F015D401826046
:101140000609D04E03BFDE02F015DB018B600E2BCB
:10115000915C01BC600318517800B045E3001800B1
:10116000018B2B2E2F317900A84138F9D7A100B07F
:101170005E84F9B04E0183E001610B0801846006D2
:10118000F5B7AD0184E002F577AB01BC6003000A5E
:10119000BB01846002F597AC0185E001610B080199
:1011A00086E001610B080002DE02F0000000682BFF
:1011B0005B0015E500B02B5B0017A4006D5E915538
:1011C00055E700B02AAB0017A400882B070037A50D
:1011D00000E82B0AF4AAC200885E930037A400E05E
:1011E0002B0AF48AC200902B0B00AAC100B02B0777
:1011F000000AA70002DE02F0000003A0DE02F015E4
:10120000F1020042030015F100025E02F00D2F0111
:1012100083E005610B0801846002F5B7AD0184E04D
:1012200006F577AB01BC6003000ABB01846002F5E0
:1012300097AC00B04467000ABC0002DE02F0000078
:10124000010C81430017A101BC600300508A0068B3
:101250005E070016020068DE8700360201BC6003EC
:1012600000B08A00685E070036020282DE030016C4
:101270000201BC600300908A0283DE0300160200B4
:10128000E0600AF4D08A00685E0700160A01904206
:101290002AA1308A00685E0700360A0190422AA01F
:1012A000108A0109DE030017A2018F5E8A11508A9D
:1012B00000685E8B00160A0191E00E11508A000250
:1012C000DE02F000000109DE030017A400E05A0668
:1012D000F497A500905E96F497A50203DE0300162E
:1012E000120282DE0300161201BC61EF0857A6004D
:1012F00080DE96F4D7A50116DE870017A300885E6E
:10130000870077A100E15E8702D7A100E0DE8F00B1
:1013100017A301BC60030017A2020E5E030016199A
:1013200001BC60030037A200905E96F457A50080D0
:10133000DE96F437A100E141B7FFF7A600E1DE87B2
:1013400001F7A10080DE96F477A300E1DE860DB7F9
:10135000A100E0DE8F0017A3017A5E86F477A1007A
:10136000885E86F457A100B05E870017A20287DE70
:101370000300162600885E870057A103BFDE02F037
:10138000163302875E0300162D01BC639B0CD7A5A4
:101390000080DE86F4B7A100E141B7FFF7A500E0C9
:1013A000DE870017A100885E870057A103BFDE0219
:1013B000F0163300885E870057A101BC639B0CF7D1
:1013C000A50080DE86F4B7A101BC62030017A5006A
:1013D000E141B6F4B7A500E0DE870017A100E05EAA
:1013E0008400D7A10002DE02F0000002001FF70017
:1013F00000120282DE5300163B0188600204902432
:1014000000E02092F3082400E8208EF3082303BFB5
:10141000DE02F00B3701B8601604902401BC6003B3
:1014200001D02503055E02F0164C0287C037000C80
:101430009E0386DE02F00CA100025E02F01236036B
:101440005CDE02F0163D00D8409B0117A100E05E73
:101450008702379800A85E630077980102DE530088
:1014600017A10182E002F297940188DE84FFA7FDB4
:10147000006EA08EF3164C00E85E6301D02501B823
:10148000600604902403BFDE02F0000201816004C4
:10149000FFA7FD01B8600A04902403BFDE02F0003C
:1014A0000202285E8700166200B041930017A40074
:1014B000E04193007064010A5E870017A200E841D2
:1014C00092F4506301185E870017A100E86042F4AF
:1014D00037A200885602F436000068418EF4965E0A
:1014E00000E8418F00306300E841930030640068F9
:1014F0005E8B02165600905602F457A300B05806B1
:10150000F4760103BFDE02F0165600684192F496AD
:101510006200E8419300306401BC600300160003E0
:10152000BFDE02F0165E00B05E870017A10002DE8B
:1015300002F000000180600286143000B050CB0041
:101540001065013850830017A10068DE3B06366A3B
:1015500000E05A3300368C006EDA32F4201200B00C
:101560005A0B0017A201BC63FF1FF7A300B050CFB6
:10157000001064006EDA32F4366F00B05A3700178C
:10158000A300B0581300178201BC600300160401C9
:10159000BC601B1FD7B60102D0C70017A100E041F5
:1015A00096F4306500E050CB00D06401BC600300CD
:1015B00017B401BC600300178001BC6003003781D1
:1015C000018760040310A0009052330097A400E04C
:1015D000418701B7B500685ED2F0569600E05EDA4A
:1015E000F690630020D802F0368A020250C7001637
:1015F00090009056030097A100E85E86F497A10141
:101600009E6002F437A1006DDE87081690010A5E25
:10161000870017A201DA6002F437A100E05ED6F479
:10162000506300886006F437A100205602F436901B
:1016300000B05802F0360000E05A2B00368A006AEB
:10164000DED2F4768C0068DED2F0169100E05E0304
:1016500000378000685E030036910186E0040310C5
:10166000A003BFDE02F01691006ADED2F4768C0091
:10167000E05ED30037B400D05E0700378102985E89
:10168000D300167B00E0419300306403BFDE02F01C
:10169000167B00685E0300001203BFDE02F006CC7A
:1016A0000282D0C70016A000B02A370017A101B8E7
:1016B0002A32F4368401025013001685013C50830F
:1016C0000017A100B050A70017A4006D5A32F436DD
:1016D000A90182E0068634310288502B0016A5004D
:1016E000B05A330017A1019E5E8684F427018360FF
:1016F000068634310002DE02F0000000B0507300B4
:1017000017A101B8506EF436840106D00700168583
:1017100000B050AB0017A400D06006C0978000E076
:10172000419700D7B5010A58130017A100E05ED613
:10173000F437B500B0580F001063011656030017B8
:10174000810068D8130016BE011400630017A100C1
:1017500068DE870016B40088013B01168003BFDEF7
:1017600002F016B90068DE870076B700A0013BE002
:10177000168003BFDE02F016B900E05E87097062D2
:101780000088540301168000E85A0330168001BC1B
:10179000600300168101BC600300168201BC600377
:1017A00000168303BFDE02F016C300E0418EC09036
:1017B00063006EC18EC036C300E8418EC030630046
:1017C000E858030037A100E0418EF430630138503F
:1017D000A30017A50068581303F6DE0068418EC009
:1017E00056DE006DDA0AF4B6DE011656030017A1C4
:1017F0000068DE86F036DE015856030017A100E0CF
:101800005E870DD7A200B05ED70010620020DE0216
:10181000A016D500E05E86D037A300E05E8ED077BC
:10182000A3006D5A02F456DE006E5E8EF496DE0062
:10183000E86002F4368300B05E8F00168100A05A83
:101840000F00768300E05A0B00368200E85A02F45B
:10185000568000D05E0300378000E0581300360445
:1018600000E0418F003063029858130016DB00E05F
:101870005ED70037B5006EC18EC036C400B05803C5
:1018800000106303BFDE02F016C400B05813001747
:10189000A10068DA370016E100B05E8700168D00FF
:1018A0006DDE86D1B6E300B05E8700168D0002DEE5
:1018B00002F0000001BC60030017A101876004036F
:1018C00010A001BC60030990B500B0006300F0B443
:1018D00001BC60570310B601BC60030090B500B0B6
:1018E000006300B0B400B042D30018000317DE025A
:1018F000F016EC0397DE02F016ED00B02A33001468
:101900002F018EE00C0310A0006DDE02D1B6F300B3
:10191000E85A36F0168D03BFDE02F016F501BC6002
:101920000300168C01BC600300168D006E5A3AF05D
:1019300016F801BC600300168E03BFDE02F016F934
:1019400000E85A3AF0168E00B058070017A100E0E0
:10195000580EF01603006ED80EF436FF00E85E86CF
:10196000C017A100E8580EF4360300E8580F0036FF
:101970000301185E030017A1006DDE0302170700C4
:10198000E86042F437A200905A1AF4368600885A6A
:101990001EF457A200905A1EF4368700B05A1AF46B
:1019A000568603BFDE02F0170900905A1EF43686F1
:1019B00001BC60030016870002DE02F0000001583F
:1019C000600300102A01B8600A04902401BC60037F
:1019D0000290040189E0020D906C0002DE02F0002A
:1019E000000200DE5300171901BC60170777A10041
:1019F000025E02F0012700B040670017A200B05E4F
:101A00008B0057A200025E02F0012B01BC600303B1
:101A1000378001BC600300178100025E02F01132C2
:101A20000002DE02F0000001BC6003033780000208
:101A30005E02F0112D0183E006F037810181E0069E
:101A4000F0378100025E02F0113200B05E0700172D
:101A5000A200E044670B57A1006B4466F4372001F5
:101A6000BC600311378000025E02F0112D0180601E
:101A700006F0378100025E02F0113201BC60030003
:101A8000978000025E02F0112D01806006F0378120
:101A900000025E02F0113200E044670157A1006BC2
:101AA0004466F4372A01BC600303378001A0607EDE
:101AB000F4578100025E02F0113200E0446707979C
:101AC000A1006B4466F4372F01BC600311578000FE
:101AD000025E02F0112D01846006F0378100025E83
:101AE00002F0113200B05E070017A201BC60030AC9
:101AF000378000025E02F0112D01806002F0378114
:101B000000025E02F0113200E044670037A1006B72
:101B10004466F4373A01806006F0378100025E02C5
:101B2000F0113201BC600308578000025E02F01120
:101B30002D018A6002F0378100025E02F01132004E
:101B4000E044670037A1006B4466F43742018A60C5
:101B50000EF0378100025E02F0113200E0446706A9
:101B600057A1006B4466F4374601BC60030CB78094
:101B700000025E02F0112D0280DE0700173001BC6A
:101B8000600311578001846002F4578100025E02F5
:101B9000F0113201BC60030037A30206ABD300177B
:101BA000510284C5AF00175903BFDE02F01752027D
:101BB00080456F00175901BC60030017A3018B60BB
:101BC0000E2B915C01BC600318517800B045E30016
:101BD0001800018B2B2E2F317900A84138F9D7A19D
:101BE00000B05E84F9B04E01BC60170777A1000217
:101BF0005E02F0012700B040670017A200A85E8BCC
:101C00000057A200025E02F0012B00E0446701577A
:101C1000A1006B4466F4375F01BC600301B7A1010A
:101C2000BC60030477A200025E02F0012B01BC60DD
:101C3000130AF7A101BC60030017A200025E02F0C4
:101C4000012B01BC60030117A400E85E930037A4D8
:101C500001BC600301D7A100B05E930017A200028F
:101C60005E02F0012B01BC60130AD7A101BC600326
:101C70000017A200025E02F0012B0068DE9300173D
:101C80006700685E8F0017710002DE02F00000013D
:101C9000BC60270CB7A101BC60030197A200025EE3
:101CA00002F0012B01BC60270EB7A101BC6003014B
:101CB00037A200025E02F0012B01BC60030657A4AC
:101CC00001BC60030077A301BC60130957A10002A7
:101CD0005E02F00127018060060337A200025E0267
:101CE000F0012B01806002F457A200025E02F001B5
:101CF0002B00E04466F497A1006B4466F437800043
:101D0000E85E8F0037A300685E8F00178701BC6014
:101D1000030317A401BC60270F17A100025E02F0A5
:101D200001270068C0671FF77901BC60270EB7A1C3
:101D300001BC600301F7A200025E02F0012B000269
:101D4000DE02F000000002DE02F000000200DE53BE
:101D500000179D01BC60130E77A100025E02F00126
:101D60002700A040673FEC4401BC60131497A1001A
:101D7000025E02F001270196E0020337A200025E34
:101D800002F0012B01BC601309B7A100025E02F052
:101D90000127018760020337A200025E02F0012BD7
:101DA00001BC60130997A100025E02F001270187C0
:101DB00060060337A200025E02F0012B0002DE0281
:101DC000F0000001BC60730017A301BC60131497FE
:101DD000A100025E02F0012700A04066F477A40192
:101DE00096E01EF497A300B05E8D8897A200025E75
:101DF00002F0012B01BC601309B7A100025E02F0E2
:101E00000127018760060337A200025E02F0012B62
:101E100001BC60130997A100025E02F0012701874F
:101E200060060337A200025E02F0012B0002DE0210
:101E3000F000000068DE930017B100E05E03005779
:101E4000A201095E8B0017A103BFDE02F017B900E3
:101E500068DE930037B501105E030017A200E05E54
:101E60008B0097A103BFDE02F017B901305E0300BB
:101E700017A200E05E8B0197A1006D5E870597B900
:101E800001BC60030597A10002DE02F000000068BB
:101E90002BCB0017BF00B02BF30017A100E05E852D
:101EA0005FB7A1006BDE862337BF0186E006F7F738
:101EB000BF0002DE02F0000000681F330017CD02F1
:101EC0000200BF0017C3020345730017CD0285C58A
:101ED000230017CD00681F330037CB00B01FC700A9
:101EE00017A100025E02F0012700A84064F9D7A202
:101EF00000B05E88F9B7A200025E02F0012B03BFBA
:101F0000DE02F017CD00A84138F9D7A100B05E84F9
:101F1000F9B04E0002DE02F00000020200BF00171E
:101F2000C3020345730017CD0158600300102A0156
:101F300089E0020D906C01BC600300900400B04089
:101F4000130017A10002DE02F00000018260060FFC
:101F500010780207C1E30017D601BC60030C17A379
:101F600001BC600300907601BC60030010770002A2
:101F70005E02F0013401BC60030C97A300025E0214
:101F8000F0012F008860118757A101BC5E860EF01A
:101F90007700025E02F0013401BC60030C17A3015C
:101FA000BC600300B07601BC600300107700025EE5
:101FB00002F0013401BC60030C97A300025E02F042
:101FC000012F008860058757A101BC5E860ED07680
:101FD00000025E02F0013401BC60030017A300029E
:101FE0005E02F0012F018560060ED07600025E02CF
:101FF000F0013401BC60030C17A301BC6003003086
:102000007601BC600300107700025E02F00134012B
:10201000BC60030C97A300025E02F0012F01AC60CC
:10202000A20EF07700025E02F0013401BC600300F2
:1020300017A300025E02F0012F018560060ED07624
:1020400000025E02F0013401BC60030C17A301BC66
:10205000600300307601BC600300107700025E026E
:10206000F0013401BC60030C97A300025E02F00192
:102070002F01AC60020EF07700025E02F001340125
:10208000BC60030017A300025E02F0012F0185600F
:10209000060ED07600025E02F00134018260020F6B
:1020A00010780002DE02F0000001BC60130817A1E6
:1020B00000025E02F00127018060020337A20002E5
:1020C0005E02F0012B01BC60030037A100025E023A
:1020D000F001270188600E0337A20068B0EB0018FA
:1020E000100188600A0337A200025E02F0012B0192
:1020F000BC601B0657A100025E02F0012701883078
:10210000EA0337A200025E02F0012B00025E02F039
:1021100017D501BC60130817A100025E02F0012769
:10212000018060060337A200025E02F0012B00026C
:10213000DE02F0000001BC60430890E600025E028F
:10214000F0016A01BC604F1110E40190600A0910AF
:102150004801BC600300000601BC600301D7820196
:10216000D2DE0877F0E000B00F030010E100B0000D
:102170004700108600B00F1F00108A01BC600300EA
:10218000378100025E02F0107001BC60030010BBDA
:1021900001BC61030010800182600610308103D011
:1021A0005E02F003940002DE02F0000000681F836C
:1021B000001882028042030018820285C52300189D
:1021C0008200681F8F00388200681F8B00385F0113
:1021D000BC60130817A100025E02F00127018060B5
:1021E000020337A200025E02F0012B01BC601B1B40
:1021F00057A100025E02F0012700B04067000C3ECC
:102200000182E0060337A200025E02F0012B018486
:102210006006F457A200025E02F0012B01BC6027A9
:102220000F37A100025E02F0012700B04067000CEA
:102230003F018860060337A200025E02F0012B0115
:10224000BC60271597A100025E02F0012700B04094
:1022500067000C40019B60160337A201806006F402
:1022600057A200025E02F0012B01BC60131077A19F
:1022700001BC600B0017A200025E02F0012B01BC42
:1022800060131057A100025E02F0012701B86082BE
:102290000337A200025E02F0012B01BC601310376D
:1022A000A100025E02F001270180E0020337A200D4
:1022B000025E02F0012B01BC60030007E201BC607A
:1022C000030007E30068310F00185700E0446588F9
:1022D00067E103BFDE02F0185800E044670807E139
:1022E00001BC60131037A100025E02F001270180DB
:1022F00060060337A200025E02F0012B01BC6003FE
:102300000027E200025E02F0012702004067001889
:1023100073028042030018730285C52300187301FD
:10232000BC60131037A100025E02F00127020040DA
:1023300067001866006CC464FC385F00E031070079
:102340002C4100E0310B002C4201BC601310F7A1BE
:1023500000025E02F0012700B0406700018401BC6A
:10236000601310D7A100025E02F0012700B04067A1
:1023700000018501BC602B1357A100025E02F00131
:102380002700B0406700018601BC60131117A1004F
:10239000025E02F0012700B0406700018701BC60C7
:1023A000271597A100B031030017A200025E02F0CA
:1023B000012B01BC60270F37A100B030FF0017A22E
:1023C00000025E02F0012B01BC601B1B57A100B094
:1023D00030FB0017A200025E02F0012B01BC60136B
:1023E0000817A100025E02F0012701806006033792
:1023F000A200025E02F0012B01BC60030007E201B3
:10240000BC60030007E000B05E870017A10002DE99
:1024100002F0000001BC6003000C2500B030CB00CE
:10242000179E00B030CF00179D00B030D300179C2E
:1024300000B030D700179B03BFDE02F00A1A00007D
:10244000000000000000000000000000000000008C
:10245000000000000000000000000000000000007C
:102460000000000000207EC000000000000000000E
:10247000000000000000000000000000000000005C
:10248000000000000000000000000000000000004C
:10249000000000000000000000000000000000003C
:1024A0000000000000207EC00000000000000000CE
:1024B000000000000000000000000000000000001C
:1024C000000000000000000000002000000040119B
:1024D000010000000000801601008000000080164E
:1024E0000100800300008016000000400000801AF8
:1024F0002100E00300008016000200400000801A66
:10250000100200400000801A100202400000801AF1
:102510006100E00300008016100200400000801AF5
:102520006101E01300008016300200400000801AB4
:10253000100200400000801A1C0200400000801AB7
:10254000000200000000801A1C0A00400000801AEF
:102550001C0A20400000801A1FCA20400000801A78
:102560001FCA20400000801A010000000000801EE9
:10257000090000000000801E000000000000800232
:102580000000000000008002000000000000800247
:10259000080000000000801E000000000000801EF7
:1025A000010000000000801E110000000000801EDD
:1025B0001FCA20C00000801A1FCA20C00000801A55
:1025C0005FCA20C00000801AB06400000000800EC6
:1025D0000000280000008012110000000000801E92
:1025E00000000000C82542850000000000004001F6
:1025F0000000000000004001000000000000400159
:102600005FCA2040000040191FCA20400000401946
:10261000010000000000401D010000000000401DFE
:10262000010000000000401D090000000000401DE6
:102630001FC22040000040190F0000000000401D94
:102640001FC220C0000040191BC220C0000040195A
:10265000207D00000000400D00002000000040111F
:102660000000000033044289000000000000400127
:1026700000000000000040010000000000004001D8
:102680001BC2204000004019090000000000401D4E
:102690001BC2204000004019010000000000401D46
:1026A000000000000000401D1FC220400000401933
:1026B000010000000000401D090000000000401D56
:1026C0001FC22040000040190B0100000000401D07
:1026D0001FC220C0000040191BC220C000004019CA
:1026E000C07700000000400D0000280000004011ED
:1026F00000000000331C428900000000000040017F
:102700000000000000004001000000000000400147
:102710001FC220C0000040191FC220C00000401985
:102720006100E013000040150000000000004001BF
:102730000000000000004001000000000000400117
:102740006101E0130000401513C220C000004019D1
:1027500061018013000040150A0100000000401DC7
:1027600013C220C00000401908040000000000F857
:1027700000000000000040010000000000004001D7
:1027800000000000000040010000000000004001C7
:10279000000000000000400113C22040000040196A
:1027A0000B0100000000401D13C220C000004019B2
:1027B0000000000000004001000000000000400197
:1027C000030100000000401D13C22040000040191A
:1027D0000000080000004011610180130000401556
:1027E0006101801300004015610180130000401555
:1027F0001FC22040000040191FC2204000004019A5
:102800001FC22040000040190B0100000000401DC5
:102810000B0100000000401D1FC220C00000401935
:102820001BC220C000004019C37700000000400D0B
:10283000000008000000401100000000131C428846
:102840000000000000004001000000000000400106
:1028500000000000000040011BC2204000004019A1
:10286000090000000000401D1BCA20400000401964
:102870001FCA204000004019090000000000401D50
:102880001FC22040000040190F0000000000401D42
:102890001FC220C0000040191BC220C00000401908
:1028A000237D00000000400D0000000000004011EA
:1028B00000000000130442880000000000004001F6
:1028C0000000000000004001000000000000400186
:1028D0001BC2204000004019090000000000401DFC
:1028E0001BCA204000004019010000000000401DEC
:1028F0001FCA204000004019110000000000401DC8
:102900001FCA2040000040191FCA20C00000401903
:102910001FCA20C0000040191FCA20C00000401973
:102920005FCA20C000004019B06400000000400DE4
:102930000000080000004011110000000000401DD0
:1029400000000000B82542840000000000004001A3
:1029500000000000000040010000000000004001F5
:102960005FCA204000004019010000000000401D27
:102970001FCA2040000040191FCA20400000401913
:10298000000000000000401D1C0A2040000000184C
:102990001C0A204000000018000000000000001089
:1029A000000000000000001C610180130000001402
:1029B0001C0A204000000018610180030000001480
:1029C000100A204000000018000A204000000018F3
:1029D000000A0040000000184101800300000014BC
:1029E0000008004000000018000010000000001067
:1029F0000008024000000018000803400000001812
:102A00000008024000000018000800400000001804
:102A10000000000000000010000800400000001846
:102A20000008004000000018410180000000001470
:102A300041010000000000144001000000000014EB
:102A4000000802400000001800010000000000140F
:102A50000008004000000018000800C00000001836
:102A6000080C00000000000408080000000000FC42
:102A70000000000000000000000000000000000056
:102A800000000000000000000C715D48075F31008D
:102A9000B3C9A561005B234B4525244728080000E6
:102AA00000000000941DC51301BD3208010034333D
:102AB00034333961302D726F6D6C2F7364696F2DF3
:102AC000672D706F6F6C2D7032702D696473757027
:102AD0002D6964617574682D706B7466696C7465BA
:102AE000722D6B656570616C6976652D616F652D02
:102AF0006C70632D73776469762D7372666173747D
:102B00002D66756172742D627463782D6E6F636CBF
:102B10006D696E632D636C6D5F6D696E2D66627499
:102B20002D6D66702D7361652D776F776C70662DD6
:102B3000746B6F2056657273696F6E3A20372E3949
:102B4000352E3439202832323731626236204359EB
:102B500029204352433A2062376132386566332078
:102B6000446174653A204D6F6E20323032312D3120
:102B7000312D32392032323A35303A323720505303
:102B8000542055636F6465205665723A20313034A5
:102B9000332E3231363220465749442030312D63AE
:102BA0003531643934303000FA004456494420301D
:102BB000312D623062343532306600000000000092
:102BC0000000000000000000000000000000000005
:102BD00000000000000000000000000000000000F5
:102BE00000000000000000000000000000000000E5
:102BF000000000000000000000000000424C4F42B6
:102C00003C000000FA69E0BB010000000200000087
:102C1000000000003C000000980300000A6F2B52E7
:102C20000000000000000000D403000004000000C9
:102C3000A0B0E5E200000000434C4D204441544167
:102C400000000C000200526173706265727279506C
:102C5000692E5069636F57000000312E32392E34CF
:102C6000000000000000000070000000436C6D498F
:102C70006D706F72743A20312E34372E310000009F
:102C80000000000000000000000076352032322FE6
:102C900030362F3234000000000000000000000039
:102CA000010B010D0C0D0000680300007401000011
:102CB00068000000300100007C01000000000000FE
:102CC0004C01000046010000580300000000000015
:102CD0002801000090030000880300007FB200007C
:102CE00000000000000000000000000000000000E4
:102CF00000000000000000000000000000000000D4
:102D0000700300000000000032010000000000001D
:102D100000000000000000000000000000000000B3
:102D200000000000000000000000000000000000A3
:102D30000000000000000000000000000000000093
:102D40000000000000000000000000000000000083
:102D50000000000000000000000000000000000073
:102D600034000000810100000102323032322D3087
:102D7000362D32342030363A35353A3038000000BE
:102D8000FF0000000100FF011E00000148000101DA
:102D900000FF01140000014800010000FF000000D6
:102DA000020000011E0100014801010000000000B6
:102DB000000000000001000101236E000200FFFF7F
:102DC000F000415400010001FFC000415500010026
:102DD00001FFC000424500010001FFC00042520057
:102DE000010001FFC00043410000FF00FFCC004391
:102DF0004800010001FFC000434C00010001FFC07A
:102E000000434E00010001FFC000434F00010001DC
:102E1000FFC000435A00010001FFC000444500010B
:102E2000FF01FFCC00444B00010001FFC0004545FD
:102E300000010001FFC000455300010001FFC00078
:102E4000465200010001FFC000474200010001FF9F
:102E5000C000475200010001FFC000484B000100C4
:102E600001FFC000485500010001FFC000494C00AF
:102E7000010001FFC000494E00010001FFC00049F0
:102E80005300010001FFC000495400010001FFC0D0
:102E9000004A5000010001FFC0004B450001000145
:102EA000FFC0004B5200010001FFC0004C4900016F
:102EB0000001FFC0004C5400010001FFC0004C5550
:102EC00000010001FFC0004C5600010001FFC000DE
:102ED0004D5400010001FFC0004D5800010001FFEA
:102EE000C0004D5900010001FFC0004E4700010025
:102EF00001FFC0004E4C00010001FFC0004E4F001A
:102F0000010001FFC0004E5A00010001FFC0005047
:102F10004500010001FFC000504800010001FFC052
:102F200000504C00010001FFC0005054000100019E
:102F3000FFC000534500010001FFC00053470001DE
:102F40000001FFC000534900010001FFC000534BC6
:102F500000010001FFC000544800010001FFC00053
:102F6000545200010001FFC000545700010001FF4E
:102F7000C000555300000000FFC00058580003FF78
:102F800002FFCC005A4100010001FFC000010D0109
:102F90000001480000000148000000014801000055
:102FA00001000000550300000A0C0D0E0F10111255
:102FB0001314150C000102030405060708090A0B87
:102FC0000000000000000000000000000000000001
:102FD000AFA900004E5652414D5265763D245265D0
:102FE0007624006D616E6669643D3078326430002D
:102FF00070726F6469643D307830373237007665BF
:103000006E6469643D307831346534006465766996
:10301000643D30783433653200626F617264747974
:1030200070653D30783038383700626F6172647295
:1030300065763D30783131303000626F6172646E98
:10304000756D3D3232006D6163616464723D303094
:103050003A41303A35303A62353A35393A356500D9
:1030600073726F6D7265763D313100626F617264AB
:10307000666C6167733D30783030343034303031D5
:1030800000626F617264666C616773333D307830E3
:1030900034303030303030007874616C6672657175
:1030A0003D3337343030006E6F6372633D31006101
:1030B00067303D32353500616132673D3100636311
:1030C0006F64653D414C4C00706130697473736985
:1030D000743D307832300065787470616761696E74
:1030E00032673D30007061326761303D2D313638D6
:1030F0002C373136312C2D383230004176566D69FF
:10310000645F63303D3078302C307863380063631F
:103110006B7077726F6666736574303D35006D61F4
:103120007870326761303D3834007478707772623D
:10313000636B6F663D360063636B62773230326774
:10314000706F3D30006C65676F66646D627732301A
:103150003267706F3D307836363131313131310080
:103160006D6373627732303267706F3D3078373716
:103170003731313131310070726F706277323032F5
:1031800067706F3D30786464006F66646D64696772
:1031900066696C74747970653D3138006F66646D72
:1031A00064696766696C747479706562653D31380D
:1031B00000706170646D6F64653D310070617064B2
:1031C00076616C6964746573743D3100706163612C
:1031D0006C69647832673D34350070617064657085
:1031E000736F66667365743D2D3330007061706473
:1031F000656E646964783D3538006C746563786D1C
:1032000075783D30006C746563787061646E756DBF
:103210003D307830313032006C74656378666E739F
:10322000656C3D30783434006C746563786763692D
:103230006770696F3D3078303100696C306D616363
:10324000616464723D30303A39303A34633A633500
:103250003A31323A333800776C3069643D30783433
:1032600033316200646561646D616E5F746F3D301F
:10327000786666666666666666006D7578656E6118
:10328000623D30783130300073707572636F6E66F6
:1032900069673D30783300676C697463685F6261A9
:1032A0007365645F6372736D696E3D310062746350
:1032B0005F6D6F64653D3100000000000050F20159
:1032C00000000000636F756E7472790000000000EA
:1032D0006375725F65746865726164647200000092
:1032E0000000000000000000636C6D6C6F61640002
:1032F00000000000636C6D6C6F61645F73746174D7
:10330000757300000000000000A050B5595E000079
:1033100062737300000000006D61786173736F6306
:103320000000000063636770696F696E0000000051
:103330009667011048660110486601107067011019
:1033400048660110486601104E670110486601107A
:103350004866011048660110486601103E6701107A
:103360004866011048660110486601104866011061
:103370001A6701104866011048660110486601107E
:103380004866011048660110486601100667011082
:103390004866011048660110486601104866011031
:1033A0004866011048660110486601104866011021
:1033B0004866011048660110486601104866011011
:1033C0004866011048660110486601104866011001
:1033D00048660110486601104866011048660110F1
:1033E0004866011048660110EA660110486601103F
:1033F00048660110DC660110FCB3011008B401102E
:103400000000000010B401100000000000000000E7
:1034100018B4011024B401100000000000000000E6
:10342000000000002CB4011038B4011000000000AE
:10343000000000000000000048B40110000000007F
:10344000000000000000000000000000000000007C
:10345000000000000000000000000000000000006C
:10346000000000000000000000000000000000005C
:10347000000000000000000000000000000000004C
:10348000000000000000000000000000000000003C
:10349000000000000000000000000000000000002C
:1034A000000000000000000000000000000000001C
:1034B00050B40110000000000000000000000000F7
:1034C00000000000000000000000000000000000FC
:1034D00000000000000000000000000000000000EC
:1034E00000000000000000000000000000000000DC
:1034F00000000000000000000000000000000000CC
:1035000000000000000000000000000058B401109E
:1035100000000000000000000000000000000000AB
:10352000000000000000000000000000000000009B
:10353000000000000000000068B40110000000005E
:10354000000000000000000000000000000000007B
:10355000000000007CB401108CB4011002000000D7
:103560001D740110457601101D7601103175011092
:10357000FD760110C9760110957601106176011073
:10358000497401100000000001760110F57501106A
:1035900061750110002020202020202020202828D4
:1035A0002828282020202020202020202020202003
:1035B0002020202020881010101010101010101043
:1035C0001010101010040404040404040404041073
:1035D0001010101010104141414141410101010101
:1035E00001010101010101010101010101010101CB
:1035F00010101010101042424242424202020202D7
:10360000020202020202020202020202020202029A
:10361000101010102000000000000000000000004A
:10362000000000000000000000000000000000009A
:10363000000000000000000000000000000000008A
:10364000000000000000000000000000000000007A
:10365000000000000000000000000000000000006A
:10366000000000000000000000000000000000005A
:10367000000000000000000000000000000000004A
:10368000000000000000000000000000000000003A
:08369000000000000000000032
:1036980020B801102CB8011038B8011044B8011036
:1036A80050B801105CB8011068B8011050BB011087
:1036B800F8B5040016001F0000250AE0BFF35F8F6D
:1036C800156081F310883000390000F0F5FF0028FC
:1036D80017D12268EFF3108172B61368002BFCD063
:1036E800BFF35F8F0422A35E2268002BE6DD013B57
:1036F800A380BFF35F8F0023136081F3108801203C
:10370800F8BD0020FCE7C04630B50268EFF3108131
:1037180072B61368002BFCD0BFF35F8F0422835E60
:103728000625445F02689C420ADD01338380BFF3AB
:103738005F8F0023136081F3108840BF012030BDE4
:10374800BFF35F8F0023136081F310880020F6E732
:10375800D02330B500241B0600251C5707E0002B9A
:1037680013DBBFF35F8F156081F3108820BF0268F9
:10377800EFF3108172B61368002BFCD0BFF35F8F94
:103788000423C3560268A342E9D143790471013383
:103798004371BFF35F8F0023136081F3108830BD3E
:1037A80003000068EFF3108C72B60268002AFCD0A0
:1037B800BFF35F8F04229A56002A0BDB002900D042
:1037C8000A6000201B68BFF35F8F00221A608CF329
:1037D80010887047D0221206126801201A71F1E78A
:1037E800F0B5C646160000B504001F000268EFF3E6
:1037F800108172B61368002BFCD0BFF35F8F0423CF
:10380800E3562268002B2BDBBFF35F8F002010608C
:1038180081F31088D02212061278002552B2904601
:103828009A420ED1002080BCB846F0BDBFF35F8F2E
:10383800156081F310883000390000F03DFF002842
:10384800F0D12268EFF3108172B61368002BFCD018
:10385800BFF35F8F237922687F2BE7D9434602E0C5
:10386800D0231B061B682371BFF35F8F00231360EF
:1038780081F310880120D6E7D02203000020120629
:1038880010B510560C001968EFF3108C72B60A6860
:10389800002AFCD0BFF35F8F04229A56002A06DB69
:1038A800824204D0002C00D02260002004E018716D
:1038B80001205A7901325A711B68BFF35F8F0022C9
:1038C8001A608CF3108810BDF0B5C64600B50F001D
:1038D800040000F0E9FEFA220E000500002338007B
:1038E8000021920000F000FF4019714106000F1EF0
:1038F80002DA0126164F7642D0231B061B680025E4
:1039080098460AE0BFF35F8F156081F31088300096
:10391800390000F0D1FE002818D12268EFF3108199
:1039280072B61368002BFCD0BFF35F8F237922682F
:103938007F2BE7D943462371BFF35F8F00231360C2
:1039480081F31088012080BCB846F0BD0020FAE75A
:10395800FFFFFF7F0268EFF3108172B61368002B38
:10396800FCD0BFF35F8FFF2303710368BFF35F8F42
:1039780000221A6081F3108840BF704710B50268B2
:10398800EFF3108172B61368002BFCD0BFF35F8F82
:1039980043790268013BDBB24371002B08D1FF2455
:1039A8000471BFF35F8F136081F3108840BF10BDAF
:1039B800BFF35F8F0023136081F31088F7E7C046D9
:1039C800084B9C461B78002B0BD1802306480749DF
:1039D8005B051A68C25004338B42FAD10123624650
:1039E80013707047618900209C1C001000010010B2
:1039F80010B5014B984710BD9D1C0020064B5A6816
:103A080002609A684260DA6882601A69C2605A691C
:103A180002619B6943617047000002400268064BDF
:103A28005A6042689A608268DA60C2681A610269FC
:103A38005A6142699A61704700000240034B1A6854
:103A4800C0239B009343024A136070470C800140D7
:103A58000C900140054B1A6880239B005340C022FC
:103A680092001340024A13607047C0460C80014020
:103A78000C900140F0B5D6464F4646460023C0B5E7
:103A8800182786B01E0081460D00988A3F493B885A
:103A9800140098473B8880463D49B08A98470023E0
:103AA8003C490600988A3B8898478246FFF788FF7A
:103AB8006846FFF7A3FFC047B047FFF7CBFF211EBB
:103AC8001CD00823C0209C464005163F6246836AE6
:103AD8001A401F4234D0631A002926D1002A0BD17C
:103AE800002C0BD0C023082202265B059B6A1A40D3
:103AF8001E423DD0002AF5D0002C2BD1FFF79EFFA7
:103B0800D047FFF775FF6846FFF788FF06B0E0BCAF
:103B1800BA46B146A846F0BD002C2BD1C0225205AA
:103B2800966A08223240B6072BD50D2B19D9002AE0
:103B3800F2D1C0225205966A08223240B607F4D460
:103B4800002A04D10B002343002BBFD1D6E70B007A
:103B5800002CF9D0036E013C2B70230001350B4378
:103B6800F2E74B461B780139036601239944E7E7DE
:103B78000021E5E7C0235B051B6E013C2B70013576
:103B8800A4E70B00A242DFD1DCE7C04649460000AB
:103B980045580000464300000022154B10B59A60B6
:103BA800DA601A615A619A61DA611A625A629A6233
:103BB800DA621A635A639A63DA631A645A649A6413
:103BC800DA641A655A659A65DA651A665A669A66F3
:103BD800DA661A675A679A67DA67F0329200002144
:103BE800044800F059FD044B044A1A6010BDC04651
:103BF80000001050E8300020F077002080011050BD
:103C0800F0B54746CE4680B51C4B00249F6D012673
:103C180085B0002F1BD01A4B98461A4B994604E0E2
:103C28000134E4B27600202C11D03E42F8D043464D
:103C38009E65012365086D00A343ED186D014D4491
:103C4800280000F013FC002806D1B743E8D105B0DE
:103C5800C0BCB946B046F0BDEB8AE021039300230F
:103C680001A8AA78C900018001210271437100F0FE
:103C78001DFC280000F098FBE7E7C0460000115043
:103C880000301150A83000209823C64AF0B5D55806
:103C980080232E009B02102485B01E401D4274D044
:103CA800C14BC24C9A6AC24B00261A603B23E35CA4
:103CB800022B00D14BE17B23E35C022B00D1EFE028
:103CC800BB23E35C022B00D1F6E0FB23E35C022B71
:103CD80000D1FDE03C23FF33E35C022B00D129E156
:103CE8007C23FF33E35C022B00D10AE1BC23FF33C2
:103CF800E35C022B00D13BE1FC23FF33E35C022BA6
:103D080000D1F1E0AB4BE35C022B00D170E1AA4B90
:103D1800E35C022B00D101E1A84BE35C022B00D14C
:103D280071E1A74BE35C022B00D12EE1A54BE35CCC
:103D3800022B00D19CE1A44BE35C022B00D16DE186
:103D4800A24BE35C022B00D19DE1A14BE35C022B6B
:103D580000D17BE1002E08D19E4B1B78002B04D1AB
:103D680080219D4A90338902D150C02269468D4BEB
:103D780092009B6C80265B058A805B0D012101A85F
:103D8800029300F093FB954CB602EB0600D57BE05E
:103D980080235B021D422FD00224844F1E43BB7E2A
:103DA800002B14D000F090FC012800D970E0C0224C
:103DB80000213800920100F0FDFA380000F0F4FA12
:103DC80000F082FC012802D9834B5C661C66012343
:103DD800FB702037012C20D1C0236A46DB0093807A
:103DE8007F4A02AB03CA03C3012101A800F05EFBAE
:103DF8008022794B92021A6580235B011D420ED105
:103E08008023DB011D4221D180231B021D422DD1BD
:103E1800AE4200D0BEE105B0F0BD0124BFE70024EA
:103E28001E43604B1C60FFF7B7FE80236A465B00A9
:103E380093801472012101A800F038FB8022664BA0
:103E480012031A658023DB011D42DDD01E43802347
:103E58006A46DB009380012101A800F027FB1022AD
:103E68005D4B1A6580231B021D42D1D01E43A0233F
:103E78006A46DB009380012101A800F017FB80222D
:103E8800554B12011A65C3E7FFF7BAFE26007FE714
:103E9800544B444A1C66536E2340A342FBD186E729
:103EA8007833E75C002F00D10AE70233E25C002A8E
:103EB80000D00DE13E0003E7B833E75C002F00D1E6
:103EC80003E70233E25C002A00D0F9E03E00FCE69A
:103ED800F833E75C002F00D1FCE60233E25C002AED
:103EE80000D041E13E00F5E6F933FF33E75C002FEF
:103EF80000D107E70233E25C002A00D02BE13E0044
:103F080000E77933FF33E75C002F00D1EEE6023398
:103F1800E25C002A00D015E13E00E7E6324BE75CA0
:103F2800002F00D1F8E60233E25C002A00D001E15C
:103F38003E00F1E63933FF33E75C002F00D1CFE6CE
:103F48000233E25C002A00D0EBE03E00C8E63833DA
:103F5800E65C002E00D1AEE60233E25C002A00D116
:103F6800A9E6200000222030E25400F04BFAA2E635
:103F7800B933FF33E75C002F00D1BDE60233E25CC2
:103F8800002A00D0C4E03E00B6E6184BE75C002FDC
:103F980000D1CBE60233E25C002A00D0B0E03E005C
:103FA800C4E6C0460000115000400540A83000207B
:103FB8009C2C00203B0200007B020000BB0200009A
:103FC800FB0200003B0300007B030000BB03000072
:103FD800FB0300005F890020003011501000020030
:103FE80000001050002011507A020000FA02000070
:103FF8006B4BE75C002F00D189E60233E25C002AB4
:1040080076D13E0083E6674BE75C002F00D188E657
:104018000233E25C002A63D13E0082E6624BE75C31
:10402800002F00D18CE60233E25C002A00D0A3E026
:104038005E4BE35C022B30D15D4BE35C002B27D158
:104048005C4BE35C022B00D08FE63E005A4BE35CEE
:10405800002B00D17EE6FF239B00E25C002A00D102
:1040680083E60022E2541C3BE01800F0CBF97CE622
:10407800524BE75C002F00D15DE60233E25C002A78
:1040880016D13E0057E64A4BE35C002B00D15CE6B4
:10409800EF239B00E25C002A75D1464BE35C022BC0
:1040A80000D062E6444BE35C002B00D15DE6D2E72A
:1040B8000022E2541C3BE01800F0A4F93E003AE666
:1040C80020000022A030E2543E0000F09BF9FCE5FD
:1040D800200000226030E2543E0000F093F9EFE542
:1040E8000022E2541C3BE01800F08CF93E0018E670
:1040F8000022E2541C3BE01800F084F93E0006E67A
:104108000022E2541C3BE01800F07CF93E000DE66A
:1041180020000022A130FF30E2543E0000F072F986
:10412800EAE5200000222130FF30E2543E0000F092
:1041380069F9D5E50022E2541C3BE01800F062F969
:104148003E00E9E5200000226130FF30E2543E00E5
:1041580000F058F9CAE520000022E130FF30E254AF
:104168003E0000F04FF9CDE520000022E030E25497
:104178003E0000F047F9ADE50022E2541C3BE01890
:1041880000F040F954E70022E2541C3BE01800F02C
:1041980039F982E731000A48694000F09DFAC046C3
:1041A8003A020000BA0200007A030000BB030000D4
:1041B800BA030000FB030000FA0300003A03000002
:1041C800A0990110F0B58C46838A018B020083B058
:1041D8000E1C994200D91E1CB6B29B1B9CB2D37808
:1041E80080211800451EA841C900314340030843F7
:1041F80001214B40D37053789482002B32D111693E
:10420800002E2AD06346D4689B01E418731E0193DC
:10421800062B32D923000B439B072ED1631A013B8F
:10422800022B2AD90023B708BF00CD58E550043324
:10423800BB42FAD19E420ED0019DE418EF1ACD1868
:10424800C95C21700199994205D06B786370012F80
:1042580001D0AB78A3701169948A802389191B0255
:1042680011611843002C02D18023DB0118436346F7
:10427800002B00D0000403B0F0BD0023CD5CE55452
:1042880001339E42FAD1E6E78368F0B51A6800293F
:1042980000D0120C43789205950D002B09D1C38AE2
:1042A800EB18C382038BAB4201D900238382280019
:1042B800F0BD0469002D28D0C36889016F1EBC4673
:1042C8005E18062F27D901315B18E31A022B22D971
:1042D800230033439B071ED10023120E9200F1588E
:1042E800E15004339A42FAD195420DD063469F1AA1
:1042F800A318B45CB1181C70944505D04A785A705C
:10430800012F01D08A789A700469C38A6419EB185E
:10431800C3820461C6E70022B35CA354013295420C
:10432800FAD10469F1E7C04610B50400836800219A
:104338001B68FFF7A9FF63681B685B0002D5238B26
:10434800834200D010BD01212000FFF79DFFF9E74F
:10435800084B1A6C0023920703D48278D209012AE9
:1043680001D018007047C37E023B5A425341DBB26A
:10437800F7E7C0460000115010B5FFF7E9FF002825
:104388000AD0064B064A9B6A064912685B189B1AB4
:104398000020C6229A42404110BDC0460040054058
:1043A8009C2C0020E0FCFFFF00238376436103611F
:1043B8007047C04610B58368002901D01C682140A9
:1043C800002A12D08024E400114322420DD01A683A
:1043D80022420CD1084A0A401A60084A126C920715
:1043E80003D40C23033BFDD28368196010BD817888
:1043F800034800F071F9C046FFFBFFFF00001150B1
:10440800B4990110436870B50021802504001E6826
:10441800FFF7D8FE124B6D011A6C0543A37892077B
:104428000ED55B060ED00F4B1E4080239B053343F1
:1044380062680021136020002A00FFF7BBFF70BDEF
:10444800DB09F0D0A38A002BEDD001212000FFF773
:10445800B9FEA023044ADB05324005431343E7E7CE
:1044680000001150FFFFFFAFFFFFFFDF70B5857E33
:104478000400002D14D0FFF757FFA38A002B01D1A9
:10448800280070BD2000FFF777FF002803D0012324
:1044980000252377F4E72000FFF7B4FF0025EFE7B6
:1044A8008178014800F018F9D4990110F0B5474611
:1044B800CE4680B5437805000F0085B0062B07D897
:1044C800694A9B00D3589F46684A13780133137092
:1044D800674B1C686269EFF3108172B61368002B92
:1044E800FCD0BFF35F8FA1612000290000F0CCF859
:1044F8006269A369BFF35F8F0021116083F310889D
:10450800002804D105B0C0BCB946B046F0BD3A0099
:104518006978287800F0F0F8F4E70121554B1A780B
:104528008A431A701A7801318A431A7000225A7025
:104538001A7802318A431A70CAE74F494F4B8846A6
:104548004F491E001A7800240023894612E04B4682
:104558001B6861015B18002B06D0DB69002B03D0B8
:1045680069682878984732780134E4B2511C2300EE
:10457800A14217DBA242EAD89B1A5B014344ECE74D
:104588003C4B1A78D207BDD504211A780A431A7011
:104598009EE7384B1A78D207B4D504211A788A4393
:1045A8001A7095E7334A1378904611005B0728D5AF
:1045B8001378042201AC93430B70200000210832C9
:1045C80000F06AF82B78237005236370284B1B686A
:1045D80018005A69EFF3108172B61368002BFCD0EB
:1045E800BFF35F8F06008161210000F04DF872690A
:1045F800B369BFF35F8F0021116083F3108800282F
:104608002CD14346DB78DB0700D47BE72B7801AC61
:104618002370032363706B686360154B1D686A69B8
:10462800EFF3108172B61368002BFCD0BFF35F8FD5
:10463800A9612800210000F027F86A69AB69BFF377
:104648005F8F0021116083F31088002800D159E79B
:104658003A006178207800F04FF853E73A00617823
:10466800207800F049F8CCE768BC01106089002088
:1046780050170020F816002084BC01105E89002025
:10468800101600207047C04601B40248844601BC99
:10469800604700BFC979001001B40248844601BCD4
:1046A800604700BFE138001001B40248844601BCED
:1046B800604700BF6D2A001001B40248844601BC5F
:1046C800604700BF4929001001B40248844601BC74
:1046D800604700BF1119001001B40248844601BCAC
:1046E800604700BF1D19001001B40248844601BC90
:1046F800604700BF3138001001B40248844601BC4D
:10470800604700BF995F0010FFFFFFFF1000000027
:104718000000000000000100000000000000000090
:10472800000002000000000000000000000003007C
:1047380000000000000000000000FF000000000072
:1047480001B5486801318E4600477046093801496D
:10475800884701BDA91F00100000000000000000EC
:10476800000000000000000000000000801300208E
:10477800503300004C330000543300005233000023
:104788004D5300004D4300005334000043340000F3
:1047980029570010DD56001051560010C955001059
:1047A80000000000000100005417002010000C0059
:1047B80000000000000000000000000000000000F1
:1047C80000000000FF000000000000005D7C0010F9
:1047D80000000000000000000000000000000000D1
:1047E80000000000657C00100000000000000000D0
:1047F8006E19000000C000C05858000000000000FA
:10480800D17101100000000000000000000000004D
:1048180000000000357101100000000000000000D9
:1048280000000000000000000080044000000000BC
:1048380000400440000000000000000000000000EC
:04000005100001E9FD
:00000001FF
